sample_idx,event_name,split,input_start_utc,target_end_utc,target_mean_frp,target_max_frp
0,monchique_2018,train,2018-08-04T00:00:00.000000000,2018-08-06T11:00:00.000000000,5882.42529296875,22910.69921875
1,monchique_2018,train,2018-08-04T01:00:00.000000000,2018-08-06T12:00:00.000000000,4241.27490234375,14063.900390625
2,monchique_2018,train,2018-08-04T02:00:00.000000000,2018-08-06T13:00:00.000000000,3803.099853515625,12028.599609375
3,monchique_2018,train,2018-08-04T03:00:00.000000000,2018-08-06T14:00:00.000000000,3234.116943359375,8805.7998046875
4,monchique_2018,train,2018-08-04T04:00:00.000000000,2018-08-06T15:00:00.000000000,3578.391845703125,11849.0
5,monchique_2018,train,2018-08-04T05:00:00.000000000,2018-08-06T16:00:00.000000000,4045.474853515625,11849.0
6,monchique_2018,train,2018-08-04T06:00:00.000000000,2018-08-06T17:00:00.000000000,4648.49169921875,11849.0
7,monchique_2018,train,2018-08-04T07:00:00.000000000,2018-08-06T18:00:00.000000000,5896.60888671875,17375.900390625
8,monchique_2018,train,2018-08-04T08:00:00.000000000,2018-08-06T19:00:00.000000000,6836.26708984375,17375.900390625
9,monchique_2018,train,2018-08-04T09:00:00.000000000,2018-08-06T20:00:00.000000000,7652.09130859375,17375.900390625
10,monchique_2018,train,2018-08-04T10:00:00.000000000,2018-08-06T21:00:00.000000000,8543.5078125,17375.900390625
11,monchique_2018,train,2018-08-04T11:00:00.000000000,2018-08-06T22:00:00.000000000,9700.416015625,17375.900390625
12,monchique_2018,train,2018-08-04T12:00:00.000000000,2018-08-06T23:00:00.000000000,11040.3583984375,17375.900390625
13,monchique_2018,train,2018-08-04T13:00:00.000000000,2018-08-07T00:00:00.000000000,12343.9658203125,18860.19921875
14,monchique_2018,train,2018-08-04T14:00:00.000000000,2018-08-07T01:00:00.000000000,12533.7763671875,18860.19921875
15,monchique_2018,train,2018-08-04T15:00:00.000000000,2018-08-07T02:00:00.000000000,13540.1494140625,18860.19921875
16,monchique_2018,train,2018-08-04T16:00:00.000000000,2018-08-07T03:00:00.000000000,14072.1494140625,18860.19921875
17,monchique_2018,train,2018-08-04T17:00:00.000000000,2018-08-07T04:00:00.000000000,14319.6669921875,18860.19921875
18,monchique_2018,train,2018-08-04T18:00:00.000000000,2018-08-07T05:00:00.000000000,14238.7744140625,18860.19921875
19,monchique_2018,train,2018-08-04T19:00:00.000000000,2018-08-07T06:00:00.000000000,13596.8916015625,18860.19921875
20,monchique_2018,train,2018-08-04T20:00:00.000000000,2018-08-07T07:00:00.000000000,13759.2666015625,18860.19921875
21,monchique_2018,train,2018-08-04T21:00:00.000000000,2018-08-07T08:00:00.000000000,14041.6083984375,18860.19921875
22,monchique_2018,train,2018-08-04T22:00:00.000000000,2018-08-07T09:00:00.000000000,13786.0263671875,18860.19921875
23,monchique_2018,train,2018-08-04T23:00:00.000000000,2018-08-07T10:00:00.000000000,13048.9091796875,18860.19921875
24,monchique_2018,train,2018-08-05T00:00:00.000000000,2018-08-07T11:00:00.000000000,12248.41796875,18860.19921875
25,monchique_2018,train,2018-08-05T01:00:00.000000000,2018-08-07T12:00:00.000000000,11759.5078125,18233.0
26,monchique_2018,train,2018-08-05T02:00:00.000000000,2018-08-07T13:00:00.000000000,12345.7080078125,18233.0
27,monchique_2018,train,2018-08-05T03:00:00.000000000,2018-08-07T14:00:00.000000000,12300.7412109375,18233.0
28,monchique_2018,train,2018-08-05T04:00:00.000000000,2018-08-07T15:00:00.000000000,12375.1572265625,19126.0
29,monchique_2018,train,2018-08-05T05:00:00.000000000,2018-08-07T16:00:00.000000000,12986.0,21310.5
30,monchique_2018,train,2018-08-05T06:00:00.000000000,2018-08-07T17:00:00.000000000,13558.7080078125,21310.5
31,monchique_2018,train,2018-08-05T07:00:00.000000000,2018-08-07T18:00:00.000000000,14057.8076171875,21310.5
32,monchique_2018,train,2018-08-05T08:00:00.000000000,2018-08-07T19:00:00.000000000,13746.8994140625,21310.5
33,monchique_2018,train,2018-08-05T09:00:00.000000000,2018-08-07T20:00:00.000000000,13304.6591796875,21310.5
34,monchique_2018,train,2018-08-05T10:00:00.000000000,2018-08-07T21:00:00.000000000,13293.6591796875,21310.5
35,monchique_2018,train,2018-08-05T11:00:00.000000000,2018-08-07T22:00:00.000000000,13411.5263671875,21310.5
36,monchique_2018,train,2018-08-05T12:00:00.000000000,2018-08-07T23:00:00.000000000,13161.4501953125,21310.5
37,monchique_2018,train,2018-08-05T13:00:00.000000000,2018-08-08T00:00:00.000000000,12384.3837890625,21310.5
38,monchique_2018,train,2018-08-05T14:00:00.000000000,2018-08-08T01:00:00.000000000,11250.5322265625,21310.5
39,monchique_2018,train,2018-08-05T15:00:00.000000000,2018-08-08T02:00:00.000000000,10251.841796875,21310.5
40,monchique_2018,train,2018-08-05T16:00:00.000000000,2018-08-08T03:00:00.000000000,8885.900390625,21310.5
41,monchique_2018,train,2018-08-05T17:00:00.000000000,2018-08-08T04:00:00.000000000,7272.333984375,17172.099609375
42,monchique_2018,train,2018-08-05T18:00:00.000000000,2018-08-08T05:00:00.000000000,6063.98388671875,15662.5
43,monchique_2018,train,2018-08-05T19:00:00.000000000,2018-08-08T06:00:00.000000000,4856.9248046875,9756.0
44,monchique_2018,train,2018-08-05T20:00:00.000000000,2018-08-08T07:00:00.000000000,4125.85009765625,7871.10009765625
45,monchique_2018,train,2018-08-05T21:00:00.000000000,2018-08-08T08:00:00.000000000,3630.300048828125,7845.89990234375
46,monchique_2018,train,2018-08-05T22:00:00.000000000,2018-08-08T09:00:00.000000000,3042.608642578125,6886.39990234375
47,monchique_2018,train,2018-08-05T23:00:00.000000000,2018-08-08T10:00:00.000000000,2498.208251953125,4753.39990234375
48,monchique_2018,train,2018-08-06T00:00:00.000000000,2018-08-08T11:00:00.000000000,2135.77490234375,4753.39990234375
49,monchique_2018,train,2018-08-06T01:00:00.000000000,2018-08-08T12:00:00.000000000,2013.125,4753.39990234375
50,monchique_2018,train,2018-08-06T02:00:00.000000000,2018-08-08T13:00:00.000000000,2164.574951171875,6329.10009765625
51,monchique_2018,train,2018-08-06T03:00:00.000000000,2018-08-08T14:00:00.000000000,3247.908203125,17753.400390625
52,monchique_2018,train,2018-08-06T04:00:00.000000000,2018-08-08T15:00:00.000000000,5925.275390625,34863.1015625
53,monchique_2018,train,2018-08-06T05:00:00.000000000,2018-08-08T16:00:00.000000000,8808.93359375,36551.6015625
54,monchique_2018,train,2018-08-06T06:00:00.000000000,2018-08-08T17:00:00.000000000,11284.5263671875,36551.6015625
55,monchique_2018,train,2018-08-06T07:00:00.000000000,2018-08-08T18:00:00.000000000,12239.1083984375,36551.6015625
56,monchique_2018,train,2018-08-06T08:00:00.000000000,2018-08-08T19:00:00.000000000,12566.0419921875,36551.6015625
57,monchique_2018,train,2018-08-06T09:00:00.000000000,2018-08-08T20:00:00.000000000,12695.2666015625,36551.6015625
58,monchique_2018,train,2018-08-06T10:00:00.000000000,2018-08-08T21:00:00.000000000,12720.6923828125,36551.6015625
59,monchique_2018,train,2018-08-06T11:00:00.000000000,2018-08-08T22:00:00.000000000,12728.3994140625,36551.6015625
60,monchique_2018,train,2018-08-06T12:00:00.000000000,2018-08-08T23:00:00.000000000,12721.9248046875,36551.6015625
61,monchique_2018,train,2018-08-06T13:00:00.000000000,2018-08-09T00:00:00.000000000,12538.8662109375,36551.6015625
62,monchique_2018,train,2018-08-06T14:00:00.000000000,2018-08-09T01:00:00.000000000,12022.5732421875,36551.6015625
63,monchique_2018,train,2018-08-06T15:00:00.000000000,2018-08-09T02:00:00.000000000,10543.125,36551.6015625
64,monchique_2018,train,2018-08-06T16:00:00.000000000,2018-08-09T03:00:00.000000000,7637.8671875,36551.6015625
65,monchique_2018,train,2018-08-06T17:00:00.000000000,2018-08-09T04:00:00.000000000,4591.89990234375,32379.0
66,monchique_2018,train,2018-08-06T18:00:00.000000000,2018-08-09T05:00:00.000000000,1893.6500244140625,12632.7998046875
67,monchique_2018,train,2018-08-06T19:00:00.000000000,2018-08-09T06:00:00.000000000,840.9166870117188,4906.2998046875
68,monchique_2018,train,2018-08-06T20:00:00.000000000,2018-08-09T07:00:00.000000000,432.058349609375,3475.199951171875
69,monchique_2018,train,2018-08-06T21:00:00.000000000,2018-08-09T08:00:00.000000000,142.4583282470703,1098.699951171875
70,monchique_2018,train,2018-08-06T22:00:00.000000000,2018-08-09T09:00:00.000000000,50.90000534057617,446.1000061035156
71,monchique_2018,train,2018-08-06T23:00:00.000000000,2018-08-09T10:00:00.000000000,13.725001335144043,133.60000610351562
72,monchique_2018,train,2018-08-07T00:00:00.000000000,2018-08-09T11:00:00.000000000,11.133334159851074,133.60000610351562
73,monchique_2018,train,2018-08-07T01:00:00.000000000,2018-08-09T12:00:00.000000000,11.133334159851074,133.60000610351562
74,monchique_2018,train,2018-08-07T02:00:00.000000000,2018-08-09T13:00:00.000000000,6.558332920074463,78.69999694824219
75,monchique_2018,train,2018-08-07T03:00:00.000000000,2018-08-09T14:00:00.000000000,6.558332920074463,78.69999694824219
76,monchique_2018,train,2018-08-07T04:00:00.000000000,2018-08-09T15:00:00.000000000,26.79166603088379,242.8000030517578
77,monchique_2018,train,2018-08-07T05:00:00.000000000,2018-08-09T16:00:00.000000000,26.79166603088379,242.8000030517578
78,monchique_2018,train,2018-08-07T06:00:00.000000000,2018-08-09T17:00:00.000000000,26.79166603088379,242.8000030517578
79,monchique_2018,train,2018-08-07T07:00:00.000000000,2018-08-09T18:00:00.000000000,26.79166603088379,242.8000030517578
80,monchique_2018,train,2018-08-07T08:00:00.000000000,2018-08-09T19:00:00.000000000,26.79166603088379,242.8000030517578
81,monchique_2018,train,2018-08-07T09:00:00.000000000,2018-08-09T20:00:00.000000000,26.79166603088379,242.8000030517578
82,monchique_2018,train,2018-08-07T10:00:00.000000000,2018-08-09T21:00:00.000000000,26.79166603088379,242.8000030517578
83,monchique_2018,train,2018-08-07T11:00:00.000000000,2018-08-09T22:00:00.000000000,26.79166603088379,242.8000030517578
84,monchique_2018,train,2018-08-07T12:00:00.000000000,2018-08-09T23:00:00.000000000,26.79166603088379,242.8000030517578
85,monchique_2018,train,2018-08-07T13:00:00.000000000,2018-08-10T00:00:00.000000000,26.79166603088379,242.8000030517578
86,monchique_2018,train,2018-08-07T14:00:00.000000000,2018-08-10T01:00:00.000000000,20.233333587646484,242.8000030517578
87,monchique_2018,train,2018-08-07T15:00:00.000000000,2018-08-10T02:00:00.000000000,20.233333587646484,242.8000030517578
88,monchique_2018,train,2018-08-07T16:00:00.000000000,2018-08-10T03:00:00.000000000,0.0,0.0
89,monchique_2018,train,2018-08-07T17:00:00.000000000,2018-08-10T04:00:00.000000000,0.0,0.0
90,monchique_2018,train,2018-08-07T18:00:00.000000000,2018-08-10T05:00:00.000000000,0.0,0.0
91,monchique_2018,train,2018-08-07T19:00:00.000000000,2018-08-10T06:00:00.000000000,0.0,0.0
92,monchique_2018,train,2018-08-07T20:00:00.000000000,2018-08-10T07:00:00.000000000,0.0,0.0
93,monchique_2018,train,2018-08-07T21:00:00.000000000,2018-08-10T08:00:00.000000000,0.0,0.0
94,monchique_2018,train,2018-08-07T22:00:00.000000000,2018-08-10T09:00:00.000000000,0.0,0.0
95,monchique_2018,train,2018-08-07T23:00:00.000000000,2018-08-10T10:00:00.000000000,0.0,0.0
96,monchique_2018,train,2018-08-08T00:00:00.000000000,2018-08-10T11:00:00.000000000,0.0,0.0
97,monchique_2018,train,2018-08-08T01:00:00.000000000,2018-08-10T12:00:00.000000000,0.0,0.0
98,monchique_2018,train,2018-08-08T02:00:00.000000000,2018-08-10T13:00:00.000000000,6.883333206176758,82.5999984741211
99,monchique_2018,train,2018-08-08T03:00:00.000000000,2018-08-10T14:00:00.000000000,13.050000190734863,82.5999984741211
100,monchique_2018,train,2018-08-08T04:00:00.000000000,2018-08-10T15:00:00.000000000,13.050000190734863,82.5999984741211
101,monchique_2018,train,2018-08-08T05:00:00.000000000,2018-08-10T16:00:00.000000000,13.050000190734863,82.5999984741211
102,monchique_2018,train,2018-08-08T06:00:00.000000000,2018-08-10T17:00:00.000000000,13.050000190734863,82.5999984741211
103,monchique_2018,train,2018-08-08T07:00:00.000000000,2018-08-10T18:00:00.000000000,13.050000190734863,82.5999984741211
104,monchique_2018,train,2018-08-08T08:00:00.000000000,2018-08-10T19:00:00.000000000,13.050000190734863,82.5999984741211
105,monchique_2018,train,2018-08-08T09:00:00.000000000,2018-08-10T20:00:00.000000000,13.050000190734863,82.5999984741211
106,monchique_2018,train,2018-08-08T10:00:00.000000000,2018-08-10T21:00:00.000000000,13.050000190734863,82.5999984741211
107,monchique_2018,train,2018-08-08T11:00:00.000000000,2018-08-10T22:00:00.000000000,13.050000190734863,82.5999984741211
108,monchique_2018,train,2018-08-08T12:00:00.000000000,2018-08-10T23:00:00.000000000,13.050000190734863,82.5999984741211
109,monchique_2018,train,2018-08-08T13:00:00.000000000,2018-08-11T00:00:00.000000000,13.050000190734863,82.5999984741211
110,monchique_2018,train,2018-08-08T14:00:00.000000000,2018-08-11T01:00:00.000000000,6.166666507720947,74.0
111,monchique_2018,train,2018-08-08T15:00:00.000000000,2018-08-11T02:00:00.000000000,0.0,0.0
112,monchique_2018,train,2018-08-08T16:00:00.000000000,2018-08-11T03:00:00.000000000,0.0,0.0
113,monchique_2018,train,2018-08-08T17:00:00.000000000,2018-08-11T04:00:00.000000000,0.0,0.0
114,monchique_2018,train,2018-08-08T18:00:00.000000000,2018-08-11T05:00:00.000000000,0.0,0.0
115,monchique_2018,train,2018-08-08T19:00:00.000000000,2018-08-11T06:00:00.000000000,0.0,0.0
116,monchique_2018,train,2018-08-08T20:00:00.000000000,2018-08-11T07:00:00.000000000,0.0,0.0
117,monchique_2018,train,2018-08-08T21:00:00.000000000,2018-08-11T08:00:00.000000000,0.0,0.0
118,monchique_2018,train,2018-08-08T22:00:00.000000000,2018-08-11T09:00:00.000000000,0.0,0.0
119,monchique_2018,train,2018-08-08T23:00:00.000000000,2018-08-11T10:00:00.000000000,0.0,0.0
120,monchique_2018,train,2018-08-09T00:00:00.000000000,2018-08-11T11:00:00.000000000,0.0,0.0
121,monchique_2018,train,2018-08-09T01:00:00.000000000,2018-08-11T12:00:00.000000000,0.0,0.0
122,monchique_2018,train,2018-08-09T02:00:00.000000000,2018-08-11T13:00:00.000000000,0.0,0.0
123,monchique_2018,train,2018-08-09T03:00:00.000000000,2018-08-11T14:00:00.000000000,0.0,0.0
124,monchique_2018,train,2018-08-09T04:00:00.000000000,2018-08-11T15:00:00.000000000,0.0,0.0
125,monchique_2018,train,2018-08-09T05:00:00.000000000,2018-08-11T16:00:00.000000000,0.0,0.0
126,monchique_2018,train,2018-08-09T06:00:00.000000000,2018-08-11T17:00:00.000000000,0.0,0.0
127,monchique_2018,train,2018-08-09T07:00:00.000000000,2018-08-11T18:00:00.000000000,0.0,0.0
128,monchique_2018,train,2018-08-09T08:00:00.000000000,2018-08-11T19:00:00.000000000,0.0,0.0
129,monchique_2018,train,2018-08-09T09:00:00.000000000,2018-08-11T20:00:00.000000000,0.0,0.0
130,monchique_2018,train,2018-08-09T10:00:00.000000000,2018-08-11T21:00:00.000000000,0.0,0.0
131,monchique_2018,train,2018-08-09T11:00:00.000000000,2018-08-11T22:00:00.000000000,0.0,0.0
132,monchique_2018,train,2018-08-09T12:00:00.000000000,2018-08-11T23:00:00.000000000,0.0,0.0
133,huelva_2020,train,2020-08-25T00:00:00.000000000,2020-08-28T01:00:00.000000000,10205.1083984375,22081.900390625
134,huelva_2020,train,2020-08-25T01:00:00.000000000,2020-08-28T02:00:00.000000000,9346.1572265625,22081.900390625
135,huelva_2020,train,2020-08-25T02:00:00.000000000,2020-08-28T03:00:00.000000000,8588.525390625,22081.900390625
136,huelva_2020,train,2020-08-25T03:00:00.000000000,2020-08-28T04:00:00.000000000,7574.775390625,22081.900390625
137,huelva_2020,train,2020-08-25T04:00:00.000000000,2020-08-28T05:00:00.000000000,5739.89208984375,20313.099609375
138,huelva_2020,train,2020-08-25T05:00:00.000000000,2020-08-28T06:00:00.000000000,4047.133056640625,13204.599609375
139,huelva_2020,train,2020-08-25T06:00:00.000000000,2020-08-28T07:00:00.000000000,3120.0,13204.599609375
140,huelva_2020,train,2020-08-25T07:00:00.000000000,2020-08-28T08:00:00.000000000,2517.191650390625,13204.599609375
141,huelva_2020,train,2020-08-25T09:00:00.000000000,2020-08-28T09:00:00.000000000,1458.0665283203125,7129.2998046875
142,huelva_2020,train,2020-08-25T11:00:00.000000000,2020-08-28T10:00:00.000000000,929.0167846679688,3654.300048828125
143,huelva_2020,train,2020-08-25T13:00:00.000000000,2020-08-28T11:00:00.000000000,624.49169921875,2429.89990234375
144,huelva_2020,train,2020-08-25T15:00:00.000000000,2020-08-28T12:00:00.000000000,422.0,1506.0999755859375
145,huelva_2020,train,2020-08-25T17:00:00.000000000,2020-08-28T13:00:00.000000000,777.50830078125,5772.2001953125
146,huelva_2020,train,2020-08-25T18:00:00.000000000,2020-08-28T14:00:00.000000000,1930.4833984375,14684.2001953125
147,huelva_2020,train,2020-08-25T19:00:00.000000000,2020-08-28T15:00:00.000000000,3378.225341796875,18023.900390625
148,huelva_2020,train,2020-08-25T21:00:00.000000000,2020-08-28T16:00:00.000000000,4979.466796875,19665.599609375
149,huelva_2020,train,2020-08-25T22:00:00.000000000,2020-08-28T17:00:00.000000000,6322.85009765625,19665.599609375
150,huelva_2020,train,2020-08-26T00:00:00.000000000,2020-08-28T18:00:00.000000000,7490.45068359375,19665.599609375
151,huelva_2020,train,2020-08-26T01:00:00.000000000,2020-08-28T19:00:00.000000000,8480.0,19665.599609375
152,huelva_2020,train,2020-08-26T04:00:00.000000000,2020-08-28T20:00:00.000000000,9404.5673828125,19665.599609375
153,huelva_2020,train,2020-08-26T05:00:00.000000000,2020-08-28T21:00:00.000000000,10506.9580078125,19665.599609375
154,huelva_2020,train,2020-08-26T07:00:00.000000000,2020-08-28T22:00:00.000000000,11323.6328125,19665.599609375
155,huelva_2020,train,2020-08-26T08:00:00.000000000,2020-08-28T23:00:00.000000000,11831.8583984375,19665.599609375
156,huelva_2020,train,2020-08-26T09:00:00.000000000,2020-08-29T00:00:00.000000000,12453.1162109375,19665.599609375
157,huelva_2020,train,2020-08-26T14:00:00.000000000,2020-08-29T01:00:00.000000000,12245.2578125,19665.599609375
158,huelva_2020,train,2020-08-26T15:00:00.000000000,2020-08-29T02:00:00.000000000,11263.359375,19665.599609375
159,huelva_2020,train,2020-08-26T16:00:00.000000000,2020-08-29T03:00:00.000000000,9966.6162109375,19665.599609375
160,huelva_2020,train,2020-08-26T17:00:00.000000000,2020-08-29T04:00:00.000000000,8500.7412109375,16183.900390625
161,huelva_2020,train,2020-08-26T18:00:00.000000000,2020-08-29T05:00:00.000000000,7243.93359375,14011.2001953125
162,huelva_2020,train,2020-08-26T19:00:00.000000000,2020-08-29T06:00:00.000000000,6160.93408203125,13723.7998046875
163,huelva_2020,train,2020-08-26T20:00:00.000000000,2020-08-29T07:00:00.000000000,5292.24169921875,13723.7998046875
164,huelva_2020,train,2020-08-26T21:00:00.000000000,2020-08-29T08:00:00.000000000,4508.90771484375,13723.7998046875
165,huelva_2020,train,2020-08-26T22:00:00.000000000,2020-08-29T09:00:00.000000000,3480.466552734375,10580.7998046875
166,huelva_2020,train,2020-08-26T23:00:00.000000000,2020-08-29T10:00:00.000000000,2849.2666015625,7455.10009765625
167,huelva_2020,train,2020-08-27T00:00:00.000000000,2020-08-29T11:00:00.000000000,2714.291748046875,7455.10009765625
168,huelva_2020,train,2020-08-27T01:00:00.000000000,2020-08-29T12:00:00.000000000,2980.349853515625,10647.7998046875
169,huelva_2020,train,2020-08-27T02:00:00.000000000,2020-08-29T13:00:00.000000000,3889.641845703125,14189.400390625
170,huelva_2020,train,2020-08-27T03:00:00.000000000,2020-08-29T14:00:00.000000000,4847.52490234375,14396.0
171,huelva_2020,train,2020-08-27T04:00:00.000000000,2020-08-29T15:00:00.000000000,6080.34228515625,17256.80078125
172,huelva_2020,train,2020-08-27T05:00:00.000000000,2020-08-29T16:00:00.000000000,7543.783203125,19636.400390625
173,huelva_2020,train,2020-08-27T06:00:00.000000000,2020-08-29T17:00:00.000000000,9305.4248046875,22241.900390625
174,huelva_2020,train,2020-08-27T07:00:00.000000000,2020-08-29T18:00:00.000000000,10994.06640625,22241.900390625
175,huelva_2020,train,2020-08-27T08:00:00.000000000,2020-08-29T19:00:00.000000000,11931.8076171875,22241.900390625
176,huelva_2020,train,2020-08-27T09:00:00.000000000,2020-08-29T20:00:00.000000000,11991.4248046875,22241.900390625
177,huelva_2020,train,2020-08-27T10:00:00.000000000,2020-08-29T21:00:00.000000000,12088.29296875,22241.900390625
178,huelva_2020,train,2020-08-27T11:00:00.000000000,2020-08-29T22:00:00.000000000,11917.8505859375,22241.900390625
179,huelva_2020,train,2020-08-27T12:00:00.000000000,2020-08-29T23:00:00.000000000,11550.9580078125,22241.900390625
180,huelva_2020,train,2020-08-27T13:00:00.000000000,2020-08-30T00:00:00.000000000,10741.0498046875,22241.900390625
181,huelva_2020,train,2020-08-27T14:00:00.000000000,2020-08-30T01:00:00.000000000,9620.0830078125,22241.900390625
182,huelva_2020,train,2020-08-27T15:00:00.000000000,2020-08-30T02:00:00.000000000,8427.1328125,22241.900390625
183,huelva_2020,train,2020-08-27T16:00:00.000000000,2020-08-30T03:00:00.000000000,7027.29931640625,22241.900390625
184,huelva_2020,train,2020-08-27T17:00:00.000000000,2020-08-30T04:00:00.000000000,5401.5419921875,22241.900390625
185,huelva_2020,train,2020-08-27T18:00:00.000000000,2020-08-30T05:00:00.000000000,3636.3505859375,21278.900390625
186,huelva_2020,train,2020-08-27T19:00:00.000000000,2020-08-30T06:00:00.000000000,1903.5084228515625,12747.099609375
187,huelva_2020,train,2020-08-27T20:00:00.000000000,2020-08-30T07:00:00.000000000,877.1748657226562,2634.89990234375
188,huelva_2020,train,2020-08-27T21:00:00.000000000,2020-08-30T08:00:00.000000000,777.9833374023438,2544.89990234375
189,huelva_2020,train,2020-08-27T22:00:00.000000000,2020-08-30T09:00:00.000000000,819.25,3040.10009765625
190,huelva_2020,train,2020-08-27T23:00:00.000000000,2020-08-30T10:00:00.000000000,1571.6832275390625,9990.2998046875
191,huelva_2020,train,2020-08-28T00:00:00.000000000,2020-08-30T11:00:00.000000000,2169.074951171875,9990.2998046875
192,huelva_2020,train,2020-08-28T01:00:00.000000000,2020-08-30T12:00:00.000000000,2633.083251953125,9990.2998046875
193,huelva_2020,train,2020-08-28T02:00:00.000000000,2020-08-30T13:00:00.000000000,3229.6748046875,9990.2998046875
194,huelva_2020,train,2020-08-28T03:00:00.000000000,2020-08-30T14:00:00.000000000,4271.58349609375,12583.5
195,huelva_2020,train,2020-08-28T04:00:00.000000000,2020-08-30T15:00:00.000000000,4961.091796875,12583.5
196,huelva_2020,train,2020-08-28T05:00:00.000000000,2020-08-30T16:00:00.000000000,5730.33349609375,12583.5
197,huelva_2020,train,2020-08-28T06:00:00.000000000,2020-08-30T17:00:00.000000000,6582.44189453125,12583.5
198,huelva_2020,train,2020-08-28T07:00:00.000000000,2020-08-30T18:00:00.000000000,6929.533203125,12583.5
199,huelva_2020,train,2020-08-28T08:00:00.000000000,2020-08-30T19:00:00.000000000,7180.82470703125,12583.5
200,huelva_2020,train,2020-08-28T09:00:00.000000000,2020-08-30T20:00:00.000000000,7311.599609375,12583.5
201,huelva_2020,train,2020-08-28T10:00:00.000000000,2020-08-30T21:00:00.000000000,7128.69970703125,12583.5
202,huelva_2020,train,2020-08-28T11:00:00.000000000,2020-08-30T22:00:00.000000000,6344.62451171875,12583.5
203,huelva_2020,train,2020-08-28T12:00:00.000000000,2020-08-30T23:00:00.000000000,5760.58349609375,12583.5
204,huelva_2020,train,2020-08-28T13:00:00.000000000,2020-08-31T00:00:00.000000000,5229.35009765625,12583.5
205,huelva_2020,train,2020-08-28T14:00:00.000000000,2020-08-31T01:00:00.000000000,4594.283203125,12583.5
206,huelva_2020,train,2020-08-28T15:00:00.000000000,2020-08-31T02:00:00.000000000,3573.116943359375,11284.900390625
207,huelva_2020,train,2020-08-28T16:00:00.000000000,2020-08-31T03:00:00.000000000,2862.592041015625,11284.900390625
208,huelva_2020,train,2020-08-28T17:00:00.000000000,2020-08-31T04:00:00.000000000,2093.583251953125,11284.900390625
209,huelva_2020,train,2020-08-28T18:00:00.000000000,2020-08-31T05:00:00.000000000,1161.9166259765625,4649.89990234375
210,huelva_2020,train,2020-08-28T19:00:00.000000000,2020-08-31T06:00:00.000000000,774.4249877929688,3446.60009765625
211,huelva_2020,train,2020-08-28T20:00:00.000000000,2020-08-31T07:00:00.000000000,487.2083435058594,3013.89990234375
212,huelva_2020,train,2020-08-28T21:00:00.000000000,2020-08-31T08:00:00.000000000,239.3583221435547,845.2999877929688
213,huelva_2020,train,2020-08-28T22:00:00.000000000,2020-08-31T09:00:00.000000000,168.91665649414062,581.4000244140625
214,huelva_2020,train,2020-08-28T23:00:00.000000000,2020-08-31T10:00:00.000000000,120.46666717529297,329.5
215,huelva_2020,train,2020-08-29T00:00:00.000000000,2020-08-31T11:00:00.000000000,100.7583236694336,329.5
216,huelva_2020,train,2020-08-29T01:00:00.000000000,2020-08-31T12:00:00.000000000,90.57500457763672,329.5
217,huelva_2020,train,2020-08-29T02:00:00.000000000,2020-08-31T13:00:00.000000000,67.56666564941406,329.5
218,huelva_2020,train,2020-08-29T03:00:00.000000000,2020-08-31T14:00:00.000000000,69.0999984741211,347.8999938964844
219,huelva_2020,train,2020-08-29T04:00:00.000000000,2020-08-31T15:00:00.000000000,64.66666412353516,347.8999938964844
220,huelva_2020,train,2020-08-29T05:00:00.000000000,2020-08-31T16:00:00.000000000,53.82500076293945,347.8999938964844
221,huelva_2020,train,2020-08-29T06:00:00.000000000,2020-08-31T17:00:00.000000000,45.08333206176758,347.8999938964844
222,huelva_2020,train,2020-08-29T07:00:00.000000000,2020-08-31T18:00:00.000000000,45.08333206176758,347.8999938964844
223,huelva_2020,train,2020-08-29T08:00:00.000000000,2020-08-31T19:00:00.000000000,45.08333206176758,347.8999938964844
224,huelva_2020,train,2020-08-29T09:00:00.000000000,2020-08-31T20:00:00.000000000,41.77499771118164,347.8999938964844
225,huelva_2020,train,2020-08-29T10:00:00.000000000,2020-08-31T21:00:00.000000000,41.77499771118164,347.8999938964844
226,huelva_2020,train,2020-08-29T11:00:00.000000000,2020-08-31T22:00:00.000000000,41.77499771118164,347.8999938964844
227,huelva_2020,train,2020-08-29T12:00:00.000000000,2020-08-31T23:00:00.000000000,41.77499771118164,347.8999938964844
228,huelva_2020,train,2020-08-29T13:00:00.000000000,2020-09-01T00:00:00.000000000,41.77499771118164,347.8999938964844
229,huelva_2020,train,2020-08-29T14:00:00.000000000,2020-09-01T01:00:00.000000000,41.77499771118164,347.8999938964844
230,huelva_2020,train,2020-08-29T15:00:00.000000000,2020-09-01T02:00:00.000000000,12.783332824707031,153.39999389648438
231,huelva_2020,train,2020-08-29T16:00:00.000000000,2020-09-01T03:00:00.000000000,0.0,0.0
232,huelva_2020,train,2020-08-29T17:00:00.000000000,2020-09-01T04:00:00.000000000,0.0,0.0
233,huelva_2020,train,2020-08-29T18:00:00.000000000,2020-09-01T05:00:00.000000000,0.0,0.0
234,huelva_2020,train,2020-08-29T19:00:00.000000000,2020-09-01T06:00:00.000000000,0.0,0.0
235,huelva_2020,train,2020-08-29T20:00:00.000000000,2020-09-01T07:00:00.000000000,0.0,0.0
236,huelva_2020,train,2020-08-29T21:00:00.000000000,2020-09-01T08:00:00.000000000,0.0,0.0
237,huelva_2020,train,2020-08-29T22:00:00.000000000,2020-09-01T09:00:00.000000000,0.0,0.0
238,huelva_2020,train,2020-08-29T23:00:00.000000000,2020-09-01T10:00:00.000000000,0.0,0.0
239,huelva_2020,train,2020-08-30T00:00:00.000000000,2020-09-01T11:00:00.000000000,0.0,0.0
240,huelva_2020,train,2020-08-30T01:00:00.000000000,2020-09-01T12:00:00.000000000,0.0,0.0
241,huelva_2020,train,2020-08-30T02:00:00.000000000,2020-09-01T13:00:00.000000000,0.0,0.0
242,huelva_2020,train,2020-08-30T03:00:00.000000000,2020-09-01T14:00:00.000000000,26.5,318.0
243,huelva_2020,train,2020-08-30T04:00:00.000000000,2020-09-01T15:00:00.000000000,111.79166412353516,1023.5
244,huelva_2020,train,2020-08-30T05:00:00.000000000,2020-09-01T16:00:00.000000000,121.45000457763672,1023.5
245,huelva_2020,train,2020-08-30T06:00:00.000000000,2020-09-01T17:00:00.000000000,121.45000457763672,1023.5
246,huelva_2020,train,2020-08-30T07:00:00.000000000,2020-09-01T18:00:00.000000000,121.45000457763672,1023.5
247,huelva_2020,train,2020-08-30T08:00:00.000000000,2020-09-01T19:00:00.000000000,121.45000457763672,1023.5
248,huelva_2020,train,2020-08-30T09:00:00.000000000,2020-09-01T20:00:00.000000000,121.45000457763672,1023.5
249,huelva_2020,train,2020-08-30T10:00:00.000000000,2020-09-01T21:00:00.000000000,121.45000457763672,1023.5
250,huelva_2020,train,2020-08-30T11:00:00.000000000,2020-09-01T22:00:00.000000000,121.45000457763672,1023.5
251,huelva_2020,train,2020-08-30T12:00:00.000000000,2020-09-01T23:00:00.000000000,121.45000457763672,1023.5
252,huelva_2020,train,2020-08-30T13:00:00.000000000,2020-09-02T00:00:00.000000000,121.45000457763672,1023.5
253,huelva_2020,train,2020-08-30T14:00:00.000000000,2020-09-02T01:00:00.000000000,121.45000457763672,1023.5
254,huelva_2020,train,2020-08-30T15:00:00.000000000,2020-09-02T02:00:00.000000000,94.95000457763672,1023.5
255,huelva_2020,train,2020-08-30T16:00:00.000000000,2020-09-02T03:00:00.000000000,9.658333778381348,115.9000015258789
256,huelva_2020,train,2020-08-30T17:00:00.000000000,2020-09-02T04:00:00.000000000,0.0,0.0
257,huelva_2020,train,2020-08-30T18:00:00.000000000,2020-09-02T05:00:00.000000000,0.0,0.0
258,huelva_2020,train,2020-08-30T19:00:00.000000000,2020-09-02T06:00:00.000000000,0.0,0.0
259,huelva_2020,train,2020-08-30T20:00:00.000000000,2020-09-02T07:00:00.000000000,0.0,0.0
260,huelva_2020,train,2020-08-30T21:00:00.000000000,2020-09-02T08:00:00.000000000,0.0,0.0
261,huelva_2020,train,2020-08-30T22:00:00.000000000,2020-09-02T09:00:00.000000000,0.0,0.0
262,huelva_2020,train,2020-08-30T23:00:00.000000000,2020-09-02T10:00:00.000000000,0.0,0.0
263,huelva_2020,train,2020-08-31T00:00:00.000000000,2020-09-02T11:00:00.000000000,0.0,0.0
264,huelva_2020,train,2020-08-31T01:00:00.000000000,2020-09-02T12:00:00.000000000,0.0,0.0
265,huelva_2020,train,2020-08-31T02:00:00.000000000,2020-09-02T13:00:00.000000000,0.0,0.0
266,huelva_2020,train,2020-08-31T03:00:00.000000000,2020-09-02T14:00:00.000000000,0.0,0.0
267,huelva_2020,train,2020-08-31T04:00:00.000000000,2020-09-02T15:00:00.000000000,0.0,0.0
268,huelva_2020,train,2020-08-31T05:00:00.000000000,2020-09-02T16:00:00.000000000,0.0,0.0
269,huelva_2020,train,2020-08-31T06:00:00.000000000,2020-09-02T17:00:00.000000000,0.0,0.0
270,huelva_2020,train,2020-08-31T07:00:00.000000000,2020-09-02T18:00:00.000000000,0.0,0.0
271,huelva_2020,train,2020-08-31T08:00:00.000000000,2020-09-02T19:00:00.000000000,0.0,0.0
272,huelva_2020,train,2020-08-31T09:00:00.000000000,2020-09-02T20:00:00.000000000,0.0,0.0
273,huelva_2020,train,2020-08-31T10:00:00.000000000,2020-09-02T21:00:00.000000000,0.0,0.0
274,huelva_2020,train,2020-08-31T11:00:00.000000000,2020-09-02T22:00:00.000000000,0.0,0.0
275,huelva_2020,train,2020-08-31T12:00:00.000000000,2020-09-02T23:00:00.000000000,0.0,0.0
276,huelva_2020,train,2020-08-31T13:00:00.000000000,2020-09-03T00:00:00.000000000,0.0,0.0
277,huelva_2020,train,2020-08-31T14:00:00.000000000,2020-09-03T01:00:00.000000000,0.0,0.0
278,huelva_2020,train,2020-08-31T15:00:00.000000000,2020-09-03T02:00:00.000000000,0.0,0.0
279,huelva_2020,train,2020-08-31T16:00:00.000000000,2020-09-03T03:00:00.000000000,0.0,0.0
280,huelva_2020,train,2020-08-31T17:00:00.000000000,2020-09-03T04:00:00.000000000,0.0,0.0
281,huelva_2020,train,2020-08-31T18:00:00.000000000,2020-09-03T05:00:00.000000000,0.0,0.0
282,huelva_2020,train,2020-08-31T19:00:00.000000000,2020-09-03T06:00:00.000000000,2.558333396911621,30.700000762939453
283,huelva_2020,train,2020-08-31T20:00:00.000000000,2020-09-03T07:00:00.000000000,2.558333396911621,30.700000762939453
284,huelva_2020,train,2020-08-31T21:00:00.000000000,2020-09-03T08:00:00.000000000,2.558333396911621,30.700000762939453
285,huelva_2020,train,2020-08-31T22:00:00.000000000,2020-09-03T09:00:00.000000000,2.558333396911621,30.700000762939453
286,huelva_2020,train,2020-08-31T23:00:00.000000000,2020-09-03T10:00:00.000000000,2.558333396911621,30.700000762939453
287,huelva_2020,train,2020-09-01T00:00:00.000000000,2020-09-03T11:00:00.000000000,2.558333396911621,30.700000762939453
288,huelva_2020,train,2020-09-01T01:00:00.000000000,2020-09-03T12:00:00.000000000,2.558333396911621,30.700000762939453
289,huelva_2020,train,2020-09-01T02:00:00.000000000,2020-09-03T13:00:00.000000000,2.558333396911621,30.700000762939453
290,huelva_2020,train,2020-09-01T03:00:00.000000000,2020-09-03T14:00:00.000000000,2.558333396911621,30.700000762939453
291,huelva_2020,train,2020-09-01T04:00:00.000000000,2020-09-03T15:00:00.000000000,2.558333396911621,30.700000762939453
292,huelva_2020,train,2020-09-01T05:00:00.000000000,2020-09-03T16:00:00.000000000,2.558333396911621,30.700000762939453
293,huelva_2020,train,2020-09-01T06:00:00.000000000,2020-09-03T17:00:00.000000000,2.558333396911621,30.700000762939453
294,huelva_2020,train,2020-09-01T07:00:00.000000000,2020-09-03T18:00:00.000000000,0.0,0.0
295,huelva_2020,train,2020-09-01T08:00:00.000000000,2020-09-03T19:00:00.000000000,0.0,0.0
296,huelva_2020,train,2020-09-01T09:00:00.000000000,2020-09-03T20:00:00.000000000,0.0,0.0
297,huelva_2020,train,2020-09-01T10:00:00.000000000,2020-09-03T21:00:00.000000000,0.0,0.0
298,huelva_2020,train,2020-09-01T11:00:00.000000000,2020-09-03T22:00:00.000000000,0.0,0.0
299,huelva_2020,train,2020-09-01T12:00:00.000000000,2020-09-03T23:00:00.000000000,0.0,0.0
300,huelva_2020,train,2020-09-01T13:00:00.000000000,2020-09-04T00:00:00.000000000,0.0,0.0
301,huelva_2020,train,2020-09-01T14:00:00.000000000,2020-09-04T01:00:00.000000000,0.0,0.0
302,huelva_2020,train,2020-09-01T15:00:00.000000000,2020-09-04T02:00:00.000000000,0.0,0.0
303,huelva_2020,train,2020-09-01T16:00:00.000000000,2020-09-04T03:00:00.000000000,0.0,0.0
304,huelva_2020,train,2020-09-01T17:00:00.000000000,2020-09-04T04:00:00.000000000,0.0,0.0
305,huelva_2020,train,2020-09-01T18:00:00.000000000,2020-09-04T05:00:00.000000000,0.0,0.0
306,huelva_2020,train,2020-09-01T19:00:00.000000000,2020-09-04T06:00:00.000000000,0.0,0.0
307,huelva_2020,train,2020-09-01T20:00:00.000000000,2020-09-04T07:00:00.000000000,0.0,0.0
308,huelva_2020,train,2020-09-01T21:00:00.000000000,2020-09-04T08:00:00.000000000,0.0,0.0
309,huelva_2020,train,2020-09-01T22:00:00.000000000,2020-09-04T09:00:00.000000000,0.0,0.0
310,huelva_2020,train,2020-09-01T23:00:00.000000000,2020-09-04T10:00:00.000000000,0.0,0.0
311,huelva_2020,train,2020-09-02T00:00:00.000000000,2020-09-04T11:00:00.000000000,0.0,0.0
312,huelva_2020,train,2020-09-02T01:00:00.000000000,2020-09-04T12:00:00.000000000,0.0,0.0
313,huelva_2020,train,2020-09-02T02:00:00.000000000,2020-09-04T13:00:00.000000000,0.0,0.0
314,huelva_2020,train,2020-09-02T03:00:00.000000000,2020-09-04T14:00:00.000000000,0.0,0.0
315,huelva_2020,train,2020-09-02T04:00:00.000000000,2020-09-04T15:00:00.000000000,0.0,0.0
316,huelva_2020,train,2020-09-02T05:00:00.000000000,2020-09-04T16:00:00.000000000,0.0,0.0
317,huelva_2020,train,2020-09-02T06:00:00.000000000,2020-09-04T17:00:00.000000000,0.0,0.0
318,huelva_2020,train,2020-09-02T07:00:00.000000000,2020-09-04T18:00:00.000000000,0.0,0.0
319,huelva_2020,train,2020-09-02T08:00:00.000000000,2020-09-04T19:00:00.000000000,0.0,0.0
320,huelva_2020,train,2020-09-02T09:00:00.000000000,2020-09-04T20:00:00.000000000,0.0,0.0
321,huelva_2020,train,2020-09-02T10:00:00.000000000,2020-09-04T21:00:00.000000000,0.0,0.0
322,huelva_2020,train,2020-09-02T11:00:00.000000000,2020-09-04T22:00:00.000000000,0.0,0.0
323,huelva_2020,train,2020-09-02T12:00:00.000000000,2020-09-04T23:00:00.000000000,0.0,0.0
324,huelva_2020,train,2020-09-02T13:00:00.000000000,2020-09-05T00:00:00.000000000,0.0,0.0
325,huelva_2020,train,2020-09-02T14:00:00.000000000,2020-09-05T01:00:00.000000000,0.0,0.0
326,huelva_2020,train,2020-09-02T15:00:00.000000000,2020-09-05T02:00:00.000000000,0.0,0.0
327,huelva_2020,train,2020-09-02T16:00:00.000000000,2020-09-05T03:00:00.000000000,0.0,0.0
328,huelva_2020,train,2020-09-02T17:00:00.000000000,2020-09-05T04:00:00.000000000,0.0,0.0
329,huelva_2020,train,2020-09-02T18:00:00.000000000,2020-09-05T05:00:00.000000000,0.0,0.0
330,huelva_2020,train,2020-09-02T19:00:00.000000000,2020-09-05T06:00:00.000000000,0.0,0.0
331,huelva_2020,train,2020-09-02T20:00:00.000000000,2020-09-05T07:00:00.000000000,0.0,0.0
332,huelva_2020,train,2020-09-02T21:00:00.000000000,2020-09-05T08:00:00.000000000,0.0,0.0
333,huelva_2020,train,2020-09-02T22:00:00.000000000,2020-09-05T09:00:00.000000000,0.0,0.0
334,huelva_2020,train,2020-09-02T23:00:00.000000000,2020-09-05T10:00:00.000000000,0.0,0.0
335,huelva_2020,train,2020-09-03T00:00:00.000000000,2020-09-05T11:00:00.000000000,0.0,0.0
336,huelva_2020,train,2020-09-03T01:00:00.000000000,2020-09-05T12:00:00.000000000,0.0,0.0
337,huelva_2020,train,2020-09-03T02:00:00.000000000,2020-09-05T13:00:00.000000000,0.0,0.0
338,huelva_2020,train,2020-09-03T03:00:00.000000000,2020-09-05T14:00:00.000000000,0.0,0.0
339,huelva_2020,train,2020-09-03T04:00:00.000000000,2020-09-05T15:00:00.000000000,0.0,0.0
340,huelva_2020,train,2020-09-03T05:00:00.000000000,2020-09-05T16:00:00.000000000,0.0,0.0
341,huelva_2020,train,2020-09-03T06:00:00.000000000,2020-09-05T17:00:00.000000000,0.0,0.0
342,huelva_2020,train,2020-09-03T07:00:00.000000000,2020-09-05T18:00:00.000000000,0.0,0.0
343,huelva_2020,train,2020-09-03T08:00:00.000000000,2020-09-05T19:00:00.000000000,0.0,0.0
344,huelva_2020,train,2020-09-03T09:00:00.000000000,2020-09-05T20:00:00.000000000,0.0,0.0
345,huelva_2020,train,2020-09-03T10:00:00.000000000,2020-09-05T21:00:00.000000000,0.0,0.0
346,huelva_2020,train,2020-09-03T11:00:00.000000000,2020-09-05T22:00:00.000000000,0.0,0.0
347,huelva_2020,train,2020-09-03T12:00:00.000000000,2020-09-05T23:00:00.000000000,0.0,0.0
348,sardinia_2021,train,2021-07-25T00:00:00.000000000,2021-07-27T11:00:00.000000000,0.0,0.0
349,sardinia_2021,train,2021-07-25T01:00:00.000000000,2021-07-27T12:00:00.000000000,0.0,0.0
350,sardinia_2021,train,2021-07-25T02:00:00.000000000,2021-07-27T13:00:00.000000000,0.0,0.0
351,sardinia_2021,train,2021-07-25T03:00:00.000000000,2021-07-27T14:00:00.000000000,0.0,0.0
352,sardinia_2021,train,2021-07-25T04:00:00.000000000,2021-07-27T15:00:00.000000000,0.0,0.0
353,sardinia_2021,train,2021-07-25T05:00:00.000000000,2021-07-27T16:00:00.000000000,0.0,0.0
354,sardinia_2021,train,2021-07-25T06:00:00.000000000,2021-07-27T17:00:00.000000000,2.0166666507720947,24.200000762939453
355,sardinia_2021,train,2021-07-25T07:00:00.000000000,2021-07-27T18:00:00.000000000,2.0166666507720947,24.200000762939453
356,sardinia_2021,train,2021-07-25T08:00:00.000000000,2021-07-27T19:00:00.000000000,2.0166666507720947,24.200000762939453
357,sardinia_2021,train,2021-07-25T09:00:00.000000000,2021-07-27T20:00:00.000000000,2.0166666507720947,24.200000762939453
358,sardinia_2021,train,2021-07-25T10:00:00.000000000,2021-07-27T21:00:00.000000000,2.0166666507720947,24.200000762939453
359,sardinia_2021,train,2021-07-25T11:00:00.000000000,2021-07-27T22:00:00.000000000,2.0166666507720947,24.200000762939453
360,sardinia_2021,train,2021-07-25T12:00:00.000000000,2021-07-27T23:00:00.000000000,2.0166666507720947,24.200000762939453
361,sardinia_2021,train,2021-07-25T13:00:00.000000000,2021-07-28T00:00:00.000000000,2.0166666507720947,24.200000762939453
362,sardinia_2021,train,2021-07-25T14:00:00.000000000,2021-07-28T01:00:00.000000000,2.0166666507720947,24.200000762939453
363,sardinia_2021,train,2021-07-25T15:00:00.000000000,2021-07-28T02:00:00.000000000,2.0166666507720947,24.200000762939453
364,sardinia_2021,train,2021-07-25T16:00:00.000000000,2021-07-28T03:00:00.000000000,2.0166666507720947,24.200000762939453
365,sardinia_2021,train,2021-07-25T17:00:00.000000000,2021-07-28T04:00:00.000000000,2.0166666507720947,24.200000762939453
366,sardinia_2021,train,2021-07-25T18:00:00.000000000,2021-07-28T05:00:00.000000000,0.0,0.0
367,sardinia_2021,train,2021-07-25T19:00:00.000000000,2021-07-28T06:00:00.000000000,0.0,0.0
368,sardinia_2021,train,2021-07-25T20:00:00.000000000,2021-07-28T07:00:00.000000000,0.0,0.0
369,sardinia_2021,train,2021-07-25T21:00:00.000000000,2021-07-28T08:00:00.000000000,0.0,0.0
370,sardinia_2021,train,2021-07-25T22:00:00.000000000,2021-07-28T09:00:00.000000000,0.0,0.0
371,sardinia_2021,train,2021-07-25T23:00:00.000000000,2021-07-28T10:00:00.000000000,0.0,0.0
372,sardinia_2021,train,2021-07-26T00:00:00.000000000,2021-07-28T11:00:00.000000000,0.0,0.0
373,sardinia_2021,train,2021-07-26T01:00:00.000000000,2021-07-28T12:00:00.000000000,23.57499885559082,282.8999938964844
374,sardinia_2021,train,2021-07-26T02:00:00.000000000,2021-07-28T13:00:00.000000000,32.99166488647461,282.8999938964844
375,sardinia_2021,train,2021-07-26T03:00:00.000000000,2021-07-28T14:00:00.000000000,32.99166488647461,282.8999938964844
376,sardinia_2021,train,2021-07-26T04:00:00.000000000,2021-07-28T15:00:00.000000000,32.99166488647461,282.8999938964844
377,sardinia_2021,train,2021-07-26T05:00:00.000000000,2021-07-28T16:00:00.000000000,32.99166488647461,282.8999938964844
378,sardinia_2021,train,2021-07-26T06:00:00.000000000,2021-07-28T17:00:00.000000000,32.99166488647461,282.8999938964844
379,sardinia_2021,train,2021-07-26T07:00:00.000000000,2021-07-28T18:00:00.000000000,32.99166488647461,282.8999938964844
380,sardinia_2021,train,2021-07-26T08:00:00.000000000,2021-07-28T19:00:00.000000000,32.99166488647461,282.8999938964844
381,sardinia_2021,train,2021-07-26T09:00:00.000000000,2021-07-28T20:00:00.000000000,32.99166488647461,282.8999938964844
382,sardinia_2021,train,2021-07-26T10:00:00.000000000,2021-07-28T21:00:00.000000000,32.99166488647461,282.8999938964844
383,sardinia_2021,train,2021-07-26T11:00:00.000000000,2021-07-28T22:00:00.000000000,32.99166488647461,282.8999938964844
384,sardinia_2021,train,2021-07-26T12:00:00.000000000,2021-07-28T23:00:00.000000000,32.99166488647461,282.8999938964844
385,sardinia_2021,train,2021-07-26T13:00:00.000000000,2021-07-29T00:00:00.000000000,9.416666984558105,113.0
386,sardinia_2021,train,2021-07-26T14:00:00.000000000,2021-07-29T01:00:00.000000000,0.0,0.0
387,sardinia_2021,train,2021-07-26T15:00:00.000000000,2021-07-29T02:00:00.000000000,0.0,0.0
388,sardinia_2021,train,2021-07-26T16:00:00.000000000,2021-07-29T03:00:00.000000000,0.0,0.0
389,sardinia_2021,train,2021-07-26T17:00:00.000000000,2021-07-29T04:00:00.000000000,0.0,0.0
390,sardinia_2021,train,2021-07-26T18:00:00.000000000,2021-07-29T05:00:00.000000000,0.0,0.0
391,sardinia_2021,train,2021-07-26T19:00:00.000000000,2021-07-29T06:00:00.000000000,0.0,0.0
392,sardinia_2021,train,2021-07-26T20:00:00.000000000,2021-07-29T07:00:00.000000000,0.0,0.0
393,sardinia_2021,train,2021-07-26T21:00:00.000000000,2021-07-29T08:00:00.000000000,0.0,0.0
394,sardinia_2021,train,2021-07-26T22:00:00.000000000,2021-07-29T09:00:00.000000000,0.0,0.0
395,sardinia_2021,train,2021-07-26T23:00:00.000000000,2021-07-29T10:00:00.000000000,0.0,0.0
396,sardinia_2021,train,2021-07-27T00:00:00.000000000,2021-07-29T11:00:00.000000000,11.291666984558105,135.5
397,sardinia_2021,train,2021-07-27T01:00:00.000000000,2021-07-29T12:00:00.000000000,65.95833587646484,656.0
398,sardinia_2021,train,2021-07-27T02:00:00.000000000,2021-07-29T13:00:00.000000000,132.3249969482422,796.4000244140625
399,sardinia_2021,train,2021-07-27T03:00:00.000000000,2021-07-29T14:00:00.000000000,262.73333740234375,1564.9000244140625
400,sardinia_2021,train,2021-07-27T04:00:00.000000000,2021-07-29T15:00:00.000000000,313.0500183105469,1564.9000244140625
401,sardinia_2021,train,2021-07-27T05:00:00.000000000,2021-07-29T16:00:00.000000000,313.0500183105469,1564.9000244140625
402,sardinia_2021,train,2021-07-27T06:00:00.000000000,2021-07-29T17:00:00.000000000,313.0500183105469,1564.9000244140625
403,sardinia_2021,train,2021-07-27T07:00:00.000000000,2021-07-29T18:00:00.000000000,313.0500183105469,1564.9000244140625
404,sardinia_2021,train,2021-07-27T08:00:00.000000000,2021-07-29T19:00:00.000000000,313.0500183105469,1564.9000244140625
405,sardinia_2021,train,2021-07-27T09:00:00.000000000,2021-07-29T20:00:00.000000000,313.0500183105469,1564.9000244140625
406,sardinia_2021,train,2021-07-27T10:00:00.000000000,2021-07-29T21:00:00.000000000,313.0500183105469,1564.9000244140625
407,sardinia_2021,train,2021-07-27T11:00:00.000000000,2021-07-29T22:00:00.000000000,313.0500183105469,1564.9000244140625
408,sardinia_2021,train,2021-07-27T12:00:00.000000000,2021-07-29T23:00:00.000000000,301.7583312988281,1564.9000244140625
409,sardinia_2021,train,2021-07-27T13:00:00.000000000,2021-07-30T00:00:00.000000000,247.0916748046875,1564.9000244140625
410,sardinia_2021,train,2021-07-27T14:00:00.000000000,2021-07-30T01:00:00.000000000,180.72499084472656,1564.9000244140625
411,sardinia_2021,train,2021-07-27T15:00:00.000000000,2021-07-30T02:00:00.000000000,50.31666564941406,603.7999877929688
412,sardinia_2021,train,2021-07-27T16:00:00.000000000,2021-07-30T03:00:00.000000000,0.0,0.0
413,sardinia_2021,train,2021-07-27T17:00:00.000000000,2021-07-30T04:00:00.000000000,0.0,0.0
414,sardinia_2021,train,2021-07-27T18:00:00.000000000,2021-07-30T05:00:00.000000000,0.0,0.0
415,sardinia_2021,train,2021-07-27T19:00:00.000000000,2021-07-30T06:00:00.000000000,0.0,0.0
416,sardinia_2021,train,2021-07-27T20:00:00.000000000,2021-07-30T07:00:00.000000000,0.0,0.0
417,sardinia_2021,train,2021-07-27T21:00:00.000000000,2021-07-30T08:00:00.000000000,0.0,0.0
418,sardinia_2021,train,2021-07-27T22:00:00.000000000,2021-07-30T09:00:00.000000000,18.17500114440918,218.10000610351562
419,sardinia_2021,train,2021-07-27T23:00:00.000000000,2021-07-30T10:00:00.000000000,39.65833282470703,257.79998779296875
420,sardinia_2021,train,2021-07-28T00:00:00.000000000,2021-07-30T11:00:00.000000000,86.98333740234375,567.9000244140625
421,sardinia_2021,train,2021-07-28T01:00:00.000000000,2021-07-30T12:00:00.000000000,99.26667022705078,567.9000244140625
422,sardinia_2021,train,2021-07-28T02:00:00.000000000,2021-07-30T13:00:00.000000000,99.26667022705078,567.9000244140625
423,sardinia_2021,train,2021-07-28T03:00:00.000000000,2021-07-30T14:00:00.000000000,99.26667022705078,567.9000244140625
424,sardinia_2021,train,2021-07-28T04:00:00.000000000,2021-07-30T15:00:00.000000000,99.26667022705078,567.9000244140625
425,sardinia_2021,train,2021-07-28T05:00:00.000000000,2021-07-30T16:00:00.000000000,99.26667022705078,567.9000244140625
426,sardinia_2021,train,2021-07-28T06:00:00.000000000,2021-07-30T17:00:00.000000000,99.26666259765625,567.9000244140625
427,sardinia_2021,train,2021-07-28T07:00:00.000000000,2021-07-30T18:00:00.000000000,99.26667022705078,567.9000244140625
428,sardinia_2021,train,2021-07-28T08:00:00.000000000,2021-07-30T19:00:00.000000000,99.26667022705078,567.9000244140625
429,sardinia_2021,train,2021-07-28T09:00:00.000000000,2021-07-30T20:00:00.000000000,99.26667022705078,567.9000244140625
430,sardinia_2021,train,2021-07-28T10:00:00.000000000,2021-07-30T21:00:00.000000000,81.09166717529297,567.9000244140625
431,sardinia_2021,train,2021-07-28T11:00:00.000000000,2021-07-30T22:00:00.000000000,59.60833740234375,567.9000244140625
432,sardinia_2021,train,2021-07-28T12:00:00.000000000,2021-07-30T23:00:00.000000000,12.283332824707031,147.39999389648438
433,sardinia_2021,train,2021-07-28T13:00:00.000000000,2021-07-31T00:00:00.000000000,0.0,0.0
434,sardinia_2021,train,2021-07-28T14:00:00.000000000,2021-07-31T01:00:00.000000000,0.0,0.0
435,sardinia_2021,train,2021-07-28T15:00:00.000000000,2021-07-31T02:00:00.000000000,0.0,0.0
436,sardinia_2021,train,2021-07-28T16:00:00.000000000,2021-07-31T03:00:00.000000000,0.0,0.0
437,sardinia_2021,train,2021-07-28T17:00:00.000000000,2021-07-31T04:00:00.000000000,0.0,0.0
438,sardinia_2021,train,2021-07-28T18:00:00.000000000,2021-07-31T05:00:00.000000000,0.0,0.0
439,sardinia_2021,train,2021-07-28T19:00:00.000000000,2021-07-31T06:00:00.000000000,0.0,0.0
440,sardinia_2021,train,2021-07-28T20:00:00.000000000,2021-07-31T07:00:00.000000000,0.0,0.0
441,sardinia_2021,train,2021-07-28T21:00:00.000000000,2021-07-31T08:00:00.000000000,0.0,0.0
442,sardinia_2021,train,2021-07-28T22:00:00.000000000,2021-07-31T09:00:00.000000000,0.0,0.0
443,sardinia_2021,train,2021-07-28T23:00:00.000000000,2021-07-31T10:00:00.000000000,0.0,0.0
444,sardinia_2021,train,2021-07-29T00:00:00.000000000,2021-07-31T11:00:00.000000000,0.0,0.0
445,sardinia_2021,train,2021-07-29T01:00:00.000000000,2021-07-31T12:00:00.000000000,0.0,0.0
446,sardinia_2021,train,2021-07-29T02:00:00.000000000,2021-07-31T13:00:00.000000000,0.0,0.0
447,sardinia_2021,train,2021-07-29T03:00:00.000000000,2021-07-31T14:00:00.000000000,0.0,0.0
448,sardinia_2021,train,2021-07-29T04:00:00.000000000,2021-07-31T15:00:00.000000000,0.0,0.0
449,sardinia_2021,train,2021-07-29T05:00:00.000000000,2021-07-31T16:00:00.000000000,0.0,0.0
450,sardinia_2021,train,2021-07-29T06:00:00.000000000,2021-07-31T17:00:00.000000000,0.0,0.0
451,sardinia_2021,train,2021-07-29T07:00:00.000000000,2021-07-31T18:00:00.000000000,0.0,0.0
452,sardinia_2021,train,2021-07-29T08:00:00.000000000,2021-07-31T19:00:00.000000000,0.0,0.0
453,sardinia_2021,train,2021-07-29T09:00:00.000000000,2021-07-31T20:00:00.000000000,0.0,0.0
454,sardinia_2021,train,2021-07-29T10:00:00.000000000,2021-07-31T21:00:00.000000000,0.0,0.0
455,sardinia_2021,train,2021-07-29T11:00:00.000000000,2021-07-31T22:00:00.000000000,0.0,0.0
456,sardinia_2021,train,2021-07-29T12:00:00.000000000,2021-07-31T23:00:00.000000000,0.0,0.0
457,bonarcado_2021,train,2021-07-25T00:00:00.000000000,2021-07-27T11:00:00.000000000,0.0,0.0
458,bonarcado_2021,train,2021-07-25T01:00:00.000000000,2021-07-27T12:00:00.000000000,0.0,0.0
459,bonarcado_2021,train,2021-07-25T02:00:00.000000000,2021-07-27T13:00:00.000000000,0.0,0.0
460,bonarcado_2021,train,2021-07-25T03:00:00.000000000,2021-07-27T14:00:00.000000000,0.0,0.0
461,bonarcado_2021,train,2021-07-25T04:00:00.000000000,2021-07-27T15:00:00.000000000,0.0,0.0
462,bonarcado_2021,train,2021-07-25T05:00:00.000000000,2021-07-27T16:00:00.000000000,0.0,0.0
463,bonarcado_2021,train,2021-07-25T06:00:00.000000000,2021-07-27T17:00:00.000000000,0.0,0.0
464,bonarcado_2021,train,2021-07-25T07:00:00.000000000,2021-07-27T18:00:00.000000000,0.0,0.0
465,bonarcado_2021,train,2021-07-25T08:00:00.000000000,2021-07-27T19:00:00.000000000,0.0,0.0
466,bonarcado_2021,train,2021-07-25T09:00:00.000000000,2021-07-27T20:00:00.000000000,0.0,0.0
467,bonarcado_2021,train,2021-07-25T10:00:00.000000000,2021-07-27T21:00:00.000000000,0.0,0.0
468,bonarcado_2021,train,2021-07-25T11:00:00.000000000,2021-07-27T22:00:00.000000000,0.0,0.0
469,bonarcado_2021,train,2021-07-25T12:00:00.000000000,2021-07-27T23:00:00.000000000,0.0,0.0
470,bonarcado_2021,train,2021-07-25T13:00:00.000000000,2021-07-28T00:00:00.000000000,0.0,0.0
471,bonarcado_2021,train,2021-07-25T14:00:00.000000000,2021-07-28T01:00:00.000000000,0.0,0.0
472,bonarcado_2021,train,2021-07-25T15:00:00.000000000,2021-07-28T02:00:00.000000000,0.0,0.0
473,bonarcado_2021,train,2021-07-25T16:00:00.000000000,2021-07-28T03:00:00.000000000,0.0,0.0
474,bonarcado_2021,train,2021-07-25T17:00:00.000000000,2021-07-28T04:00:00.000000000,0.0,0.0
475,bonarcado_2021,train,2021-07-25T18:00:00.000000000,2021-07-28T05:00:00.000000000,0.0,0.0
476,bonarcado_2021,train,2021-07-25T19:00:00.000000000,2021-07-28T06:00:00.000000000,0.0,0.0
477,bonarcado_2021,train,2021-07-25T20:00:00.000000000,2021-07-28T07:00:00.000000000,0.0,0.0
478,bonarcado_2021,train,2021-07-25T21:00:00.000000000,2021-07-28T08:00:00.000000000,0.0,0.0
479,bonarcado_2021,train,2021-07-25T22:00:00.000000000,2021-07-28T09:00:00.000000000,0.0,0.0
480,bonarcado_2021,train,2021-07-25T23:00:00.000000000,2021-07-28T10:00:00.000000000,0.0,0.0
481,bonarcado_2021,train,2021-07-26T00:00:00.000000000,2021-07-28T11:00:00.000000000,0.0,0.0
482,bonarcado_2021,train,2021-07-26T01:00:00.000000000,2021-07-28T12:00:00.000000000,23.57499885559082,282.8999938964844
483,bonarcado_2021,train,2021-07-26T02:00:00.000000000,2021-07-28T13:00:00.000000000,32.99166488647461,282.8999938964844
484,bonarcado_2021,train,2021-07-26T03:00:00.000000000,2021-07-28T14:00:00.000000000,32.99166488647461,282.8999938964844
485,bonarcado_2021,train,2021-07-26T04:00:00.000000000,2021-07-28T15:00:00.000000000,32.99166488647461,282.8999938964844
486,bonarcado_2021,train,2021-07-26T05:00:00.000000000,2021-07-28T16:00:00.000000000,32.99166488647461,282.8999938964844
487,bonarcado_2021,train,2021-07-26T06:00:00.000000000,2021-07-28T17:00:00.000000000,32.99166488647461,282.8999938964844
488,bonarcado_2021,train,2021-07-26T07:00:00.000000000,2021-07-28T18:00:00.000000000,32.99166488647461,282.8999938964844
489,bonarcado_2021,train,2021-07-26T08:00:00.000000000,2021-07-28T19:00:00.000000000,32.99166488647461,282.8999938964844
490,bonarcado_2021,train,2021-07-26T09:00:00.000000000,2021-07-28T20:00:00.000000000,32.99166488647461,282.8999938964844
491,bonarcado_2021,train,2021-07-26T10:00:00.000000000,2021-07-28T21:00:00.000000000,32.99166488647461,282.8999938964844
492,bonarcado_2021,train,2021-07-26T11:00:00.000000000,2021-07-28T22:00:00.000000000,32.99166488647461,282.8999938964844
493,bonarcado_2021,train,2021-07-26T12:00:00.000000000,2021-07-28T23:00:00.000000000,32.99166488647461,282.8999938964844
494,bonarcado_2021,train,2021-07-26T13:00:00.000000000,2021-07-29T00:00:00.000000000,9.416666984558105,113.0
495,bonarcado_2021,train,2021-07-26T14:00:00.000000000,2021-07-29T01:00:00.000000000,0.0,0.0
496,bonarcado_2021,train,2021-07-26T15:00:00.000000000,2021-07-29T02:00:00.000000000,0.0,0.0
497,bonarcado_2021,train,2021-07-26T16:00:00.000000000,2021-07-29T03:00:00.000000000,0.0,0.0
498,bonarcado_2021,train,2021-07-26T17:00:00.000000000,2021-07-29T04:00:00.000000000,0.0,0.0
499,bonarcado_2021,train,2021-07-26T18:00:00.000000000,2021-07-29T05:00:00.000000000,0.0,0.0
500,bonarcado_2021,train,2021-07-26T19:00:00.000000000,2021-07-29T06:00:00.000000000,0.0,0.0
501,bonarcado_2021,train,2021-07-26T20:00:00.000000000,2021-07-29T07:00:00.000000000,0.0,0.0
502,bonarcado_2021,train,2021-07-26T21:00:00.000000000,2021-07-29T08:00:00.000000000,0.0,0.0
503,bonarcado_2021,train,2021-07-26T22:00:00.000000000,2021-07-29T09:00:00.000000000,0.0,0.0
504,bonarcado_2021,train,2021-07-26T23:00:00.000000000,2021-07-29T10:00:00.000000000,0.0,0.0
505,bonarcado_2021,train,2021-07-27T00:00:00.000000000,2021-07-29T11:00:00.000000000,11.291666984558105,135.5
506,bonarcado_2021,train,2021-07-27T01:00:00.000000000,2021-07-29T12:00:00.000000000,65.95833587646484,656.0
507,bonarcado_2021,train,2021-07-27T02:00:00.000000000,2021-07-29T13:00:00.000000000,132.3249969482422,796.4000244140625
508,bonarcado_2021,train,2021-07-27T03:00:00.000000000,2021-07-29T14:00:00.000000000,262.73333740234375,1564.9000244140625
509,bonarcado_2021,train,2021-07-27T04:00:00.000000000,2021-07-29T15:00:00.000000000,313.0500183105469,1564.9000244140625
510,bonarcado_2021,train,2021-07-27T05:00:00.000000000,2021-07-29T16:00:00.000000000,313.0500183105469,1564.9000244140625
511,bonarcado_2021,train,2021-07-27T06:00:00.000000000,2021-07-29T17:00:00.000000000,313.0500183105469,1564.9000244140625
512,bonarcado_2021,train,2021-07-27T07:00:00.000000000,2021-07-29T18:00:00.000000000,313.0500183105469,1564.9000244140625
513,bonarcado_2021,train,2021-07-27T08:00:00.000000000,2021-07-29T19:00:00.000000000,313.0500183105469,1564.9000244140625
514,bonarcado_2021,train,2021-07-27T09:00:00.000000000,2021-07-29T20:00:00.000000000,313.0500183105469,1564.9000244140625
515,bonarcado_2021,train,2021-07-27T10:00:00.000000000,2021-07-29T21:00:00.000000000,313.0500183105469,1564.9000244140625
516,bonarcado_2021,train,2021-07-27T11:00:00.000000000,2021-07-29T22:00:00.000000000,313.0500183105469,1564.9000244140625
517,bonarcado_2021,train,2021-07-27T12:00:00.000000000,2021-07-29T23:00:00.000000000,301.7583312988281,1564.9000244140625
518,bonarcado_2021,train,2021-07-27T13:00:00.000000000,2021-07-30T00:00:00.000000000,247.0916748046875,1564.9000244140625
519,bonarcado_2021,train,2021-07-27T14:00:00.000000000,2021-07-30T01:00:00.000000000,180.72499084472656,1564.9000244140625
520,bonarcado_2021,train,2021-07-27T15:00:00.000000000,2021-07-30T02:00:00.000000000,50.31666564941406,603.7999877929688
521,bonarcado_2021,train,2021-07-27T16:00:00.000000000,2021-07-30T03:00:00.000000000,0.0,0.0
522,bonarcado_2021,train,2021-07-27T17:00:00.000000000,2021-07-30T04:00:00.000000000,0.0,0.0
523,bonarcado_2021,train,2021-07-27T18:00:00.000000000,2021-07-30T05:00:00.000000000,0.0,0.0
524,bonarcado_2021,train,2021-07-27T19:00:00.000000000,2021-07-30T06:00:00.000000000,0.0,0.0
525,bonarcado_2021,train,2021-07-27T20:00:00.000000000,2021-07-30T07:00:00.000000000,0.0,0.0
526,bonarcado_2021,train,2021-07-27T21:00:00.000000000,2021-07-30T08:00:00.000000000,0.0,0.0
527,bonarcado_2021,train,2021-07-27T22:00:00.000000000,2021-07-30T09:00:00.000000000,18.17500114440918,218.10000610351562
528,bonarcado_2021,train,2021-07-27T23:00:00.000000000,2021-07-30T10:00:00.000000000,39.65833282470703,257.79998779296875
529,bonarcado_2021,train,2021-07-28T00:00:00.000000000,2021-07-30T11:00:00.000000000,86.98333740234375,567.9000244140625
530,bonarcado_2021,train,2021-07-28T01:00:00.000000000,2021-07-30T12:00:00.000000000,99.26667022705078,567.9000244140625
531,bonarcado_2021,train,2021-07-28T02:00:00.000000000,2021-07-30T13:00:00.000000000,99.26667022705078,567.9000244140625
532,bonarcado_2021,train,2021-07-28T03:00:00.000000000,2021-07-30T14:00:00.000000000,99.26667022705078,567.9000244140625
533,bonarcado_2021,train,2021-07-28T04:00:00.000000000,2021-07-30T15:00:00.000000000,99.26667022705078,567.9000244140625
534,bonarcado_2021,train,2021-07-28T05:00:00.000000000,2021-07-30T16:00:00.000000000,99.26667022705078,567.9000244140625
535,bonarcado_2021,train,2021-07-28T06:00:00.000000000,2021-07-30T17:00:00.000000000,99.26666259765625,567.9000244140625
536,bonarcado_2021,train,2021-07-28T07:00:00.000000000,2021-07-30T18:00:00.000000000,99.26667022705078,567.9000244140625
537,bonarcado_2021,train,2021-07-28T08:00:00.000000000,2021-07-30T19:00:00.000000000,99.26667022705078,567.9000244140625
538,bonarcado_2021,train,2021-07-28T09:00:00.000000000,2021-07-30T20:00:00.000000000,99.26667022705078,567.9000244140625
539,bonarcado_2021,train,2021-07-28T10:00:00.000000000,2021-07-30T21:00:00.000000000,81.09166717529297,567.9000244140625
540,bonarcado_2021,train,2021-07-28T11:00:00.000000000,2021-07-30T22:00:00.000000000,59.60833740234375,567.9000244140625
541,bonarcado_2021,train,2021-07-28T12:00:00.000000000,2021-07-30T23:00:00.000000000,12.283332824707031,147.39999389648438
542,bonarcado_2021,train,2021-07-28T13:00:00.000000000,2021-07-31T00:00:00.000000000,0.0,0.0
543,bonarcado_2021,train,2021-07-28T14:00:00.000000000,2021-07-31T01:00:00.000000000,0.0,0.0
544,bonarcado_2021,train,2021-07-28T15:00:00.000000000,2021-07-31T02:00:00.000000000,0.0,0.0
545,bonarcado_2021,train,2021-07-28T16:00:00.000000000,2021-07-31T03:00:00.000000000,0.0,0.0
546,bonarcado_2021,train,2021-07-28T17:00:00.000000000,2021-07-31T04:00:00.000000000,0.0,0.0
547,bonarcado_2021,train,2021-07-28T18:00:00.000000000,2021-07-31T05:00:00.000000000,0.0,0.0
548,bonarcado_2021,train,2021-07-28T19:00:00.000000000,2021-07-31T06:00:00.000000000,0.0,0.0
549,bonarcado_2021,train,2021-07-28T20:00:00.000000000,2021-07-31T07:00:00.000000000,0.0,0.0
550,bonarcado_2021,train,2021-07-28T21:00:00.000000000,2021-07-31T08:00:00.000000000,0.0,0.0
551,bonarcado_2021,train,2021-07-28T22:00:00.000000000,2021-07-31T09:00:00.000000000,0.0,0.0
552,bonarcado_2021,train,2021-07-28T23:00:00.000000000,2021-07-31T10:00:00.000000000,0.0,0.0
553,bonarcado_2021,train,2021-07-29T00:00:00.000000000,2021-07-31T11:00:00.000000000,0.0,0.0
554,bonarcado_2021,train,2021-07-29T01:00:00.000000000,2021-07-31T12:00:00.000000000,0.0,0.0
555,bonarcado_2021,train,2021-07-29T02:00:00.000000000,2021-07-31T13:00:00.000000000,0.0,0.0
556,bonarcado_2021,train,2021-07-29T03:00:00.000000000,2021-07-31T14:00:00.000000000,0.0,0.0
557,bonarcado_2021,train,2021-07-29T04:00:00.000000000,2021-07-31T15:00:00.000000000,0.0,0.0
558,bonarcado_2021,train,2021-07-29T05:00:00.000000000,2021-07-31T16:00:00.000000000,0.0,0.0
559,bonarcado_2021,train,2021-07-29T06:00:00.000000000,2021-07-31T17:00:00.000000000,0.0,0.0
560,bonarcado_2021,train,2021-07-29T07:00:00.000000000,2021-07-31T18:00:00.000000000,0.0,0.0
561,bonarcado_2021,train,2021-07-29T08:00:00.000000000,2021-07-31T19:00:00.000000000,0.0,0.0
562,bonarcado_2021,train,2021-07-29T09:00:00.000000000,2021-07-31T20:00:00.000000000,0.0,0.0
563,bonarcado_2021,train,2021-07-29T10:00:00.000000000,2021-07-31T21:00:00.000000000,0.0,0.0
564,bonarcado_2021,train,2021-07-29T11:00:00.000000000,2021-07-31T22:00:00.000000000,0.0,0.0
565,bonarcado_2021,train,2021-07-29T12:00:00.000000000,2021-07-31T23:00:00.000000000,0.0,0.0
566,bonarcado_2021,train,2021-07-29T13:00:00.000000000,2021-08-01T00:00:00.000000000,0.0,0.0
567,bonarcado_2021,train,2021-07-29T14:00:00.000000000,2021-08-01T01:00:00.000000000,0.0,0.0
568,bonarcado_2021,train,2021-07-29T15:00:00.000000000,2021-08-01T02:00:00.000000000,0.0,0.0
569,bonarcado_2021,train,2021-07-29T16:00:00.000000000,2021-08-01T03:00:00.000000000,0.0,0.0
570,bonarcado_2021,train,2021-07-29T17:00:00.000000000,2021-08-01T04:00:00.000000000,0.0,0.0
571,bonarcado_2021,train,2021-07-29T18:00:00.000000000,2021-08-01T05:00:00.000000000,0.0,0.0
572,bonarcado_2021,train,2021-07-29T19:00:00.000000000,2021-08-01T06:00:00.000000000,0.0,0.0
573,bonarcado_2021,train,2021-07-29T20:00:00.000000000,2021-08-01T07:00:00.000000000,0.0,0.0
574,bonarcado_2021,train,2021-07-29T21:00:00.000000000,2021-08-01T08:00:00.000000000,0.0,0.0
575,bonarcado_2021,train,2021-07-29T22:00:00.000000000,2021-08-01T09:00:00.000000000,13.333333015441895,160.0
576,bonarcado_2021,train,2021-07-29T23:00:00.000000000,2021-08-01T10:00:00.000000000,13.333333015441895,160.0
577,bonarcado_2021,train,2021-07-30T00:00:00.000000000,2021-08-01T11:00:00.000000000,22.191665649414062,160.0
578,bonarcado_2021,train,2021-07-30T01:00:00.000000000,2021-08-01T12:00:00.000000000,22.191665649414062,160.0
579,bonarcado_2021,train,2021-07-30T02:00:00.000000000,2021-08-01T13:00:00.000000000,22.191665649414062,160.0
580,bonarcado_2021,train,2021-07-30T03:00:00.000000000,2021-08-01T14:00:00.000000000,22.191665649414062,160.0
581,bonarcado_2021,train,2021-07-30T04:00:00.000000000,2021-08-01T15:00:00.000000000,22.191665649414062,160.0
582,bonarcado_2021,train,2021-07-30T05:00:00.000000000,2021-08-01T16:00:00.000000000,22.191665649414062,160.0
583,bonarcado_2021,train,2021-07-30T06:00:00.000000000,2021-08-01T17:00:00.000000000,22.191665649414062,160.0
584,bonarcado_2021,train,2021-07-30T07:00:00.000000000,2021-08-01T18:00:00.000000000,22.191665649414062,160.0
585,bonarcado_2021,train,2021-07-30T08:00:00.000000000,2021-08-01T19:00:00.000000000,22.191665649414062,160.0
586,bonarcado_2021,train,2021-07-30T09:00:00.000000000,2021-08-01T20:00:00.000000000,22.191665649414062,160.0
587,bonarcado_2021,train,2021-07-30T10:00:00.000000000,2021-08-01T21:00:00.000000000,8.858333587646484,106.30000305175781
588,bonarcado_2021,train,2021-07-30T11:00:00.000000000,2021-08-01T22:00:00.000000000,8.858333587646484,106.30000305175781
589,bonarcado_2021,train,2021-07-30T12:00:00.000000000,2021-08-01T23:00:00.000000000,0.0,0.0
590,bonarcado_2021,train,2021-07-30T13:00:00.000000000,2021-08-02T00:00:00.000000000,0.0,0.0
591,bonarcado_2021,train,2021-07-30T14:00:00.000000000,2021-08-02T01:00:00.000000000,0.0,0.0
592,bonarcado_2021,train,2021-07-30T15:00:00.000000000,2021-08-02T02:00:00.000000000,0.0,0.0
593,bonarcado_2021,train,2021-07-30T16:00:00.000000000,2021-08-02T03:00:00.000000000,0.0,0.0
594,bonarcado_2021,train,2021-07-30T17:00:00.000000000,2021-08-02T04:00:00.000000000,0.0,0.0
595,bonarcado_2021,train,2021-07-30T18:00:00.000000000,2021-08-02T05:00:00.000000000,0.0,0.0
596,bonarcado_2021,train,2021-07-30T19:00:00.000000000,2021-08-02T06:00:00.000000000,0.0,0.0
597,bonarcado_2021,train,2021-07-30T20:00:00.000000000,2021-08-02T07:00:00.000000000,0.0,0.0
598,bonarcado_2021,train,2021-07-30T21:00:00.000000000,2021-08-02T08:00:00.000000000,0.0,0.0
599,bonarcado_2021,train,2021-07-30T22:00:00.000000000,2021-08-02T09:00:00.000000000,0.0,0.0
600,bonarcado_2021,train,2021-07-30T23:00:00.000000000,2021-08-02T10:00:00.000000000,0.0,0.0
601,bonarcado_2021,train,2021-07-31T00:00:00.000000000,2021-08-02T11:00:00.000000000,0.0,0.0
602,bonarcado_2021,train,2021-07-31T01:00:00.000000000,2021-08-02T12:00:00.000000000,0.0,0.0
603,bonarcado_2021,train,2021-07-31T02:00:00.000000000,2021-08-02T13:00:00.000000000,0.0,0.0
604,bonarcado_2021,train,2021-07-31T03:00:00.000000000,2021-08-02T14:00:00.000000000,0.0,0.0
605,bonarcado_2021,train,2021-07-31T04:00:00.000000000,2021-08-02T15:00:00.000000000,0.0,0.0
606,bonarcado_2021,train,2021-07-31T05:00:00.000000000,2021-08-02T16:00:00.000000000,0.0,0.0
607,bonarcado_2021,train,2021-07-31T06:00:00.000000000,2021-08-02T17:00:00.000000000,0.0,0.0
608,bonarcado_2021,train,2021-07-31T07:00:00.000000000,2021-08-02T18:00:00.000000000,0.0,0.0
609,bonarcado_2021,train,2021-07-31T08:00:00.000000000,2021-08-02T19:00:00.000000000,0.0,0.0
610,bonarcado_2021,train,2021-07-31T09:00:00.000000000,2021-08-02T20:00:00.000000000,0.0,0.0
611,bonarcado_2021,train,2021-07-31T10:00:00.000000000,2021-08-02T21:00:00.000000000,0.0,0.0
612,bonarcado_2021,train,2021-07-31T11:00:00.000000000,2021-08-02T22:00:00.000000000,0.0,0.0
613,bonarcado_2021,train,2021-07-31T12:00:00.000000000,2021-08-02T23:00:00.000000000,0.0,0.0
614,bonarcado_2021,train,2021-07-31T13:00:00.000000000,2021-08-03T00:00:00.000000000,0.0,0.0
615,bonarcado_2021,train,2021-07-31T14:00:00.000000000,2021-08-03T01:00:00.000000000,0.0,0.0
616,bonarcado_2021,train,2021-07-31T15:00:00.000000000,2021-08-03T02:00:00.000000000,0.0,0.0
617,bonarcado_2021,train,2021-07-31T16:00:00.000000000,2021-08-03T03:00:00.000000000,0.0,0.0
618,bonarcado_2021,train,2021-07-31T17:00:00.000000000,2021-08-03T04:00:00.000000000,0.0,0.0
619,bonarcado_2021,train,2021-07-31T18:00:00.000000000,2021-08-03T05:00:00.000000000,0.0,0.0
620,bonarcado_2021,train,2021-07-31T19:00:00.000000000,2021-08-03T06:00:00.000000000,0.0,0.0
621,bonarcado_2021,train,2021-07-31T20:00:00.000000000,2021-08-03T07:00:00.000000000,0.0,0.0
622,bonarcado_2021,train,2021-07-31T21:00:00.000000000,2021-08-03T08:00:00.000000000,0.0,0.0
623,bonarcado_2021,train,2021-07-31T22:00:00.000000000,2021-08-03T09:00:00.000000000,0.0,0.0
624,bonarcado_2021,train,2021-07-31T23:00:00.000000000,2021-08-03T10:00:00.000000000,0.0,0.0
625,bonarcado_2021,train,2021-08-01T00:00:00.000000000,2021-08-03T11:00:00.000000000,0.0,0.0
626,bonarcado_2021,train,2021-08-01T01:00:00.000000000,2021-08-03T12:00:00.000000000,0.0,0.0
627,bonarcado_2021,train,2021-08-01T02:00:00.000000000,2021-08-03T13:00:00.000000000,0.0,0.0
628,bonarcado_2021,train,2021-08-01T03:00:00.000000000,2021-08-03T14:00:00.000000000,0.0,0.0
629,bonarcado_2021,train,2021-08-01T04:00:00.000000000,2021-08-03T15:00:00.000000000,0.0,0.0
630,bonarcado_2021,train,2021-08-01T05:00:00.000000000,2021-08-03T16:00:00.000000000,0.0,0.0
631,bonarcado_2021,train,2021-08-01T06:00:00.000000000,2021-08-03T17:00:00.000000000,0.0,0.0
632,bonarcado_2021,train,2021-08-01T07:00:00.000000000,2021-08-03T18:00:00.000000000,0.0,0.0
633,bonarcado_2021,train,2021-08-01T08:00:00.000000000,2021-08-03T19:00:00.000000000,0.0,0.0
634,bonarcado_2021,train,2021-08-01T09:00:00.000000000,2021-08-03T20:00:00.000000000,0.0,0.0
635,bonarcado_2021,train,2021-08-01T10:00:00.000000000,2021-08-03T21:00:00.000000000,0.0,0.0
636,bonarcado_2021,train,2021-08-01T11:00:00.000000000,2021-08-03T22:00:00.000000000,0.0,0.0
637,bonarcado_2021,train,2021-08-01T12:00:00.000000000,2021-08-03T23:00:00.000000000,0.0,0.0
638,bonarcado_2021,train,2021-08-01T13:00:00.000000000,2021-08-04T00:00:00.000000000,0.0,0.0
639,bonarcado_2021,train,2021-08-01T14:00:00.000000000,2021-08-04T01:00:00.000000000,0.0,0.0
640,bonarcado_2021,train,2021-08-01T15:00:00.000000000,2021-08-04T02:00:00.000000000,0.0,0.0
641,bonarcado_2021,train,2021-08-01T16:00:00.000000000,2021-08-04T03:00:00.000000000,0.0,0.0
642,bonarcado_2021,train,2021-08-01T17:00:00.000000000,2021-08-04T04:00:00.000000000,0.0,0.0
643,bonarcado_2021,train,2021-08-01T18:00:00.000000000,2021-08-04T05:00:00.000000000,0.0,0.0
644,bonarcado_2021,train,2021-08-01T19:00:00.000000000,2021-08-04T06:00:00.000000000,0.0,0.0
645,bonarcado_2021,train,2021-08-01T20:00:00.000000000,2021-08-04T07:00:00.000000000,0.0,0.0
646,bonarcado_2021,train,2021-08-01T21:00:00.000000000,2021-08-04T08:00:00.000000000,0.0,0.0
647,bonarcado_2021,train,2021-08-01T22:00:00.000000000,2021-08-04T09:00:00.000000000,0.0,0.0
648,bonarcado_2021,train,2021-08-01T23:00:00.000000000,2021-08-04T10:00:00.000000000,0.0,0.0
649,bonarcado_2021,train,2021-08-02T00:00:00.000000000,2021-08-04T11:00:00.000000000,0.0,0.0
650,bonarcado_2021,train,2021-08-02T01:00:00.000000000,2021-08-04T12:00:00.000000000,0.0,0.0
651,bonarcado_2021,train,2021-08-02T02:00:00.000000000,2021-08-04T13:00:00.000000000,0.0,0.0
652,bonarcado_2021,train,2021-08-02T03:00:00.000000000,2021-08-04T14:00:00.000000000,0.0,0.0
653,bonarcado_2021,train,2021-08-02T04:00:00.000000000,2021-08-04T15:00:00.000000000,0.0,0.0
654,bonarcado_2021,train,2021-08-02T05:00:00.000000000,2021-08-04T16:00:00.000000000,0.0,0.0
655,bonarcado_2021,train,2021-08-02T06:00:00.000000000,2021-08-04T17:00:00.000000000,0.0,0.0
656,bonarcado_2021,train,2021-08-02T07:00:00.000000000,2021-08-04T18:00:00.000000000,0.0,0.0
657,bonarcado_2021,train,2021-08-02T08:00:00.000000000,2021-08-04T19:00:00.000000000,0.0,0.0
658,bonarcado_2021,train,2021-08-02T09:00:00.000000000,2021-08-04T20:00:00.000000000,0.0,0.0
659,bonarcado_2021,train,2021-08-02T10:00:00.000000000,2021-08-04T21:00:00.000000000,0.0,0.0
660,bonarcado_2021,train,2021-08-02T11:00:00.000000000,2021-08-04T22:00:00.000000000,0.0,0.0
661,bonarcado_2021,train,2021-08-02T12:00:00.000000000,2021-08-04T23:00:00.000000000,0.0,0.0
662,bonarcado_2021,train,2021-08-02T13:00:00.000000000,2021-08-05T00:00:00.000000000,0.0,0.0
663,bonarcado_2021,train,2021-08-02T14:00:00.000000000,2021-08-05T01:00:00.000000000,0.0,0.0
664,bonarcado_2021,train,2021-08-02T15:00:00.000000000,2021-08-05T02:00:00.000000000,0.0,0.0
665,bonarcado_2021,train,2021-08-02T16:00:00.000000000,2021-08-05T03:00:00.000000000,0.0,0.0
666,bonarcado_2021,train,2021-08-02T17:00:00.000000000,2021-08-05T04:00:00.000000000,0.0,0.0
667,bonarcado_2021,train,2021-08-02T18:00:00.000000000,2021-08-05T05:00:00.000000000,0.0,0.0
668,bonarcado_2021,train,2021-08-02T19:00:00.000000000,2021-08-05T06:00:00.000000000,0.0,0.0
669,bonarcado_2021,train,2021-08-02T20:00:00.000000000,2021-08-05T07:00:00.000000000,0.0,0.0
670,bonarcado_2021,train,2021-08-02T21:00:00.000000000,2021-08-05T08:00:00.000000000,0.0,0.0
671,bonarcado_2021,train,2021-08-02T22:00:00.000000000,2021-08-05T09:00:00.000000000,0.0,0.0
672,bonarcado_2021,train,2021-08-02T23:00:00.000000000,2021-08-05T10:00:00.000000000,0.0,0.0
673,bonarcado_2021,train,2021-08-03T00:00:00.000000000,2021-08-05T11:00:00.000000000,0.0,0.0
674,bonarcado_2021,train,2021-08-03T01:00:00.000000000,2021-08-05T12:00:00.000000000,0.0,0.0
675,bonarcado_2021,train,2021-08-03T02:00:00.000000000,2021-08-05T13:00:00.000000000,0.0,0.0
676,bonarcado_2021,train,2021-08-03T03:00:00.000000000,2021-08-05T14:00:00.000000000,0.0,0.0
677,bonarcado_2021,train,2021-08-03T04:00:00.000000000,2021-08-05T15:00:00.000000000,0.0,0.0
678,bonarcado_2021,train,2021-08-03T05:00:00.000000000,2021-08-05T16:00:00.000000000,0.0,0.0
679,bonarcado_2021,train,2021-08-03T06:00:00.000000000,2021-08-05T17:00:00.000000000,0.0,0.0
680,bonarcado_2021,train,2021-08-03T07:00:00.000000000,2021-08-05T18:00:00.000000000,0.0,0.0
681,bonarcado_2021,train,2021-08-03T08:00:00.000000000,2021-08-05T19:00:00.000000000,0.0,0.0
682,bonarcado_2021,train,2021-08-03T09:00:00.000000000,2021-08-05T20:00:00.000000000,0.0,0.0
683,bonarcado_2021,train,2021-08-03T10:00:00.000000000,2021-08-05T21:00:00.000000000,0.0,0.0
684,bonarcado_2021,train,2021-08-03T11:00:00.000000000,2021-08-05T22:00:00.000000000,0.0,0.0
685,bonarcado_2021,train,2021-08-03T12:00:00.000000000,2021-08-05T23:00:00.000000000,0.0,0.0
686,bonarcado_2021,train,2021-08-03T13:00:00.000000000,2021-08-06T00:00:00.000000000,0.0,0.0
687,bonarcado_2021,train,2021-08-03T14:00:00.000000000,2021-08-06T01:00:00.000000000,0.0,0.0
688,bonarcado_2021,train,2021-08-03T15:00:00.000000000,2021-08-06T02:00:00.000000000,0.0,0.0
689,bonarcado_2021,train,2021-08-03T16:00:00.000000000,2021-08-06T03:00:00.000000000,0.0,0.0
690,bonarcado_2021,train,2021-08-03T17:00:00.000000000,2021-08-06T04:00:00.000000000,0.0,0.0
691,bonarcado_2021,train,2021-08-03T18:00:00.000000000,2021-08-06T05:00:00.000000000,0.0,0.0
692,bonarcado_2021,train,2021-08-03T19:00:00.000000000,2021-08-06T06:00:00.000000000,0.0,0.0
693,bonarcado_2021,train,2021-08-03T20:00:00.000000000,2021-08-06T07:00:00.000000000,0.0,0.0
694,bonarcado_2021,train,2021-08-03T21:00:00.000000000,2021-08-06T08:00:00.000000000,7.616666793823242,91.4000015258789
695,bonarcado_2021,train,2021-08-03T22:00:00.000000000,2021-08-06T09:00:00.000000000,37.03333282470703,353.0
696,bonarcado_2021,train,2021-08-03T23:00:00.000000000,2021-08-06T10:00:00.000000000,84.2750015258789,566.9000244140625
697,bonarcado_2021,train,2021-08-04T00:00:00.000000000,2021-08-06T11:00:00.000000000,130.65000915527344,566.9000244140625
698,bonarcado_2021,train,2021-08-04T01:00:00.000000000,2021-08-06T12:00:00.000000000,162.3249969482422,566.9000244140625
699,bonarcado_2021,train,2021-08-04T02:00:00.000000000,2021-08-06T13:00:00.000000000,190.85833740234375,566.9000244140625
700,bonarcado_2021,train,2021-08-04T03:00:00.000000000,2021-08-06T14:00:00.000000000,190.85833740234375,566.9000244140625
701,bonarcado_2021,train,2021-08-04T04:00:00.000000000,2021-08-06T15:00:00.000000000,190.85833740234375,566.9000244140625
702,bonarcado_2021,train,2021-08-04T05:00:00.000000000,2021-08-06T16:00:00.000000000,190.85833740234375,566.9000244140625
703,bonarcado_2021,train,2021-08-04T06:00:00.000000000,2021-08-06T17:00:00.000000000,190.85833740234375,566.9000244140625
704,bonarcado_2021,train,2021-08-04T07:00:00.000000000,2021-08-06T18:00:00.000000000,190.85833740234375,566.9000244140625
705,bonarcado_2021,train,2021-08-04T08:00:00.000000000,2021-08-06T19:00:00.000000000,190.85833740234375,566.9000244140625
706,bonarcado_2021,train,2021-08-04T09:00:00.000000000,2021-08-06T20:00:00.000000000,183.2416534423828,566.9000244140625
707,bonarcado_2021,train,2021-08-04T10:00:00.000000000,2021-08-06T21:00:00.000000000,153.8249969482422,566.9000244140625
708,bonarcado_2021,train,2021-08-04T11:00:00.000000000,2021-08-06T22:00:00.000000000,106.58333587646484,556.5
709,bonarcado_2021,train,2021-08-04T12:00:00.000000000,2021-08-06T23:00:00.000000000,60.20833206176758,380.1000061035156
710,antalya_2021,train,2021-07-29T00:00:00.000000000,2021-07-31T11:00:00.000000000,17481.216796875,24183.30078125
711,antalya_2021,train,2021-07-29T01:00:00.000000000,2021-07-31T12:00:00.000000000,17353.04296875,24183.30078125
712,antalya_2021,train,2021-07-29T02:00:00.000000000,2021-07-31T13:00:00.000000000,17269.068359375,24183.30078125
713,antalya_2021,train,2021-07-29T03:00:00.000000000,2021-07-31T14:00:00.000000000,17213.134765625,24183.30078125
714,antalya_2021,train,2021-07-29T04:00:00.000000000,2021-07-31T15:00:00.000000000,16579.18359375,24183.30078125
715,antalya_2021,train,2021-07-29T05:00:00.000000000,2021-07-31T16:00:00.000000000,15737.3330078125,24183.30078125
716,antalya_2021,train,2021-07-29T06:00:00.000000000,2021-07-31T17:00:00.000000000,14703.3427734375,24183.30078125
717,antalya_2021,train,2021-07-29T07:00:00.000000000,2021-07-31T18:00:00.000000000,13194.3916015625,24183.30078125
718,antalya_2021,train,2021-07-29T08:00:00.000000000,2021-07-31T19:00:00.000000000,11510.0673828125,19881.69921875
719,antalya_2021,train,2021-07-29T09:00:00.000000000,2021-07-31T20:00:00.000000000,10180.1494140625,16307.900390625
720,antalya_2021,train,2021-07-29T10:00:00.000000000,2021-07-31T21:00:00.000000000,9004.658203125,15717.7001953125
721,antalya_2021,train,2021-07-29T11:00:00.000000000,2021-07-31T22:00:00.000000000,8429.6826171875,15717.7001953125
722,antalya_2021,train,2021-07-29T12:00:00.000000000,2021-07-31T23:00:00.000000000,7308.70849609375,15717.7001953125
723,antalya_2021,train,2021-07-29T13:00:00.000000000,2021-08-01T00:00:00.000000000,6301.74072265625,15717.7001953125
724,antalya_2021,train,2021-07-29T14:00:00.000000000,2021-08-01T01:00:00.000000000,5477.16650390625,15717.7001953125
725,antalya_2021,train,2021-07-29T15:00:00.000000000,2021-08-01T02:00:00.000000000,4411.0,12697.2998046875
726,antalya_2021,train,2021-07-29T16:00:00.000000000,2021-08-01T03:00:00.000000000,3555.18359375,7705.39990234375
727,antalya_2021,train,2021-07-29T17:00:00.000000000,2021-08-01T04:00:00.000000000,2952.849609375,6473.2998046875
728,antalya_2021,train,2021-07-29T18:00:00.000000000,2021-08-01T05:00:00.000000000,2456.5,5173.0
729,antalya_2021,train,2021-07-29T19:00:00.000000000,2021-08-01T06:00:00.000000000,2083.199951171875,3971.39990234375
730,antalya_2021,train,2021-07-29T20:00:00.000000000,2021-08-01T07:00:00.000000000,2108.9833984375,4280.7998046875
731,antalya_2021,train,2021-07-29T21:00:00.000000000,2021-08-01T08:00:00.000000000,2445.30810546875,7958.60009765625
732,antalya_2021,train,2021-07-29T22:00:00.000000000,2021-08-01T09:00:00.000000000,3016.150146484375,9052.099609375
733,antalya_2021,train,2021-07-29T23:00:00.000000000,2021-08-01T10:00:00.000000000,3365.0,9052.099609375
734,antalya_2021,train,2021-07-30T00:00:00.000000000,2021-08-01T11:00:00.000000000,3879.1416015625,9052.099609375
735,antalya_2021,train,2021-07-30T01:00:00.000000000,2021-08-01T12:00:00.000000000,4399.85009765625,9052.099609375
736,antalya_2021,train,2021-07-30T02:00:00.000000000,2021-08-01T13:00:00.000000000,5109.0498046875,10507.0
737,antalya_2021,train,2021-07-30T03:00:00.000000000,2021-08-01T14:00:00.000000000,5786.150390625,11048.900390625
738,antalya_2021,train,2021-07-30T04:00:00.000000000,2021-08-01T15:00:00.000000000,6199.27490234375,11048.900390625
739,antalya_2021,train,2021-07-30T05:00:00.000000000,2021-08-01T16:00:00.000000000,6524.591796875,11048.900390625
740,antalya_2021,train,2021-07-30T06:00:00.000000000,2021-08-01T17:00:00.000000000,6679.716796875,11048.900390625
741,antalya_2021,train,2021-07-30T07:00:00.000000000,2021-08-01T18:00:00.000000000,6739.85009765625,11048.900390625
742,antalya_2021,train,2021-07-30T08:00:00.000000000,2021-08-01T19:00:00.000000000,6470.96728515625,11048.900390625
743,antalya_2021,train,2021-07-30T09:00:00.000000000,2021-08-01T20:00:00.000000000,5896.892578125,11048.900390625
744,antalya_2021,train,2021-07-30T10:00:00.000000000,2021-08-01T21:00:00.000000000,5308.03369140625,11048.900390625
745,antalya_2021,train,2021-07-30T11:00:00.000000000,2021-08-01T22:00:00.000000000,4881.84130859375,11048.900390625
746,antalya_2021,train,2021-07-30T12:00:00.000000000,2021-08-01T23:00:00.000000000,4311.466796875,11048.900390625
747,antalya_2021,train,2021-07-30T13:00:00.000000000,2021-08-02T00:00:00.000000000,3805.8916015625,11048.900390625
748,antalya_2021,train,2021-07-30T14:00:00.000000000,2021-08-02T01:00:00.000000000,3166.633056640625,11048.900390625
749,antalya_2021,train,2021-07-30T15:00:00.000000000,2021-08-02T02:00:00.000000000,2523.625244140625,7385.0
750,antalya_2021,train,2021-07-30T16:00:00.000000000,2021-08-02T03:00:00.000000000,2464.141845703125,6671.2001953125
751,antalya_2021,train,2021-07-30T17:00:00.000000000,2021-08-02T04:00:00.000000000,2492.591552734375,6671.2001953125
752,antalya_2021,train,2021-07-30T18:00:00.000000000,2021-08-02T05:00:00.000000000,2598.7666015625,6671.2001953125
753,antalya_2021,train,2021-07-30T19:00:00.000000000,2021-08-02T06:00:00.000000000,3022.658203125,6671.2001953125
754,antalya_2021,train,2021-07-30T20:00:00.000000000,2021-08-02T07:00:00.000000000,3683.925048828125,8989.400390625
755,antalya_2021,train,2021-07-30T21:00:00.000000000,2021-08-02T08:00:00.000000000,4710.2998046875,13386.2001953125
756,antalya_2021,train,2021-07-30T22:00:00.000000000,2021-08-02T09:00:00.000000000,5032.17529296875,13386.2001953125
757,antalya_2021,train,2021-07-30T23:00:00.000000000,2021-08-02T10:00:00.000000000,5545.11669921875,13386.2001953125
758,antalya_2021,train,2021-07-31T00:00:00.000000000,2021-08-02T11:00:00.000000000,6498.466796875,13386.2001953125
759,antalya_2021,train,2021-07-31T01:00:00.000000000,2021-08-02T12:00:00.000000000,7520.85009765625,14405.0
760,antalya_2021,train,2021-07-31T02:00:00.000000000,2021-08-02T13:00:00.000000000,8073.20068359375,14405.0
761,antalya_2021,train,2021-07-31T03:00:00.000000000,2021-08-02T14:00:00.000000000,8933.8583984375,14405.0
762,antalya_2021,train,2021-07-31T04:00:00.000000000,2021-08-02T15:00:00.000000000,10198.1748046875,21843.0
763,antalya_2021,train,2021-07-31T05:00:00.000000000,2021-08-02T16:00:00.000000000,10961.1923828125,21843.0
764,antalya_2021,train,2021-07-31T06:00:00.000000000,2021-08-02T17:00:00.000000000,11732.7744140625,21843.0
765,antalya_2021,train,2021-07-31T07:00:00.000000000,2021-08-02T18:00:00.000000000,11969.0849609375,21843.0
766,antalya_2021,train,2021-07-31T08:00:00.000000000,2021-08-02T19:00:00.000000000,12049.890625,21843.0
767,antalya_2021,train,2021-07-31T09:00:00.000000000,2021-08-02T20:00:00.000000000,11562.44140625,21843.0
768,antalya_2021,train,2021-07-31T10:00:00.000000000,2021-08-02T21:00:00.000000000,11558.7158203125,21843.0
769,antalya_2021,train,2021-07-31T11:00:00.000000000,2021-08-02T22:00:00.000000000,11439.9091796875,21843.0
770,antalya_2021,train,2021-07-31T12:00:00.000000000,2021-08-02T23:00:00.000000000,11093.4736328125,21843.0
771,antalya_2021,train,2021-07-31T13:00:00.000000000,2021-08-03T00:00:00.000000000,10902.4423828125,21843.0
772,antalya_2021,train,2021-07-31T14:00:00.000000000,2021-08-03T01:00:00.000000000,11281.30859375,21843.0
773,antalya_2021,train,2021-07-31T15:00:00.000000000,2021-08-03T02:00:00.000000000,11494.7587890625,21843.0
774,antalya_2021,train,2021-07-31T16:00:00.000000000,2021-08-03T03:00:00.000000000,10856.5,16222.099609375
775,antalya_2021,train,2021-07-31T17:00:00.000000000,2021-08-03T04:00:00.000000000,10945.375,16222.099609375
776,antalya_2021,train,2021-07-31T18:00:00.000000000,2021-08-03T05:00:00.000000000,10413.3662109375,16222.099609375
777,antalya_2021,train,2021-07-31T19:00:00.000000000,2021-08-03T06:00:00.000000000,10064.3154296875,16222.099609375
778,antalya_2021,train,2021-07-31T20:00:00.000000000,2021-08-03T07:00:00.000000000,10177.1328125,16222.099609375
779,antalya_2021,train,2021-07-31T21:00:00.000000000,2021-08-03T08:00:00.000000000,10260.2998046875,16222.099609375
780,antalya_2021,train,2021-07-31T22:00:00.000000000,2021-08-03T09:00:00.000000000,10385.0908203125,16222.099609375
781,antalya_2021,train,2021-07-31T23:00:00.000000000,2021-08-03T10:00:00.000000000,10503.2080078125,16222.099609375
782,antalya_2021,train,2021-08-01T00:00:00.000000000,2021-08-03T11:00:00.000000000,10080.2666015625,16222.099609375
783,antalya_2021,train,2021-08-01T01:00:00.000000000,2021-08-03T12:00:00.000000000,9596.9423828125,16222.099609375
784,antalya_2021,train,2021-08-01T02:00:00.000000000,2021-08-03T13:00:00.000000000,9246.6669921875,16222.099609375
785,antalya_2021,train,2021-08-01T03:00:00.000000000,2021-08-03T14:00:00.000000000,8466.7255859375,14945.2998046875
786,antalya_2021,train,2021-08-01T04:00:00.000000000,2021-08-03T15:00:00.000000000,7782.10009765625,14945.2998046875
787,antalya_2021,train,2021-08-01T05:00:00.000000000,2021-08-03T16:00:00.000000000,6904.30029296875,11312.900390625
788,antalya_2021,train,2021-08-01T06:00:00.000000000,2021-08-03T17:00:00.000000000,6826.783203125,11312.900390625
789,antalya_2021,train,2021-08-01T07:00:00.000000000,2021-08-03T18:00:00.000000000,6868.025390625,11312.900390625
790,antalya_2021,train,2021-08-01T08:00:00.000000000,2021-08-03T19:00:00.000000000,6486.974609375,9807.2001953125
791,antalya_2021,train,2021-08-01T09:00:00.000000000,2021-08-03T20:00:00.000000000,6137.591796875,9807.2001953125
792,antalya_2021,train,2021-08-01T10:00:00.000000000,2021-08-03T21:00:00.000000000,5803.51708984375,9807.2001953125
793,antalya_2021,train,2021-08-01T11:00:00.000000000,2021-08-03T22:00:00.000000000,5464.01611328125,9807.2001953125
794,antalya_2021,train,2021-08-01T12:00:00.000000000,2021-08-03T23:00:00.000000000,5598.658203125,9807.2001953125
795,antalya_2021,train,2021-08-01T13:00:00.000000000,2021-08-04T00:00:00.000000000,5440.7666015625,9807.2001953125
796,antalya_2021,train,2021-08-01T14:00:00.000000000,2021-08-04T01:00:00.000000000,4857.625,6862.7998046875
797,antalya_2021,train,2021-08-01T15:00:00.000000000,2021-08-04T02:00:00.000000000,4608.86669921875,6740.2998046875
798,antalya_2021,train,2021-08-01T16:00:00.000000000,2021-08-04T03:00:00.000000000,4360.091796875,6740.2998046875
799,antalya_2021,train,2021-08-01T17:00:00.000000000,2021-08-04T04:00:00.000000000,4108.49169921875,6740.2998046875
800,antalya_2021,train,2021-08-01T18:00:00.000000000,2021-08-04T05:00:00.000000000,3704.824951171875,6740.2998046875
801,antalya_2021,train,2021-08-01T19:00:00.000000000,2021-08-04T06:00:00.000000000,3264.958251953125,6740.2998046875
802,antalya_2021,train,2021-08-01T20:00:00.000000000,2021-08-04T07:00:00.000000000,2803.658447265625,5156.10009765625
803,antalya_2021,train,2021-08-01T21:00:00.000000000,2021-08-04T08:00:00.000000000,2463.45849609375,5156.10009765625
804,antalya_2021,train,2021-08-01T22:00:00.000000000,2021-08-04T09:00:00.000000000,2195.650146484375,5156.10009765625
805,antalya_2021,train,2021-08-01T23:00:00.000000000,2021-08-04T10:00:00.000000000,1966.3499755859375,5156.10009765625
806,antalya_2021,train,2021-08-02T00:00:00.000000000,2021-08-04T11:00:00.000000000,1731.02490234375,4418.0
807,antalya_2021,train,2021-08-02T01:00:00.000000000,2021-08-04T12:00:00.000000000,1475.716796875,3877.699951171875
808,antalya_2021,train,2021-08-02T02:00:00.000000000,2021-08-04T13:00:00.000000000,1284.8914794921875,3877.699951171875
809,antalya_2021,train,2021-08-02T03:00:00.000000000,2021-08-04T14:00:00.000000000,1129.324951171875,2983.10009765625
810,antalya_2021,train,2021-08-02T04:00:00.000000000,2021-08-04T15:00:00.000000000,1002.933349609375,2332.199951171875
811,antalya_2021,train,2021-08-02T05:00:00.000000000,2021-08-04T16:00:00.000000000,912.683349609375,2332.199951171875
812,antalya_2021,train,2021-08-02T06:00:00.000000000,2021-08-04T17:00:00.000000000,853.791748046875,2332.199951171875
813,antalya_2021,train,2021-08-02T07:00:00.000000000,2021-08-04T18:00:00.000000000,827.61669921875,2332.199951171875
814,antalya_2021,train,2021-08-02T08:00:00.000000000,2021-08-04T19:00:00.000000000,742.1500854492188,2332.199951171875
815,antalya_2021,train,2021-08-02T09:00:00.000000000,2021-08-04T20:00:00.000000000,725.566650390625,2332.199951171875
816,antalya_2021,train,2021-08-02T10:00:00.000000000,2021-08-04T21:00:00.000000000,719.0249633789062,2332.199951171875
817,antalya_2021,train,2021-08-02T11:00:00.000000000,2021-08-04T22:00:00.000000000,694.2249145507812,2332.199951171875
818,antalya_2021,train,2021-08-02T12:00:00.000000000,2021-08-04T23:00:00.000000000,506.808349609375,2010.9000244140625
819,antalya_2021,train,2021-08-02T13:00:00.000000000,2021-08-05T00:00:00.000000000,393.9499816894531,2010.9000244140625
820,antalya_2021,train,2021-08-02T14:00:00.000000000,2021-08-05T01:00:00.000000000,350.6500244140625,2010.9000244140625
821,antalya_2021,train,2021-08-02T15:00:00.000000000,2021-08-05T02:00:00.000000000,183.0749969482422,1466.4000244140625
822,antalya_2021,train,2021-08-02T16:00:00.000000000,2021-08-05T03:00:00.000000000,74.74166870117188,309.5
823,antalya_2021,train,2021-08-02T17:00:00.000000000,2021-08-05T04:00:00.000000000,55.22500228881836,179.10000610351562
824,antalya_2021,train,2021-08-02T18:00:00.000000000,2021-08-05T05:00:00.000000000,51.33332824707031,179.10000610351562
825,antalya_2021,train,2021-08-02T19:00:00.000000000,2021-08-05T06:00:00.000000000,47.06666564941406,179.10000610351562
826,antalya_2021,train,2021-08-02T20:00:00.000000000,2021-08-05T07:00:00.000000000,32.141666412353516,166.39999389648438
827,antalya_2021,train,2021-08-02T21:00:00.000000000,2021-08-05T08:00:00.000000000,67.25,482.1000061035156
828,antalya_2021,train,2021-08-02T22:00:00.000000000,2021-08-05T09:00:00.000000000,100.41666412353516,482.1000061035156
829,antalya_2021,train,2021-08-02T23:00:00.000000000,2021-08-05T10:00:00.000000000,100.41666412353516,482.1000061035156
830,antalya_2021,train,2021-08-03T00:00:00.000000000,2021-08-05T11:00:00.000000000,93.48333740234375,482.1000061035156
831,antalya_2021,train,2021-08-03T01:00:00.000000000,2021-08-05T12:00:00.000000000,93.48333740234375,482.1000061035156
832,antalya_2021,train,2021-08-03T02:00:00.000000000,2021-08-05T13:00:00.000000000,93.48332977294922,482.1000061035156
833,antalya_2021,train,2021-08-03T03:00:00.000000000,2021-08-05T14:00:00.000000000,93.48332977294922,482.1000061035156
834,antalya_2021,train,2021-08-03T04:00:00.000000000,2021-08-05T15:00:00.000000000,79.61666107177734,482.1000061035156
835,antalya_2021,train,2021-08-03T05:00:00.000000000,2021-08-05T16:00:00.000000000,79.75833129882812,482.1000061035156
836,antalya_2021,train,2021-08-03T06:00:00.000000000,2021-08-05T17:00:00.000000000,79.75833129882812,482.1000061035156
837,antalya_2021,train,2021-08-03T07:00:00.000000000,2021-08-05T18:00:00.000000000,79.75833129882812,482.1000061035156
838,antalya_2021,train,2021-08-03T08:00:00.000000000,2021-08-05T19:00:00.000000000,79.75833129882812,482.1000061035156
839,antalya_2021,train,2021-08-03T09:00:00.000000000,2021-08-05T20:00:00.000000000,39.58333206176758,398.0
840,antalya_2021,train,2021-08-03T10:00:00.000000000,2021-08-05T21:00:00.000000000,6.416666507720947,77.0
841,antalya_2021,train,2021-08-03T11:00:00.000000000,2021-08-05T22:00:00.000000000,6.416666507720947,77.0
842,antalya_2021,train,2021-08-03T12:00:00.000000000,2021-08-05T23:00:00.000000000,6.416666507720947,77.0
843,antalya_2021,train,2021-08-03T13:00:00.000000000,2021-08-06T00:00:00.000000000,6.416666507720947,77.0
844,antalya_2021,train,2021-08-03T14:00:00.000000000,2021-08-06T01:00:00.000000000,6.416666507720947,77.0
845,antalya_2021,train,2021-08-03T15:00:00.000000000,2021-08-06T02:00:00.000000000,6.416666507720947,77.0
846,antalya_2021,train,2021-08-03T16:00:00.000000000,2021-08-06T03:00:00.000000000,6.416666507720947,77.0
847,antalya_2021,train,2021-08-03T17:00:00.000000000,2021-08-06T04:00:00.000000000,0.0,0.0
848,antalya_2021,train,2021-08-03T18:00:00.000000000,2021-08-06T05:00:00.000000000,0.0,0.0
849,antalya_2021,train,2021-08-03T19:00:00.000000000,2021-08-06T06:00:00.000000000,0.0,0.0
850,antalya_2021,train,2021-08-03T20:00:00.000000000,2021-08-06T07:00:00.000000000,0.0,0.0
851,antalya_2021,train,2021-08-03T21:00:00.000000000,2021-08-06T08:00:00.000000000,0.0,0.0
852,antalya_2021,train,2021-08-03T22:00:00.000000000,2021-08-06T09:00:00.000000000,0.0,0.0
853,antalya_2021,train,2021-08-03T23:00:00.000000000,2021-08-06T10:00:00.000000000,0.0,0.0
854,antalya_2021,train,2021-08-04T00:00:00.000000000,2021-08-06T11:00:00.000000000,0.0,0.0
855,antalya_2021,train,2021-08-04T01:00:00.000000000,2021-08-06T12:00:00.000000000,0.0,0.0
856,antalya_2021,train,2021-08-04T02:00:00.000000000,2021-08-06T13:00:00.000000000,0.0,0.0
857,antalya_2021,train,2021-08-04T03:00:00.000000000,2021-08-06T14:00:00.000000000,0.0,0.0
858,antalya_2021,train,2021-08-04T04:00:00.000000000,2021-08-06T15:00:00.000000000,0.0,0.0
859,antalya_2021,train,2021-08-04T05:00:00.000000000,2021-08-06T16:00:00.000000000,0.0,0.0
860,antalya_2021,train,2021-08-04T06:00:00.000000000,2021-08-06T17:00:00.000000000,0.0,0.0
861,antalya_2021,train,2021-08-04T07:00:00.000000000,2021-08-06T18:00:00.000000000,0.0,0.0
862,antalya_2021,train,2021-08-04T08:00:00.000000000,2021-08-06T19:00:00.000000000,0.0,0.0
863,antalya_2021,train,2021-08-04T09:00:00.000000000,2021-08-06T20:00:00.000000000,0.0,0.0
864,antalya_2021,train,2021-08-04T10:00:00.000000000,2021-08-06T21:00:00.000000000,0.0,0.0
865,antalya_2021,train,2021-08-04T11:00:00.000000000,2021-08-06T22:00:00.000000000,0.0,0.0
866,antalya_2021,train,2021-08-04T12:00:00.000000000,2021-08-06T23:00:00.000000000,0.0,0.0
867,antalya_2021,train,2021-08-04T13:00:00.000000000,2021-08-07T00:00:00.000000000,0.0,0.0
868,antalya_2021,train,2021-08-04T14:00:00.000000000,2021-08-07T01:00:00.000000000,0.0,0.0
869,antalya_2021,train,2021-08-04T15:00:00.000000000,2021-08-07T02:00:00.000000000,0.0,0.0
870,antalya_2021,train,2021-08-04T16:00:00.000000000,2021-08-07T03:00:00.000000000,0.0,0.0
871,antalya_2021,train,2021-08-04T17:00:00.000000000,2021-08-07T04:00:00.000000000,0.0,0.0
872,antalya_2021,train,2021-08-04T18:00:00.000000000,2021-08-07T05:00:00.000000000,0.0,0.0
873,antalya_2021,train,2021-08-04T19:00:00.000000000,2021-08-07T06:00:00.000000000,0.0,0.0
874,antalya_2021,train,2021-08-04T20:00:00.000000000,2021-08-07T07:00:00.000000000,0.0,0.0
875,antalya_2021,train,2021-08-04T21:00:00.000000000,2021-08-07T08:00:00.000000000,0.0,0.0
876,antalya_2021,train,2021-08-04T22:00:00.000000000,2021-08-07T09:00:00.000000000,0.0,0.0
877,antalya_2021,train,2021-08-04T23:00:00.000000000,2021-08-07T10:00:00.000000000,0.0,0.0
878,antalya_2021,train,2021-08-05T00:00:00.000000000,2021-08-07T11:00:00.000000000,0.0,0.0
879,antalya_2021,train,2021-08-05T01:00:00.000000000,2021-08-07T12:00:00.000000000,0.0,0.0
880,antalya_2021,train,2021-08-05T02:00:00.000000000,2021-08-07T13:00:00.000000000,0.0,0.0
881,antalya_2021,train,2021-08-05T03:00:00.000000000,2021-08-07T14:00:00.000000000,0.0,0.0
882,antalya_2021,train,2021-08-05T04:00:00.000000000,2021-08-07T15:00:00.000000000,0.0,0.0
883,antalya_2021,train,2021-08-05T05:00:00.000000000,2021-08-07T16:00:00.000000000,0.0,0.0
884,antalya_2021,train,2021-08-05T06:00:00.000000000,2021-08-07T17:00:00.000000000,0.0,0.0
885,antalya_2021,train,2021-08-05T07:00:00.000000000,2021-08-07T18:00:00.000000000,0.0,0.0
886,antalya_2021,train,2021-08-05T08:00:00.000000000,2021-08-07T19:00:00.000000000,0.0,0.0
887,antalya_2021,train,2021-08-05T09:00:00.000000000,2021-08-07T20:00:00.000000000,0.0,0.0
888,antalya_2021,train,2021-08-05T10:00:00.000000000,2021-08-07T21:00:00.000000000,0.0,0.0
889,antalya_2021,train,2021-08-05T11:00:00.000000000,2021-08-07T22:00:00.000000000,0.0,0.0
890,antalya_2021,train,2021-08-05T12:00:00.000000000,2021-08-07T23:00:00.000000000,0.0,0.0
891,evia_2021,train,2021-08-04T00:00:00.000000000,2021-08-06T11:00:00.000000000,399.4083251953125,2740.199951171875
892,evia_2021,train,2021-08-04T01:00:00.000000000,2021-08-06T12:00:00.000000000,501.8666687011719,2740.199951171875
893,evia_2021,train,2021-08-04T02:00:00.000000000,2021-08-06T13:00:00.000000000,678.5,2740.199951171875
894,evia_2021,train,2021-08-04T03:00:00.000000000,2021-08-06T14:00:00.000000000,832.36669921875,2740.199951171875
895,evia_2021,train,2021-08-04T04:00:00.000000000,2021-08-06T15:00:00.000000000,905.625,2740.199951171875
896,evia_2021,train,2021-08-04T05:00:00.000000000,2021-08-06T16:00:00.000000000,1025.38330078125,2740.199951171875
897,evia_2021,train,2021-08-04T06:00:00.000000000,2021-08-06T17:00:00.000000000,1105.13330078125,2740.199951171875
898,evia_2021,train,2021-08-04T07:00:00.000000000,2021-08-06T18:00:00.000000000,1105.13330078125,2740.199951171875
899,evia_2021,train,2021-08-04T08:00:00.000000000,2021-08-06T19:00:00.000000000,1105.13330078125,2740.199951171875
900,evia_2021,train,2021-08-04T09:00:00.000000000,2021-08-06T20:00:00.000000000,1105.13330078125,2740.199951171875
901,evia_2021,train,2021-08-04T10:00:00.000000000,2021-08-06T21:00:00.000000000,1105.13330078125,2740.199951171875
902,evia_2021,train,2021-08-04T11:00:00.000000000,2021-08-06T22:00:00.000000000,934.0750122070312,2740.199951171875
903,evia_2021,train,2021-08-04T12:00:00.000000000,2021-08-06T23:00:00.000000000,879.433349609375,2119.60009765625
904,evia_2021,train,2021-08-04T13:00:00.000000000,2021-08-07T00:00:00.000000000,776.9750366210938,2119.60009765625
905,evia_2021,train,2021-08-04T14:00:00.000000000,2021-08-07T01:00:00.000000000,600.3416748046875,2084.5
906,evia_2021,train,2021-08-04T15:00:00.000000000,2021-08-07T02:00:00.000000000,736.75,3483.300048828125
907,evia_2021,train,2021-08-04T16:00:00.000000000,2021-08-07T03:00:00.000000000,663.49169921875,3483.300048828125
908,evia_2021,train,2021-08-04T17:00:00.000000000,2021-08-07T04:00:00.000000000,543.7333374023438,3483.300048828125
909,evia_2021,train,2021-08-04T18:00:00.000000000,2021-08-07T05:00:00.000000000,463.9833068847656,3483.300048828125
910,evia_2021,train,2021-08-04T19:00:00.000000000,2021-08-07T06:00:00.000000000,463.9833068847656,3483.300048828125
911,evia_2021,train,2021-08-04T20:00:00.000000000,2021-08-07T07:00:00.000000000,644.0416870117188,3483.300048828125
912,evia_2021,train,2021-08-04T21:00:00.000000000,2021-08-07T08:00:00.000000000,861.3916625976562,3483.300048828125
913,evia_2021,train,2021-08-04T22:00:00.000000000,2021-08-07T09:00:00.000000000,1024.925048828125,3483.300048828125
914,evia_2021,train,2021-08-04T23:00:00.000000000,2021-08-07T10:00:00.000000000,1291.8333740234375,3483.300048828125
915,evia_2021,train,2021-08-05T00:00:00.000000000,2021-08-07T11:00:00.000000000,1182.683349609375,3483.300048828125
916,evia_2021,train,2021-08-05T01:00:00.000000000,2021-08-07T12:00:00.000000000,1293.933349609375,3483.300048828125
917,evia_2021,train,2021-08-05T02:00:00.000000000,2021-08-07T13:00:00.000000000,1494.1917724609375,3483.300048828125
918,evia_2021,train,2021-08-05T03:00:00.000000000,2021-08-07T14:00:00.000000000,1498.2166748046875,3531.60009765625
919,evia_2021,train,2021-08-05T04:00:00.000000000,2021-08-07T15:00:00.000000000,1553.11669921875,3531.60009765625
920,evia_2021,train,2021-08-05T05:00:00.000000000,2021-08-07T16:00:00.000000000,1608.6749267578125,3531.60009765625
921,evia_2021,train,2021-08-05T06:00:00.000000000,2021-08-07T17:00:00.000000000,1901.2999267578125,3531.60009765625
922,evia_2021,train,2021-08-05T07:00:00.000000000,2021-08-07T18:00:00.000000000,2120.958251953125,3531.60009765625
923,evia_2021,train,2021-08-05T08:00:00.000000000,2021-08-07T19:00:00.000000000,2081.966552734375,3531.60009765625
924,evia_2021,train,2021-08-05T09:00:00.000000000,2021-08-07T20:00:00.000000000,1903.2000732421875,3531.60009765625
925,evia_2021,train,2021-08-05T10:00:00.000000000,2021-08-07T21:00:00.000000000,1739.6666259765625,3531.60009765625
926,evia_2021,train,2021-08-05T11:00:00.000000000,2021-08-07T22:00:00.000000000,1472.7584228515625,3531.60009765625
927,evia_2021,train,2021-08-05T12:00:00.000000000,2021-08-07T23:00:00.000000000,1408.2000732421875,3531.60009765625
928,evia_2021,train,2021-08-05T13:00:00.000000000,2021-08-08T00:00:00.000000000,1329.7750244140625,3531.60009765625
929,evia_2021,train,2021-08-05T14:00:00.000000000,2021-08-08T01:00:00.000000000,1353.0416259765625,3531.60009765625
930,evia_2021,train,2021-08-05T15:00:00.000000000,2021-08-08T02:00:00.000000000,1202.175048828125,3511.5
931,evia_2021,train,2021-08-05T16:00:00.000000000,2021-08-08T03:00:00.000000000,1452.3250732421875,3660.60009765625
932,evia_2021,train,2021-08-05T17:00:00.000000000,2021-08-08T04:00:00.000000000,1697.45849609375,3660.60009765625
933,evia_2021,train,2021-08-05T18:00:00.000000000,2021-08-08T05:00:00.000000000,1613.2918701171875,3660.60009765625
934,evia_2021,train,2021-08-05T19:00:00.000000000,2021-08-08T06:00:00.000000000,1503.6585693359375,3660.60009765625
935,evia_2021,train,2021-08-05T20:00:00.000000000,2021-08-08T07:00:00.000000000,1636.1583251953125,3660.60009765625
936,evia_2021,train,2021-08-05T21:00:00.000000000,2021-08-08T08:00:00.000000000,1597.5750732421875,3660.60009765625
937,evia_2021,train,2021-08-05T22:00:00.000000000,2021-08-08T09:00:00.000000000,1597.5750732421875,3660.60009765625
938,evia_2021,train,2021-08-05T23:00:00.000000000,2021-08-08T10:00:00.000000000,1597.5750732421875,3660.60009765625
939,evia_2021,train,2021-08-06T00:00:00.000000000,2021-08-08T11:00:00.000000000,1597.5750732421875,3660.60009765625
940,evia_2021,train,2021-08-06T01:00:00.000000000,2021-08-08T12:00:00.000000000,1564.75,3660.60009765625
941,evia_2021,train,2021-08-06T02:00:00.000000000,2021-08-08T13:00:00.000000000,1376.5416259765625,3660.60009765625
942,evia_2021,train,2021-08-06T03:00:00.000000000,2021-08-08T14:00:00.000000000,1342.8917236328125,3660.60009765625
943,evia_2021,train,2021-08-06T04:00:00.000000000,2021-08-08T15:00:00.000000000,1082.7083740234375,3608.300048828125
944,evia_2021,train,2021-08-06T05:00:00.000000000,2021-08-08T16:00:00.000000000,782.0166625976562,3282.800048828125
945,evia_2021,train,2021-08-06T06:00:00.000000000,2021-08-08T17:00:00.000000000,573.5582885742188,3282.800048828125
946,evia_2021,train,2021-08-06T07:00:00.000000000,2021-08-08T18:00:00.000000000,463.5333251953125,3282.800048828125
947,evia_2021,train,2021-08-06T08:00:00.000000000,2021-08-08T19:00:00.000000000,189.9666748046875,1317.4000244140625
948,evia_2021,train,2021-08-06T09:00:00.000000000,2021-08-08T20:00:00.000000000,189.9666748046875,1317.4000244140625
949,evia_2021,train,2021-08-06T10:00:00.000000000,2021-08-08T21:00:00.000000000,189.9666748046875,1317.4000244140625
950,evia_2021,train,2021-08-06T11:00:00.000000000,2021-08-08T22:00:00.000000000,189.9666748046875,1317.4000244140625
951,evia_2021,train,2021-08-06T12:00:00.000000000,2021-08-08T23:00:00.000000000,189.9666748046875,1317.4000244140625
952,evia_2021,train,2021-08-06T13:00:00.000000000,2021-08-09T00:00:00.000000000,189.9666748046875,1317.4000244140625
953,evia_2021,train,2021-08-06T14:00:00.000000000,2021-08-09T01:00:00.000000000,154.65000915527344,1317.4000244140625
954,evia_2021,train,2021-08-06T15:00:00.000000000,2021-08-09T02:00:00.000000000,44.866668701171875,538.4000244140625
955,evia_2021,train,2021-08-06T16:00:00.000000000,2021-08-09T03:00:00.000000000,0.0,0.0
956,evia_2021,train,2021-08-06T17:00:00.000000000,2021-08-09T04:00:00.000000000,0.0,0.0
957,evia_2021,train,2021-08-06T18:00:00.000000000,2021-08-09T05:00:00.000000000,0.0,0.0
958,evia_2021,train,2021-08-06T19:00:00.000000000,2021-08-09T06:00:00.000000000,0.0,0.0
959,evia_2021,train,2021-08-06T20:00:00.000000000,2021-08-09T07:00:00.000000000,0.0,0.0
960,evia_2021,train,2021-08-06T21:00:00.000000000,2021-08-09T08:00:00.000000000,0.0,0.0
961,evia_2021,train,2021-08-06T22:00:00.000000000,2021-08-09T09:00:00.000000000,0.0,0.0
962,evia_2021,train,2021-08-06T23:00:00.000000000,2021-08-09T10:00:00.000000000,0.0,0.0
963,evia_2021,train,2021-08-07T00:00:00.000000000,2021-08-09T11:00:00.000000000,55.9083366394043,670.9000244140625
964,evia_2021,train,2021-08-07T01:00:00.000000000,2021-08-09T12:00:00.000000000,300.3666687011719,2933.5
965,evia_2021,train,2021-08-07T02:00:00.000000000,2021-08-09T13:00:00.000000000,550.2083129882812,2998.10009765625
966,evia_2021,train,2021-08-07T03:00:00.000000000,2021-08-09T14:00:00.000000000,752.691650390625,2998.10009765625
967,evia_2021,train,2021-08-07T04:00:00.000000000,2021-08-09T15:00:00.000000000,965.5582885742188,2998.10009765625
968,evia_2021,train,2021-08-07T05:00:00.000000000,2021-08-09T16:00:00.000000000,965.5582885742188,2998.10009765625
969,evia_2021,train,2021-08-07T06:00:00.000000000,2021-08-09T17:00:00.000000000,965.5582885742188,2998.10009765625
970,evia_2021,train,2021-08-07T07:00:00.000000000,2021-08-09T18:00:00.000000000,965.5584106445312,2998.10009765625
971,evia_2021,train,2021-08-07T08:00:00.000000000,2021-08-09T19:00:00.000000000,965.5584106445312,2998.10009765625
972,evia_2021,train,2021-08-07T09:00:00.000000000,2021-08-09T20:00:00.000000000,965.558349609375,2998.10009765625
973,evia_2021,train,2021-08-07T10:00:00.000000000,2021-08-09T21:00:00.000000000,965.558349609375,2998.10009765625
974,evia_2021,train,2021-08-07T11:00:00.000000000,2021-08-09T22:00:00.000000000,965.5584106445312,2998.10009765625
975,evia_2021,train,2021-08-07T12:00:00.000000000,2021-08-09T23:00:00.000000000,909.6500854492188,2998.10009765625
976,evia_2021,train,2021-08-07T13:00:00.000000000,2021-08-10T00:00:00.000000000,665.1917114257812,2998.10009765625
977,evia_2021,train,2021-08-07T14:00:00.000000000,2021-08-10T04:00:00.000000000,415.3500061035156,2554.39990234375
978,evia_2021,train,2021-08-07T15:00:00.000000000,2021-08-10T05:00:00.000000000,212.8666534423828,2554.39990234375
979,evia_2021,train,2021-08-07T16:00:00.000000000,2021-08-10T06:00:00.000000000,0.0,0.0
980,evia_2021,train,2021-08-07T17:00:00.000000000,2021-08-10T07:00:00.000000000,0.0,0.0
981,evia_2021,train,2021-08-07T18:00:00.000000000,2021-08-10T08:00:00.000000000,0.0,0.0
982,evia_2021,train,2021-08-07T19:00:00.000000000,2021-08-10T09:00:00.000000000,0.0,0.0
983,evia_2021,train,2021-08-07T20:00:00.000000000,2021-08-10T10:00:00.000000000,0.0,0.0
984,evia_2021,train,2021-08-07T21:00:00.000000000,2021-08-10T11:00:00.000000000,101.73333740234375,1220.800048828125
985,evia_2021,train,2021-08-07T22:00:00.000000000,2021-08-10T12:00:00.000000000,101.73333740234375,1220.800048828125
986,evia_2021,train,2021-08-07T23:00:00.000000000,2021-08-10T13:00:00.000000000,101.73333740234375,1220.800048828125
987,evia_2021,train,2021-08-08T00:00:00.000000000,2021-08-10T14:00:00.000000000,101.73333740234375,1220.800048828125
988,evia_2021,train,2021-08-08T01:00:00.000000000,2021-08-10T15:00:00.000000000,101.73333740234375,1220.800048828125
989,evia_2021,train,2021-08-08T02:00:00.000000000,2021-08-10T16:00:00.000000000,101.73333740234375,1220.800048828125
990,evia_2021,train,2021-08-08T03:00:00.000000000,2021-08-10T17:00:00.000000000,101.73333740234375,1220.800048828125
991,evia_2021,train,2021-08-08T04:00:00.000000000,2021-08-10T18:00:00.000000000,101.73333740234375,1220.800048828125
992,evia_2021,train,2021-08-08T05:00:00.000000000,2021-08-10T19:00:00.000000000,101.73333740234375,1220.800048828125
993,evia_2021,train,2021-08-08T06:00:00.000000000,2021-08-10T20:00:00.000000000,101.73333740234375,1220.800048828125
994,evia_2021,train,2021-08-08T07:00:00.000000000,2021-08-10T21:00:00.000000000,101.73333740234375,1220.800048828125
995,evia_2021,train,2021-08-08T08:00:00.000000000,2021-08-10T22:00:00.000000000,101.73333740234375,1220.800048828125
996,evia_2021,train,2021-08-08T09:00:00.000000000,2021-08-10T23:00:00.000000000,0.0,0.0
997,evia_2021,train,2021-08-08T10:00:00.000000000,2021-08-11T00:00:00.000000000,0.0,0.0
998,evia_2021,train,2021-08-08T11:00:00.000000000,2021-08-11T01:00:00.000000000,0.0,0.0
999,evia_2021,train,2021-08-08T12:00:00.000000000,2021-08-11T02:00:00.000000000,0.0,0.0
1000,evia_2021,train,2021-08-08T13:00:00.000000000,2021-08-11T03:00:00.000000000,0.0,0.0
1001,evia_2021,train,2021-08-08T14:00:00.000000000,2021-08-11T04:00:00.000000000,0.0,0.0
1002,evia_2021,train,2021-08-08T15:00:00.000000000,2021-08-11T05:00:00.000000000,0.0,0.0
1003,evia_2021,train,2021-08-08T16:00:00.000000000,2021-08-11T06:00:00.000000000,0.0,0.0
1004,evia_2021,train,2021-08-08T17:00:00.000000000,2021-08-11T07:00:00.000000000,0.0,0.0
1005,evia_2021,train,2021-08-08T18:00:00.000000000,2021-08-11T08:00:00.000000000,0.0,0.0
1006,evia_2021,train,2021-08-08T19:00:00.000000000,2021-08-11T09:00:00.000000000,0.0,0.0
1007,evia_2021,train,2021-08-08T20:00:00.000000000,2021-08-11T10:00:00.000000000,0.0,0.0
1008,evia_2021,train,2021-08-08T21:00:00.000000000,2021-08-11T11:00:00.000000000,0.0,0.0
1009,evia_2021,train,2021-08-08T22:00:00.000000000,2021-08-11T12:00:00.000000000,0.0,0.0
1010,evia_2021,train,2021-08-08T23:00:00.000000000,2021-08-11T13:00:00.000000000,0.0,0.0
1011,evia_2021,train,2021-08-09T00:00:00.000000000,2021-08-11T14:00:00.000000000,0.0,0.0
1012,evia_2021,train,2021-08-09T01:00:00.000000000,2021-08-11T15:00:00.000000000,0.0,0.0
1013,evia_2021,train,2021-08-09T02:00:00.000000000,2021-08-11T16:00:00.000000000,0.0,0.0
1014,evia_2021,train,2021-08-09T03:00:00.000000000,2021-08-11T17:00:00.000000000,0.0,0.0
1015,evia_2021,train,2021-08-09T04:00:00.000000000,2021-08-11T18:00:00.000000000,0.0,0.0
1016,evia_2021,train,2021-08-09T05:00:00.000000000,2021-08-11T19:00:00.000000000,0.0,0.0
1017,evia_2021,train,2021-08-09T06:00:00.000000000,2021-08-11T20:00:00.000000000,0.0,0.0
1018,evia_2021,train,2021-08-09T07:00:00.000000000,2021-08-11T21:00:00.000000000,0.0,0.0
1019,evia_2021,train,2021-08-09T08:00:00.000000000,2021-08-11T22:00:00.000000000,0.0,0.0
1020,evia_2021,train,2021-08-09T09:00:00.000000000,2021-08-11T23:00:00.000000000,0.0,0.0
1021,evia_2021,train,2021-08-09T10:00:00.000000000,2021-08-12T00:00:00.000000000,0.0,0.0
1022,evia_2021,train,2021-08-09T11:00:00.000000000,2021-08-12T01:00:00.000000000,0.0,0.0
1023,evia_2021,train,2021-08-09T12:00:00.000000000,2021-08-12T02:00:00.000000000,0.0,0.0
1024,evia_2021,train,2021-08-09T13:00:00.000000000,2021-08-12T03:00:00.000000000,0.0,0.0
1025,evia_2021,train,2021-08-09T14:00:00.000000000,2021-08-12T04:00:00.000000000,0.0,0.0
1026,evia_2021,train,2021-08-09T15:00:00.000000000,2021-08-12T05:00:00.000000000,0.0,0.0
1027,evia_2021,train,2021-08-09T16:00:00.000000000,2021-08-12T06:00:00.000000000,0.0,0.0
1028,evia_2021,train,2021-08-09T17:00:00.000000000,2021-08-12T07:00:00.000000000,0.0,0.0
1029,evia_2021,train,2021-08-09T18:00:00.000000000,2021-08-12T08:00:00.000000000,0.0,0.0
1030,evia_2021,train,2021-08-09T19:00:00.000000000,2021-08-12T09:00:00.000000000,0.0,0.0
1031,evia_2021,train,2021-08-09T20:00:00.000000000,2021-08-12T10:00:00.000000000,0.0,0.0
1032,evia_2021,train,2021-08-09T21:00:00.000000000,2021-08-12T11:00:00.000000000,0.0,0.0
1033,evia_2021,train,2021-08-09T22:00:00.000000000,2021-08-12T12:00:00.000000000,0.0,0.0
1034,evia_2021,train,2021-08-09T23:00:00.000000000,2021-08-12T13:00:00.000000000,0.0,0.0
1035,evia_2021,train,2021-08-10T00:00:00.000000000,2021-08-12T14:00:00.000000000,0.0,0.0
1036,evia_2021,train,2021-08-10T04:00:00.000000000,2021-08-12T15:00:00.000000000,0.0,0.0
1037,evia_2021,train,2021-08-10T05:00:00.000000000,2021-08-12T16:00:00.000000000,0.0,0.0
1038,evia_2021,train,2021-08-10T06:00:00.000000000,2021-08-12T17:00:00.000000000,0.0,0.0
1039,evia_2021,train,2021-08-10T07:00:00.000000000,2021-08-12T18:00:00.000000000,0.0,0.0
1040,evia_2021,train,2021-08-10T08:00:00.000000000,2021-08-12T19:00:00.000000000,0.0,0.0
1041,evia_2021,train,2021-08-10T09:00:00.000000000,2021-08-12T20:00:00.000000000,0.0,0.0
1042,evia_2021,train,2021-08-10T10:00:00.000000000,2021-08-12T21:00:00.000000000,0.0,0.0
1043,evia_2021,train,2021-08-10T11:00:00.000000000,2021-08-12T22:00:00.000000000,0.0,0.0
1044,evia_2021,train,2021-08-10T12:00:00.000000000,2021-08-12T23:00:00.000000000,0.0,0.0
1045,olympia_2021,train,2021-08-04T00:00:00.000000000,2021-08-07T19:00:00.000000000,9672.1005859375,23367.69921875
1046,olympia_2021,train,2021-08-04T01:00:00.000000000,2021-08-07T20:00:00.000000000,9687.458984375,23367.69921875
1047,olympia_2021,train,2021-08-05T07:00:00.000000000,2021-08-07T21:00:00.000000000,9572.1005859375,23367.69921875
1048,olympia_2021,train,2021-08-05T08:00:00.000000000,2021-08-07T22:00:00.000000000,9119.1591796875,23367.69921875
1049,olympia_2021,train,2021-08-05T09:00:00.000000000,2021-08-07T23:00:00.000000000,7876.74169921875,23367.69921875
1050,olympia_2021,train,2021-08-05T10:00:00.000000000,2021-08-08T00:00:00.000000000,5930.94970703125,23367.69921875
1051,olympia_2021,train,2021-08-05T11:00:00.000000000,2021-08-08T01:00:00.000000000,3983.641845703125,19527.5
1052,olympia_2021,train,2021-08-05T12:00:00.000000000,2021-08-08T02:00:00.000000000,2356.349853515625,11119.2001953125
1053,olympia_2021,train,2021-08-05T13:00:00.000000000,2021-08-08T03:00:00.000000000,1429.75,7670.2001953125
1054,olympia_2021,train,2021-08-05T14:00:00.000000000,2021-08-08T04:00:00.000000000,790.566650390625,3813.699951171875
1055,olympia_2021,train,2021-08-05T15:00:00.000000000,2021-08-08T05:00:00.000000000,472.75830078125,2060.60009765625
1056,olympia_2021,train,2021-08-05T16:00:00.000000000,2021-08-08T06:00:00.000000000,301.0416564941406,1078.199951171875
1057,olympia_2021,train,2021-08-05T17:00:00.000000000,2021-08-08T07:00:00.000000000,211.19166564941406,1053.0
1058,olympia_2021,train,2021-08-05T18:00:00.000000000,2021-08-08T08:00:00.000000000,144.85833740234375,1053.0
1059,olympia_2021,train,2021-08-05T19:00:00.000000000,2021-08-08T09:00:00.000000000,57.108333587646484,448.5
1060,olympia_2021,train,2021-08-05T20:00:00.000000000,2021-08-08T10:00:00.000000000,19.733333587646484,236.8000030517578
1061,olympia_2021,train,2021-08-05T21:00:00.000000000,2021-08-08T12:00:00.000000000,0.0,0.0
1062,olympia_2021,train,2021-08-05T22:00:00.000000000,2021-08-08T13:00:00.000000000,19.92500114440918,239.10000610351562
1063,olympia_2021,train,2021-08-05T23:00:00.000000000,2021-08-08T16:00:00.000000000,23.08333396911621,239.10000610351562
1064,olympia_2021,train,2021-08-06T00:00:00.000000000,2021-08-08T17:00:00.000000000,30.10833168029785,239.10000610351562
1065,olympia_2021,train,2021-08-06T01:00:00.000000000,2021-08-08T18:00:00.000000000,33.79166793823242,239.10000610351562
1066,olympia_2021,train,2021-08-06T02:00:00.000000000,2021-08-08T19:00:00.000000000,33.79166793823242,239.10000610351562
1067,olympia_2021,train,2021-08-06T03:00:00.000000000,2021-08-08T20:00:00.000000000,33.79166793823242,239.10000610351562
1068,olympia_2021,train,2021-08-06T04:00:00.000000000,2021-08-08T21:00:00.000000000,33.79166793823242,239.10000610351562
1069,olympia_2021,train,2021-08-06T05:00:00.000000000,2021-08-08T22:00:00.000000000,33.79166793823242,239.10000610351562
1070,olympia_2021,train,2021-08-06T06:00:00.000000000,2021-08-08T23:00:00.000000000,33.79166793823242,239.10000610351562
1071,olympia_2021,train,2021-08-06T07:00:00.000000000,2021-08-09T00:00:00.000000000,33.79166793823242,239.10000610351562
1072,olympia_2021,train,2021-08-06T08:00:00.000000000,2021-08-09T01:00:00.000000000,33.79166793823242,239.10000610351562
1073,olympia_2021,train,2021-08-06T09:00:00.000000000,2021-08-09T02:00:00.000000000,33.79166793823242,239.10000610351562
1074,olympia_2021,train,2021-08-06T10:00:00.000000000,2021-08-09T03:00:00.000000000,13.866667747497559,84.30000305175781
1075,olympia_2021,train,2021-08-06T11:00:00.000000000,2021-08-09T04:00:00.000000000,10.708333015441895,84.30000305175781
1076,olympia_2021,train,2021-08-06T12:00:00.000000000,2021-08-09T05:00:00.000000000,3.683333396911621,44.20000076293945
1077,olympia_2021,train,2021-08-06T13:00:00.000000000,2021-08-09T06:00:00.000000000,0.0,0.0
1078,olympia_2021,train,2021-08-06T14:00:00.000000000,2021-08-09T07:00:00.000000000,0.0,0.0
1079,olympia_2021,train,2021-08-06T15:00:00.000000000,2021-08-09T08:00:00.000000000,24.54166603088379,294.5
1080,olympia_2021,train,2021-08-06T16:00:00.000000000,2021-08-09T09:00:00.000000000,97.86666870117188,879.9000244140625
1081,olympia_2021,train,2021-08-06T17:00:00.000000000,2021-08-09T10:00:00.000000000,187.19166564941406,1071.9000244140625
1082,olympia_2021,train,2021-08-06T18:00:00.000000000,2021-08-09T11:00:00.000000000,361.066650390625,2086.5
1083,olympia_2021,train,2021-08-06T19:00:00.000000000,2021-08-09T12:00:00.000000000,720.50830078125,4313.2998046875
1084,olympia_2021,train,2021-08-06T21:00:00.000000000,2021-08-09T13:00:00.000000000,887.5332641601562,4313.2998046875
1085,olympia_2021,train,2021-08-07T00:00:00.000000000,2021-08-09T14:00:00.000000000,1018.441650390625,4313.2998046875
1086,olympia_2021,train,2021-08-07T01:00:00.000000000,2021-08-09T15:00:00.000000000,1084.1500244140625,4313.2998046875
1087,olympia_2021,train,2021-08-07T02:00:00.000000000,2021-08-09T16:00:00.000000000,1091.9749755859375,4313.2998046875
1088,olympia_2021,train,2021-08-07T03:00:00.000000000,2021-08-09T17:00:00.000000000,1091.97509765625,4313.2998046875
1089,olympia_2021,train,2021-08-07T04:00:00.000000000,2021-08-09T18:00:00.000000000,1091.9749755859375,4313.2998046875
1090,olympia_2021,train,2021-08-07T05:00:00.000000000,2021-08-09T19:00:00.000000000,1091.9749755859375,4313.2998046875
1091,olympia_2021,train,2021-08-07T06:00:00.000000000,2021-08-09T20:00:00.000000000,1067.4332275390625,4313.2998046875
1092,olympia_2021,train,2021-08-07T07:00:00.000000000,2021-08-09T21:00:00.000000000,994.1083374023438,4313.2998046875
1093,olympia_2021,train,2021-08-07T08:00:00.000000000,2021-08-09T22:00:00.000000000,904.7833862304688,4313.2998046875
1094,olympia_2021,train,2021-08-07T09:00:00.000000000,2021-08-09T23:00:00.000000000,730.9083862304688,4313.2998046875
1095,olympia_2021,train,2021-08-07T10:00:00.000000000,2021-08-10T00:00:00.000000000,371.4666748046875,2004.300048828125
1096,olympia_2021,train,2021-08-07T11:00:00.000000000,2021-08-10T01:00:00.000000000,204.441650390625,1570.9000244140625
1097,olympia_2021,train,2021-08-07T12:00:00.000000000,2021-08-10T02:00:00.000000000,73.53333282470703,788.5
1098,olympia_2021,train,2021-08-07T13:00:00.000000000,2021-08-10T03:00:00.000000000,7.825000286102295,93.9000015258789
1099,olympia_2021,train,2021-08-07T14:00:00.000000000,2021-08-10T04:00:00.000000000,0.0,0.0
1100,olympia_2021,train,2021-08-07T15:00:00.000000000,2021-08-10T05:00:00.000000000,0.0,0.0
1101,olympia_2021,train,2021-08-07T16:00:00.000000000,2021-08-10T06:00:00.000000000,0.0,0.0
1102,olympia_2021,train,2021-08-07T17:00:00.000000000,2021-08-10T08:00:00.000000000,0.0,0.0
1103,olympia_2021,train,2021-08-07T18:00:00.000000000,2021-08-10T10:00:00.000000000,246.09999084472656,2953.199951171875
1104,olympia_2021,train,2021-08-07T19:00:00.000000000,2021-08-10T11:00:00.000000000,473.7916564941406,2953.199951171875
1105,olympia_2021,train,2021-08-07T20:00:00.000000000,2021-08-10T13:00:00.000000000,953.2333374023438,5753.2998046875
1106,olympia_2021,train,2021-08-07T21:00:00.000000000,2021-08-10T14:00:00.000000000,1363.2666015625,5753.2998046875
1107,olympia_2021,train,2021-08-07T22:00:00.000000000,2021-08-10T16:00:00.000000000,1428.1165771484375,5753.2998046875
1108,olympia_2021,train,2021-08-07T23:00:00.000000000,2021-08-10T17:00:00.000000000,1456.1998291015625,5753.2998046875
1109,olympia_2021,train,2021-08-08T00:00:00.000000000,2021-08-10T18:00:00.000000000,1468.2332763671875,5753.2998046875
1110,olympia_2021,train,2021-08-08T01:00:00.000000000,2021-08-10T20:00:00.000000000,1468.2332763671875,5753.2998046875
1111,olympia_2021,train,2021-08-08T02:00:00.000000000,2021-08-10T21:00:00.000000000,1468.2332763671875,5753.2998046875
1112,olympia_2021,train,2021-08-08T03:00:00.000000000,2021-08-10T23:00:00.000000000,1468.2332763671875,5753.2998046875
1113,olympia_2021,train,2021-08-08T04:00:00.000000000,2021-08-11T01:00:00.000000000,1468.2333984375,5753.2998046875
1114,olympia_2021,train,2021-08-08T05:00:00.000000000,2021-08-11T02:00:00.000000000,1468.2332763671875,5753.2998046875
1115,olympia_2021,train,2021-08-08T06:00:00.000000000,2021-08-11T03:00:00.000000000,1222.13330078125,5753.2998046875
1116,olympia_2021,train,2021-08-08T07:00:00.000000000,2021-08-11T04:00:00.000000000,994.441650390625,5753.2998046875
1117,olympia_2021,train,2021-08-08T08:00:00.000000000,2021-08-11T06:00:00.000000000,515.0,4920.39990234375
1118,olympia_2021,train,2021-08-08T09:00:00.000000000,2021-08-11T07:00:00.000000000,104.96666717529297,778.2000122070312
1119,olympia_2021,train,2021-08-08T10:00:00.000000000,2021-08-11T08:00:00.000000000,40.11666488647461,337.0
1120,olympia_2021,train,2021-08-08T12:00:00.000000000,2021-08-11T11:00:00.000000000,12.033332824707031,144.39999389648438
1121,olympia_2021,train,2021-08-08T13:00:00.000000000,2021-08-11T13:00:00.000000000,0.0,0.0
1122,olympia_2021,train,2021-08-08T16:00:00.000000000,2021-08-11T14:00:00.000000000,0.0,0.0
1123,olympia_2021,train,2021-08-08T17:00:00.000000000,2021-08-11T18:00:00.000000000,0.0,0.0
1124,olympia_2021,train,2021-08-08T18:00:00.000000000,2021-08-11T19:00:00.000000000,0.0,0.0
1125,olympia_2021,train,2021-08-08T19:00:00.000000000,2021-08-11T20:00:00.000000000,0.0,0.0
1126,olympia_2021,train,2021-08-08T20:00:00.000000000,2021-08-11T21:00:00.000000000,0.0,0.0
1127,olympia_2021,train,2021-08-08T21:00:00.000000000,2021-08-11T22:00:00.000000000,0.0,0.0
1128,olympia_2021,train,2021-08-08T22:00:00.000000000,2021-08-11T23:00:00.000000000,0.0,0.0
1129,olympia_2021,train,2021-08-08T23:00:00.000000000,2021-08-12T00:00:00.000000000,0.0,0.0
1130,olympia_2021,train,2021-08-09T00:00:00.000000000,2021-08-12T01:00:00.000000000,0.0,0.0
1131,olympia_2021,train,2021-08-09T01:00:00.000000000,2021-08-12T02:00:00.000000000,11.608333587646484,139.3000030517578
1132,olympia_2021,train,2021-08-09T02:00:00.000000000,2021-08-12T03:00:00.000000000,11.608333587646484,139.3000030517578
1133,olympia_2021,train,2021-08-09T03:00:00.000000000,2021-08-12T04:00:00.000000000,11.608333587646484,139.3000030517578
1134,olympia_2021,train,2021-08-09T04:00:00.000000000,2021-08-12T05:00:00.000000000,11.608333587646484,139.3000030517578
1135,olympia_2021,train,2021-08-09T05:00:00.000000000,2021-08-12T06:00:00.000000000,11.608333587646484,139.3000030517578
1136,olympia_2021,train,2021-08-09T06:00:00.000000000,2021-08-12T07:00:00.000000000,17.633333206176758,139.3000030517578
1137,olympia_2021,train,2021-08-09T07:00:00.000000000,2021-08-12T08:00:00.000000000,62.97499465942383,544.0999755859375
1138,olympia_2021,train,2021-08-09T08:00:00.000000000,2021-08-12T09:00:00.000000000,117.75833129882812,657.4000244140625
1139,olympia_2021,train,2021-08-09T09:00:00.000000000,2021-08-12T10:00:00.000000000,199.10833740234375,976.2000122070312
1140,olympia_2021,train,2021-08-09T10:00:00.000000000,2021-08-12T11:00:00.000000000,221.68333435058594,976.2000122070312
1141,olympia_2021,train,2021-08-09T11:00:00.000000000,2021-08-12T12:00:00.000000000,221.68333435058594,976.2000122070312
1142,olympia_2021,train,2021-08-09T12:00:00.000000000,2021-08-12T13:00:00.000000000,221.68333435058594,976.2000122070312
1143,olympia_2021,train,2021-08-09T13:00:00.000000000,2021-08-12T14:00:00.000000000,210.0749969482422,976.2000122070312
1144,olympia_2021,train,2021-08-09T14:00:00.000000000,2021-08-12T15:00:00.000000000,210.07501220703125,976.2000122070312
1145,olympia_2021,train,2021-08-09T15:00:00.000000000,2021-08-12T16:00:00.000000000,210.07501220703125,976.2000122070312
1146,olympia_2021,train,2021-08-09T16:00:00.000000000,2021-08-12T17:00:00.000000000,210.0749969482422,976.2000122070312
1147,olympia_2021,train,2021-08-09T17:00:00.000000000,2021-08-12T18:00:00.000000000,210.0749969482422,976.2000122070312
1148,olympia_2021,train,2021-08-09T18:00:00.000000000,2021-08-12T19:00:00.000000000,204.0500030517578,976.2000122070312
1149,olympia_2021,train,2021-08-09T19:00:00.000000000,2021-08-12T20:00:00.000000000,158.70834350585938,976.2000122070312
1150,olympia_2021,train,2021-08-09T20:00:00.000000000,2021-08-12T21:00:00.000000000,103.92499542236328,976.2000122070312
1151,olympia_2021,train,2021-08-09T21:00:00.000000000,2021-08-12T22:00:00.000000000,22.57499885559082,270.8999938964844
1152,olympia_2021,train,2021-08-09T22:00:00.000000000,2021-08-12T23:00:00.000000000,0.0,0.0
1153,olympia_2021,train,2021-08-09T23:00:00.000000000,2021-08-13T00:00:00.000000000,0.0,0.0
1154,olympia_2021,train,2021-08-10T00:00:00.000000000,2021-08-13T01:00:00.000000000,0.0,0.0
1155,olympia_2021,train,2021-08-10T01:00:00.000000000,2021-08-13T02:00:00.000000000,0.0,0.0
1156,olympia_2021,train,2021-08-10T02:00:00.000000000,2021-08-13T03:00:00.000000000,0.0,0.0
1157,olympia_2021,train,2021-08-10T03:00:00.000000000,2021-08-13T04:00:00.000000000,0.0,0.0
1158,olympia_2021,train,2021-08-10T04:00:00.000000000,2021-08-13T05:00:00.000000000,0.0,0.0
1159,olympia_2021,train,2021-08-10T05:00:00.000000000,2021-08-13T06:00:00.000000000,0.0,0.0
1160,olympia_2021,train,2021-08-10T06:00:00.000000000,2021-08-13T07:00:00.000000000,0.0,0.0
1161,olympia_2021,train,2021-08-10T08:00:00.000000000,2021-08-13T08:00:00.000000000,0.0,0.0
1162,olympia_2021,train,2021-08-10T10:00:00.000000000,2021-08-13T09:00:00.000000000,0.0,0.0
1163,olympia_2021,train,2021-08-10T11:00:00.000000000,2021-08-13T10:00:00.000000000,10.091666221618652,121.0999984741211
1164,olympia_2021,train,2021-08-10T13:00:00.000000000,2021-08-13T11:00:00.000000000,10.091666221618652,121.0999984741211
1165,olympia_2021,train,2021-08-10T14:00:00.000000000,2021-08-13T12:00:00.000000000,10.091666221618652,121.0999984741211
1166,olympia_2021,train,2021-08-10T16:00:00.000000000,2021-08-13T13:00:00.000000000,10.091666221618652,121.0999984741211
1167,olympia_2021,train,2021-08-10T17:00:00.000000000,2021-08-13T14:00:00.000000000,10.091666221618652,121.0999984741211
1168,olympia_2021,train,2021-08-10T18:00:00.000000000,2021-08-13T15:00:00.000000000,10.091666221618652,121.0999984741211
1169,olympia_2021,train,2021-08-10T20:00:00.000000000,2021-08-13T16:00:00.000000000,10.091666221618652,121.0999984741211
1170,olympia_2021,train,2021-08-10T21:00:00.000000000,2021-08-13T17:00:00.000000000,10.091666221618652,121.0999984741211
1171,olympia_2021,train,2021-08-10T23:00:00.000000000,2021-08-13T18:00:00.000000000,10.091666221618652,121.0999984741211
1172,olympia_2021,train,2021-08-11T01:00:00.000000000,2021-08-13T19:00:00.000000000,10.091666221618652,121.0999984741211
1173,olympia_2021,train,2021-08-11T02:00:00.000000000,2021-08-13T20:00:00.000000000,10.091666221618652,121.0999984741211
1174,olympia_2021,train,2021-08-11T03:00:00.000000000,2021-08-13T21:00:00.000000000,10.091666221618652,121.0999984741211
1175,olympia_2021,train,2021-08-11T04:00:00.000000000,2021-08-13T22:00:00.000000000,0.0,0.0
1176,olympia_2021,train,2021-08-11T06:00:00.000000000,2021-08-13T23:00:00.000000000,0.0,0.0
1177,olympia_2021,train,2021-08-11T07:00:00.000000000,2021-08-14T00:00:00.000000000,0.0,0.0
1178,olympia_2021,train,2021-08-11T08:00:00.000000000,2021-08-14T01:00:00.000000000,0.0,0.0
1179,olympia_2021,train,2021-08-11T11:00:00.000000000,2021-08-14T02:00:00.000000000,0.0,0.0
1180,olympia_2021,train,2021-08-11T13:00:00.000000000,2021-08-14T03:00:00.000000000,0.0,0.0
1181,olympia_2021,train,2021-08-11T14:00:00.000000000,2021-08-14T04:00:00.000000000,0.0,0.0
1182,olympia_2021,train,2021-08-11T18:00:00.000000000,2021-08-14T05:00:00.000000000,0.0,0.0
1183,olympia_2021,train,2021-08-11T19:00:00.000000000,2021-08-14T06:00:00.000000000,0.0,0.0
1184,olympia_2021,train,2021-08-11T20:00:00.000000000,2021-08-14T07:00:00.000000000,0.0,0.0
1185,olympia_2021,train,2021-08-11T21:00:00.000000000,2021-08-14T08:00:00.000000000,0.0,0.0
1186,olympia_2021,train,2021-08-11T22:00:00.000000000,2021-08-14T09:00:00.000000000,0.0,0.0
1187,olympia_2021,train,2021-08-11T23:00:00.000000000,2021-08-14T11:00:00.000000000,0.0,0.0
1188,olympia_2021,train,2021-08-12T00:00:00.000000000,2021-08-14T12:00:00.000000000,0.0,0.0
1189,olympia_2021,train,2021-08-12T01:00:00.000000000,2021-08-14T13:00:00.000000000,0.0,0.0
1190,olympia_2021,train,2021-08-12T02:00:00.000000000,2021-08-14T14:00:00.000000000,0.0,0.0
1191,olympia_2021,train,2021-08-12T03:00:00.000000000,2021-08-14T15:00:00.000000000,0.0,0.0
1192,olympia_2021,train,2021-08-12T04:00:00.000000000,2021-08-14T16:00:00.000000000,0.0,0.0
1193,olympia_2021,train,2021-08-12T05:00:00.000000000,2021-08-14T17:00:00.000000000,0.0,0.0
1194,olympia_2021,train,2021-08-12T06:00:00.000000000,2021-08-14T18:00:00.000000000,0.0,0.0
1195,olympia_2021,train,2021-08-12T07:00:00.000000000,2021-08-14T19:00:00.000000000,0.0,0.0
1196,olympia_2021,train,2021-08-12T08:00:00.000000000,2021-08-14T20:00:00.000000000,0.0,0.0
1197,olympia_2021,train,2021-08-12T09:00:00.000000000,2021-08-14T21:00:00.000000000,0.0,0.0
1198,olympia_2021,train,2021-08-12T10:00:00.000000000,2021-08-14T22:00:00.000000000,0.0,0.0
1199,olympia_2021,train,2021-08-12T11:00:00.000000000,2021-08-14T23:00:00.000000000,0.0,0.0
1200,olympia_2021,train,2021-08-12T12:00:00.000000000,2021-08-15T00:00:00.000000000,0.0,0.0
1201,olympia_2021,train,2021-08-12T13:00:00.000000000,2021-08-15T01:00:00.000000000,0.0,0.0
1202,olympia_2021,train,2021-08-12T14:00:00.000000000,2021-08-15T02:00:00.000000000,0.0,0.0
1203,olympia_2021,train,2021-08-12T15:00:00.000000000,2021-08-15T03:00:00.000000000,0.0,0.0
1204,olympia_2021,train,2021-08-12T16:00:00.000000000,2021-08-15T04:00:00.000000000,0.0,0.0
1205,olympia_2021,train,2021-08-12T17:00:00.000000000,2021-08-15T05:00:00.000000000,0.0,0.0
1206,olympia_2021,train,2021-08-12T18:00:00.000000000,2021-08-15T06:00:00.000000000,0.0,0.0
1207,olympia_2021,train,2021-08-12T19:00:00.000000000,2021-08-15T07:00:00.000000000,0.0,0.0
1208,olympia_2021,train,2021-08-12T20:00:00.000000000,2021-08-15T08:00:00.000000000,17.441667556762695,209.3000030517578
1209,olympia_2021,train,2021-08-12T21:00:00.000000000,2021-08-15T09:00:00.000000000,84.07499694824219,799.5999755859375
1210,olympia_2021,train,2021-08-12T22:00:00.000000000,2021-08-15T10:00:00.000000000,127.70833587646484,799.5999755859375
1211,olympia_2021,train,2021-08-12T23:00:00.000000000,2021-08-15T11:00:00.000000000,150.09165954589844,799.5999755859375
1212,olympia_2021,train,2021-08-13T00:00:00.000000000,2021-08-15T12:00:00.000000000,150.09165954589844,799.5999755859375
1213,olympia_2021,train,2021-08-13T01:00:00.000000000,2021-08-15T15:00:00.000000000,150.09165954589844,799.5999755859375
1214,olympia_2021,train,2021-08-13T02:00:00.000000000,2021-08-15T16:00:00.000000000,150.09165954589844,799.5999755859375
1215,olympia_2021,train,2021-08-13T03:00:00.000000000,2021-08-15T17:00:00.000000000,150.09165954589844,799.5999755859375
1216,olympia_2021,train,2021-08-13T04:00:00.000000000,2021-08-15T18:00:00.000000000,150.09165954589844,799.5999755859375
1217,olympia_2021,train,2021-08-13T05:00:00.000000000,2021-08-15T19:00:00.000000000,150.09165954589844,799.5999755859375
1218,olympia_2021,train,2021-08-13T06:00:00.000000000,2021-08-15T20:00:00.000000000,150.09165954589844,799.5999755859375
1219,olympia_2021,train,2021-08-13T07:00:00.000000000,2021-08-15T21:00:00.000000000,150.09165954589844,799.5999755859375
1220,olympia_2021,train,2021-08-13T08:00:00.000000000,2021-08-15T22:00:00.000000000,132.64999389648438,799.5999755859375
1221,olympia_2021,train,2021-08-13T09:00:00.000000000,2021-08-15T23:00:00.000000000,66.01666259765625,523.5999755859375
1222,olympia_2021,train,2021-08-13T10:00:00.000000000,2021-08-16T00:00:00.000000000,22.383333206176758,268.6000061035156
1223,olympia_2021,train,2021-08-13T11:00:00.000000000,2021-08-16T01:00:00.000000000,0.0,0.0
1224,olympia_2021,train,2021-08-13T12:00:00.000000000,2021-08-16T02:00:00.000000000,0.0,0.0
1225,olympia_2021,train,2021-08-13T13:00:00.000000000,2021-08-16T03:00:00.000000000,0.0,0.0
1226,olympia_2021,train,2021-08-13T14:00:00.000000000,2021-08-16T04:00:00.000000000,0.0,0.0
1227,olympia_2021,train,2021-08-13T15:00:00.000000000,2021-08-16T05:00:00.000000000,0.0,0.0
1228,olympia_2021,train,2021-08-13T16:00:00.000000000,2021-08-16T06:00:00.000000000,0.0,0.0
1229,olympia_2021,train,2021-08-13T17:00:00.000000000,2021-08-16T07:00:00.000000000,0.0,0.0
1230,olympia_2021,train,2021-08-13T18:00:00.000000000,2021-08-16T08:00:00.000000000,0.0,0.0
1231,olympia_2021,train,2021-08-13T19:00:00.000000000,2021-08-16T09:00:00.000000000,9.0,108.0
1232,olympia_2021,train,2021-08-13T20:00:00.000000000,2021-08-16T11:00:00.000000000,20.524999618530273,138.3000030517578
1233,olympia_2021,train,2021-08-13T21:00:00.000000000,2021-08-16T12:00:00.000000000,20.524999618530273,138.3000030517578
1234,olympia_2021,train,2021-08-13T22:00:00.000000000,2021-08-16T14:00:00.000000000,26.34166717529297,138.3000030517578
1235,olympia_2021,train,2021-08-13T23:00:00.000000000,2021-08-16T15:00:00.000000000,26.34166717529297,138.3000030517578
1236,olympia_2021,train,2021-08-14T00:00:00.000000000,2021-08-16T17:00:00.000000000,26.34166717529297,138.3000030517578
1237,olympia_2021,train,2021-08-14T01:00:00.000000000,2021-08-16T18:00:00.000000000,26.34166717529297,138.3000030517578
1238,olympia_2021,train,2021-08-14T02:00:00.000000000,2021-08-16T20:00:00.000000000,26.34166717529297,138.3000030517578
1239,olympia_2021,train,2021-08-14T03:00:00.000000000,2021-08-16T23:00:00.000000000,26.34166717529297,138.3000030517578
1240,manh_2021,train,2021-08-04T00:00:00.000000000,2021-08-06T13:00:00.000000000,4555.50830078125,8838.599609375
1241,manh_2021,train,2021-08-04T01:00:00.000000000,2021-08-06T14:00:00.000000000,4790.79150390625,9720.099609375
1242,manh_2021,train,2021-08-04T02:00:00.000000000,2021-08-06T15:00:00.000000000,4979.99169921875,9720.099609375
1243,manh_2021,train,2021-08-04T03:00:00.000000000,2021-08-06T16:00:00.000000000,4721.40771484375,9720.099609375
1244,manh_2021,train,2021-08-04T04:00:00.000000000,2021-08-06T17:00:00.000000000,4583.14111328125,9720.099609375
1245,manh_2021,train,2021-08-04T05:00:00.000000000,2021-08-06T18:00:00.000000000,4203.26708984375,9720.099609375
1246,manh_2021,train,2021-08-04T06:00:00.000000000,2021-08-06T19:00:00.000000000,3556.18359375,9720.099609375
1247,manh_2021,train,2021-08-04T07:00:00.000000000,2021-08-06T20:00:00.000000000,3235.717041015625,9720.099609375
1248,manh_2021,train,2021-08-04T08:00:00.000000000,2021-08-06T21:00:00.000000000,2978.6337890625,9720.099609375
1249,manh_2021,train,2021-08-04T09:00:00.000000000,2021-08-06T22:00:00.000000000,2674.458251953125,9720.099609375
1250,manh_2021,train,2021-08-04T10:00:00.000000000,2021-08-06T23:00:00.000000000,2584.191650390625,9720.099609375
1251,manh_2021,train,2021-08-04T11:00:00.000000000,2021-08-07T00:00:00.000000000,2518.083251953125,9720.099609375
1252,manh_2021,train,2021-08-04T12:00:00.000000000,2021-08-07T01:00:00.000000000,2177.1083984375,9720.099609375
1253,manh_2021,train,2021-08-04T13:00:00.000000000,2021-08-07T02:00:00.000000000,1367.10009765625,8781.400390625
1254,manh_2021,train,2021-08-04T14:00:00.000000000,2021-08-07T03:00:00.000000000,635.3167114257812,3314.199951171875
1255,manh_2021,train,2021-08-04T15:00:00.000000000,2021-08-07T04:00:00.000000000,359.1333312988281,2360.800048828125
1256,manh_2021,train,2021-08-04T16:00:00.000000000,2021-08-07T05:00:00.000000000,162.39999389648438,1073.5999755859375
1257,manh_2021,train,2021-08-04T19:00:00.000000000,2021-08-07T06:00:00.000000000,130.39166259765625,1073.5999755859375
1258,manh_2021,train,2021-08-04T20:00:00.000000000,2021-08-07T07:00:00.000000000,46.85000228881836,386.1000061035156
1259,manh_2021,train,2021-08-04T21:00:00.000000000,2021-08-07T08:00:00.000000000,14.675000190734863,105.0
1260,manh_2021,train,2021-08-04T22:00:00.000000000,2021-08-07T09:00:00.000000000,5.924999713897705,71.0999984741211
1261,manh_2021,train,2021-08-04T23:00:00.000000000,2021-08-07T10:00:00.000000000,5.924999713897705,71.0999984741211
1262,manh_2021,train,2021-08-05T00:00:00.000000000,2021-08-07T11:00:00.000000000,5.924999713897705,71.0999984741211
1263,manh_2021,train,2021-08-05T01:00:00.000000000,2021-08-07T12:00:00.000000000,5.924999713897705,71.0999984741211
1264,manh_2021,train,2021-08-05T02:00:00.000000000,2021-08-07T13:00:00.000000000,5.924999713897705,71.0999984741211
1265,manh_2021,train,2021-08-05T03:00:00.000000000,2021-08-07T14:00:00.000000000,5.924999713897705,71.0999984741211
1266,manh_2021,train,2021-08-05T04:00:00.000000000,2021-08-07T15:00:00.000000000,5.924999713897705,71.0999984741211
1267,manh_2021,train,2021-08-05T05:00:00.000000000,2021-08-07T16:00:00.000000000,5.924999713897705,71.0999984741211
1268,manh_2021,train,2021-08-05T06:00:00.000000000,2021-08-07T17:00:00.000000000,5.924999713897705,71.0999984741211
1269,manh_2021,train,2021-08-05T07:00:00.000000000,2021-08-07T18:00:00.000000000,5.924999713897705,71.0999984741211
1270,manh_2021,train,2021-08-05T08:00:00.000000000,2021-08-07T19:00:00.000000000,0.0,0.0
1271,manh_2021,train,2021-08-05T09:00:00.000000000,2021-08-07T20:00:00.000000000,0.0,0.0
1272,manh_2021,train,2021-08-05T10:00:00.000000000,2021-08-07T21:00:00.000000000,0.0,0.0
1273,manh_2021,train,2021-08-05T11:00:00.000000000,2021-08-07T22:00:00.000000000,0.0,0.0
1274,manh_2021,train,2021-08-05T12:00:00.000000000,2021-08-07T23:00:00.000000000,0.0,0.0
1275,manh_2021,train,2021-08-05T13:00:00.000000000,2021-08-08T00:00:00.000000000,0.0,0.0
1276,manh_2021,train,2021-08-05T14:00:00.000000000,2021-08-08T01:00:00.000000000,0.0,0.0
1277,manh_2021,train,2021-08-05T15:00:00.000000000,2021-08-08T02:00:00.000000000,0.0,0.0
1278,manh_2021,train,2021-08-05T16:00:00.000000000,2021-08-08T03:00:00.000000000,0.0,0.0
1279,manh_2021,train,2021-08-05T17:00:00.000000000,2021-08-08T04:00:00.000000000,0.0,0.0
1280,manh_2021,train,2021-08-05T18:00:00.000000000,2021-08-08T05:00:00.000000000,0.0,0.0
1281,manh_2021,train,2021-08-05T19:00:00.000000000,2021-08-08T06:00:00.000000000,0.0,0.0
1282,manh_2021,train,2021-08-05T20:00:00.000000000,2021-08-08T07:00:00.000000000,0.0,0.0
1283,manh_2021,train,2021-08-05T21:00:00.000000000,2021-08-08T08:00:00.000000000,0.0,0.0
1284,manh_2021,train,2021-08-05T22:00:00.000000000,2021-08-08T09:00:00.000000000,0.0,0.0
1285,manh_2021,train,2021-08-05T23:00:00.000000000,2021-08-08T10:00:00.000000000,0.0,0.0
1286,manh_2021,train,2021-08-06T00:00:00.000000000,2021-08-08T11:00:00.000000000,0.0,0.0
1287,manh_2021,train,2021-08-06T01:00:00.000000000,2021-08-08T12:00:00.000000000,0.0,0.0
1288,manh_2021,train,2021-08-06T02:00:00.000000000,2021-08-08T13:00:00.000000000,0.0,0.0
1289,manh_2021,train,2021-08-06T03:00:00.000000000,2021-08-08T14:00:00.000000000,0.0,0.0
1290,manh_2021,train,2021-08-06T04:00:00.000000000,2021-08-08T15:00:00.000000000,0.0,0.0
1291,manh_2021,train,2021-08-06T05:00:00.000000000,2021-08-08T16:00:00.000000000,0.0,0.0
1292,manh_2021,train,2021-08-06T06:00:00.000000000,2021-08-08T17:00:00.000000000,0.0,0.0
1293,manh_2021,train,2021-08-06T07:00:00.000000000,2021-08-08T18:00:00.000000000,0.0,0.0
1294,manh_2021,train,2021-08-06T08:00:00.000000000,2021-08-08T19:00:00.000000000,0.0,0.0
1295,manh_2021,train,2021-08-06T09:00:00.000000000,2021-08-08T20:00:00.000000000,0.0,0.0
1296,manh_2021,train,2021-08-06T10:00:00.000000000,2021-08-08T21:00:00.000000000,0.0,0.0
1297,manh_2021,train,2021-08-06T11:00:00.000000000,2021-08-08T22:00:00.000000000,0.0,0.0
1298,manh_2021,train,2021-08-06T12:00:00.000000000,2021-08-08T23:00:00.000000000,0.0,0.0
1299,manh_2021,train,2021-08-06T13:00:00.000000000,2021-08-09T00:00:00.000000000,0.0,0.0
1300,manh_2021,train,2021-08-06T14:00:00.000000000,2021-08-09T01:00:00.000000000,0.0,0.0
1301,manh_2021,train,2021-08-06T15:00:00.000000000,2021-08-09T02:00:00.000000000,0.0,0.0
1302,manh_2021,train,2021-08-06T16:00:00.000000000,2021-08-09T03:00:00.000000000,0.0,0.0
1303,manh_2021,train,2021-08-06T17:00:00.000000000,2021-08-09T04:00:00.000000000,0.0,0.0
1304,manh_2021,train,2021-08-06T18:00:00.000000000,2021-08-09T05:00:00.000000000,0.0,0.0
1305,manh_2021,train,2021-08-06T19:00:00.000000000,2021-08-09T06:00:00.000000000,0.0,0.0
1306,manh_2021,train,2021-08-06T20:00:00.000000000,2021-08-09T07:00:00.000000000,0.0,0.0
1307,manh_2021,train,2021-08-06T21:00:00.000000000,2021-08-09T08:00:00.000000000,0.0,0.0
1308,manh_2021,train,2021-08-06T22:00:00.000000000,2021-08-09T09:00:00.000000000,0.0,0.0
1309,manh_2021,train,2021-08-06T23:00:00.000000000,2021-08-09T10:00:00.000000000,24.808334350585938,297.70001220703125
1310,manh_2021,train,2021-08-07T00:00:00.000000000,2021-08-09T11:00:00.000000000,24.808334350585938,297.70001220703125
1311,manh_2021,train,2021-08-07T01:00:00.000000000,2021-08-09T12:00:00.000000000,24.808334350585938,297.70001220703125
1312,manh_2021,train,2021-08-07T02:00:00.000000000,2021-08-09T13:00:00.000000000,24.808334350585938,297.70001220703125
1313,manh_2021,train,2021-08-07T03:00:00.000000000,2021-08-09T14:00:00.000000000,24.808334350585938,297.70001220703125
1314,manh_2021,train,2021-08-07T04:00:00.000000000,2021-08-09T15:00:00.000000000,24.808334350585938,297.70001220703125
1315,manh_2021,train,2021-08-07T05:00:00.000000000,2021-08-09T16:00:00.000000000,24.808334350585938,297.70001220703125
1316,manh_2021,train,2021-08-07T06:00:00.000000000,2021-08-09T17:00:00.000000000,24.808334350585938,297.70001220703125
1317,manh_2021,train,2021-08-07T07:00:00.000000000,2021-08-09T18:00:00.000000000,24.808334350585938,297.70001220703125
1318,manh_2021,train,2021-08-07T08:00:00.000000000,2021-08-09T19:00:00.000000000,24.808334350585938,297.70001220703125
1319,manh_2021,train,2021-08-07T09:00:00.000000000,2021-08-09T20:00:00.000000000,24.808334350585938,297.70001220703125
1320,manh_2021,train,2021-08-07T10:00:00.000000000,2021-08-09T21:00:00.000000000,24.808334350585938,297.70001220703125
1321,manh_2021,train,2021-08-07T11:00:00.000000000,2021-08-09T22:00:00.000000000,0.0,0.0
1322,manh_2021,train,2021-08-07T12:00:00.000000000,2021-08-09T23:00:00.000000000,0.0,0.0
1323,manh_2021,train,2021-08-07T13:00:00.000000000,2021-08-10T00:00:00.000000000,0.0,0.0
1324,manh_2021,train,2021-08-07T14:00:00.000000000,2021-08-10T01:00:00.000000000,0.0,0.0
1325,manh_2021,train,2021-08-07T15:00:00.000000000,2021-08-10T02:00:00.000000000,0.0,0.0
1326,manh_2021,train,2021-08-07T16:00:00.000000000,2021-08-10T03:00:00.000000000,0.0,0.0
1327,manh_2021,train,2021-08-07T17:00:00.000000000,2021-08-10T04:00:00.000000000,0.0,0.0
1328,manh_2021,train,2021-08-07T18:00:00.000000000,2021-08-10T05:00:00.000000000,0.0,0.0
1329,manh_2021,train,2021-08-07T19:00:00.000000000,2021-08-10T06:00:00.000000000,0.0,0.0
1330,manh_2021,train,2021-08-07T20:00:00.000000000,2021-08-10T07:00:00.000000000,0.0,0.0
1331,manh_2021,train,2021-08-07T21:00:00.000000000,2021-08-10T08:00:00.000000000,0.0,0.0
1332,manh_2021,train,2021-08-07T22:00:00.000000000,2021-08-10T09:00:00.000000000,0.0,0.0
1333,manh_2021,train,2021-08-07T23:00:00.000000000,2021-08-10T10:00:00.000000000,0.0,0.0
1334,manh_2021,train,2021-08-08T00:00:00.000000000,2021-08-10T11:00:00.000000000,0.0,0.0
1335,manh_2021,train,2021-08-08T01:00:00.000000000,2021-08-10T12:00:00.000000000,0.0,0.0
1336,manh_2021,train,2021-08-08T02:00:00.000000000,2021-08-10T13:00:00.000000000,0.0,0.0
1337,manh_2021,train,2021-08-08T03:00:00.000000000,2021-08-10T14:00:00.000000000,0.0,0.0
1338,manh_2021,train,2021-08-08T04:00:00.000000000,2021-08-10T15:00:00.000000000,0.0,0.0
1339,manh_2021,train,2021-08-08T05:00:00.000000000,2021-08-10T16:00:00.000000000,0.0,0.0
1340,manh_2021,train,2021-08-08T06:00:00.000000000,2021-08-10T17:00:00.000000000,0.0,0.0
1341,manh_2021,train,2021-08-08T07:00:00.000000000,2021-08-10T18:00:00.000000000,0.0,0.0
1342,manh_2021,train,2021-08-08T08:00:00.000000000,2021-08-10T19:00:00.000000000,0.0,0.0
1343,manh_2021,train,2021-08-08T09:00:00.000000000,2021-08-10T20:00:00.000000000,0.0,0.0
1344,manh_2021,train,2021-08-08T10:00:00.000000000,2021-08-10T21:00:00.000000000,0.0,0.0
1345,manh_2021,train,2021-08-08T11:00:00.000000000,2021-08-10T22:00:00.000000000,0.0,0.0
1346,manh_2021,train,2021-08-08T12:00:00.000000000,2021-08-10T23:00:00.000000000,0.0,0.0
1347,manh_2021,train,2021-08-08T13:00:00.000000000,2021-08-11T00:00:00.000000000,0.0,0.0
1348,manh_2021,train,2021-08-08T14:00:00.000000000,2021-08-11T01:00:00.000000000,0.0,0.0
1349,manh_2021,train,2021-08-08T15:00:00.000000000,2021-08-11T02:00:00.000000000,0.0,0.0
1350,manh_2021,train,2021-08-08T16:00:00.000000000,2021-08-11T03:00:00.000000000,0.0,0.0
1351,manh_2021,train,2021-08-08T17:00:00.000000000,2021-08-11T04:00:00.000000000,0.0,0.0
1352,manh_2021,train,2021-08-08T18:00:00.000000000,2021-08-11T05:00:00.000000000,0.0,0.0
1353,manh_2021,train,2021-08-08T19:00:00.000000000,2021-08-11T06:00:00.000000000,0.0,0.0
1354,manh_2021,train,2021-08-08T20:00:00.000000000,2021-08-11T07:00:00.000000000,0.0,0.0
1355,manh_2021,train,2021-08-08T21:00:00.000000000,2021-08-11T08:00:00.000000000,0.0,0.0
1356,manh_2021,train,2021-08-08T22:00:00.000000000,2021-08-11T09:00:00.000000000,0.0,0.0
1357,manh_2021,train,2021-08-08T23:00:00.000000000,2021-08-11T10:00:00.000000000,0.0,0.0
1358,manh_2021,train,2021-08-09T00:00:00.000000000,2021-08-11T11:00:00.000000000,0.0,0.0
1359,manh_2021,train,2021-08-09T01:00:00.000000000,2021-08-11T12:00:00.000000000,0.0,0.0
1360,manh_2021,train,2021-08-09T02:00:00.000000000,2021-08-11T13:00:00.000000000,0.0,0.0
1361,manh_2021,train,2021-08-09T03:00:00.000000000,2021-08-11T14:00:00.000000000,0.0,0.0
1362,manh_2021,train,2021-08-09T04:00:00.000000000,2021-08-11T15:00:00.000000000,0.0,0.0
1363,manh_2021,train,2021-08-09T05:00:00.000000000,2021-08-11T16:00:00.000000000,0.0,0.0
1364,manh_2021,train,2021-08-09T06:00:00.000000000,2021-08-11T17:00:00.000000000,0.0,0.0
1365,manh_2021,train,2021-08-09T07:00:00.000000000,2021-08-11T18:00:00.000000000,0.0,0.0
1366,manh_2021,train,2021-08-09T08:00:00.000000000,2021-08-11T19:00:00.000000000,0.0,0.0
1367,manh_2021,train,2021-08-09T09:00:00.000000000,2021-08-11T20:00:00.000000000,0.0,0.0
1368,manh_2021,train,2021-08-09T10:00:00.000000000,2021-08-11T21:00:00.000000000,0.0,0.0
1369,manh_2021,train,2021-08-09T11:00:00.000000000,2021-08-11T22:00:00.000000000,0.0,0.0
1370,manh_2021,train,2021-08-09T12:00:00.000000000,2021-08-11T23:00:00.000000000,0.0,0.0
1371,manh_2021,train,2021-08-09T13:00:00.000000000,2021-08-12T00:00:00.000000000,0.0,0.0
1372,manh_2021,train,2021-08-09T14:00:00.000000000,2021-08-12T01:00:00.000000000,0.0,0.0
1373,manh_2021,train,2021-08-09T15:00:00.000000000,2021-08-12T02:00:00.000000000,0.0,0.0
1374,manh_2021,train,2021-08-09T16:00:00.000000000,2021-08-12T03:00:00.000000000,0.0,0.0
1375,manh_2021,train,2021-08-09T17:00:00.000000000,2021-08-12T04:00:00.000000000,0.0,0.0
1376,manh_2021,train,2021-08-09T18:00:00.000000000,2021-08-12T05:00:00.000000000,0.0,0.0
1377,manh_2021,train,2021-08-09T19:00:00.000000000,2021-08-12T06:00:00.000000000,0.0,0.0
1378,manh_2021,train,2021-08-09T20:00:00.000000000,2021-08-12T07:00:00.000000000,0.0,0.0
1379,manh_2021,train,2021-08-09T21:00:00.000000000,2021-08-12T08:00:00.000000000,0.0,0.0
1380,manh_2021,train,2021-08-09T22:00:00.000000000,2021-08-12T09:00:00.000000000,0.0,0.0
1381,manh_2021,train,2021-08-09T23:00:00.000000000,2021-08-12T10:00:00.000000000,0.0,0.0
1382,manh_2021,train,2021-08-10T00:00:00.000000000,2021-08-12T11:00:00.000000000,0.0,0.0
1383,manh_2021,train,2021-08-10T01:00:00.000000000,2021-08-12T12:00:00.000000000,0.0,0.0
1384,manh_2021,train,2021-08-10T02:00:00.000000000,2021-08-12T13:00:00.000000000,0.0,0.0
1385,manh_2021,train,2021-08-10T03:00:00.000000000,2021-08-12T14:00:00.000000000,0.0,0.0
1386,manh_2021,train,2021-08-10T04:00:00.000000000,2021-08-12T15:00:00.000000000,0.0,0.0
1387,manh_2021,train,2021-08-10T05:00:00.000000000,2021-08-12T16:00:00.000000000,2.5249998569488525,30.299999237060547
1388,manh_2021,train,2021-08-10T06:00:00.000000000,2021-08-12T17:00:00.000000000,2.5249998569488525,30.299999237060547
1389,manh_2021,train,2021-08-10T07:00:00.000000000,2021-08-12T18:00:00.000000000,2.5249998569488525,30.299999237060547
1390,manh_2021,train,2021-08-10T08:00:00.000000000,2021-08-12T19:00:00.000000000,2.5249998569488525,30.299999237060547
1391,manh_2021,train,2021-08-10T09:00:00.000000000,2021-08-12T20:00:00.000000000,2.5249998569488525,30.299999237060547
1392,manh_2021,train,2021-08-10T10:00:00.000000000,2021-08-12T21:00:00.000000000,2.5249998569488525,30.299999237060547
1393,manh_2021,train,2021-08-10T11:00:00.000000000,2021-08-12T22:00:00.000000000,2.5249998569488525,30.299999237060547
1394,manh_2021,train,2021-08-10T12:00:00.000000000,2021-08-12T23:00:00.000000000,2.5249998569488525,30.299999237060547
1395,manh_2021,train,2021-08-10T13:00:00.000000000,2021-08-13T00:00:00.000000000,2.5249998569488525,30.299999237060547
1396,manh_2021,train,2021-08-10T14:00:00.000000000,2021-08-13T01:00:00.000000000,2.5249998569488525,30.299999237060547
1397,manh_2021,train,2021-08-10T15:00:00.000000000,2021-08-13T02:00:00.000000000,2.5249998569488525,30.299999237060547
1398,manh_2021,train,2021-08-10T16:00:00.000000000,2021-08-13T03:00:00.000000000,2.5249998569488525,30.299999237060547
1399,manh_2021,train,2021-08-10T17:00:00.000000000,2021-08-13T04:00:00.000000000,0.0,0.0
1400,manh_2021,train,2021-08-10T18:00:00.000000000,2021-08-13T05:00:00.000000000,0.0,0.0
1401,manh_2021,train,2021-08-10T19:00:00.000000000,2021-08-13T06:00:00.000000000,0.0,0.0
1402,manh_2021,train,2021-08-10T20:00:00.000000000,2021-08-13T07:00:00.000000000,0.0,0.0
1403,manh_2021,train,2021-08-10T21:00:00.000000000,2021-08-13T08:00:00.000000000,0.0,0.0
1404,manh_2021,train,2021-08-10T22:00:00.000000000,2021-08-13T09:00:00.000000000,0.0,0.0
1405,manh_2021,train,2021-08-10T23:00:00.000000000,2021-08-13T10:00:00.000000000,0.0,0.0
1406,manh_2021,train,2021-08-11T00:00:00.000000000,2021-08-13T11:00:00.000000000,0.0,0.0
1407,manh_2021,train,2021-08-11T01:00:00.000000000,2021-08-13T12:00:00.000000000,0.0,0.0
1408,manh_2021,train,2021-08-11T02:00:00.000000000,2021-08-13T13:00:00.000000000,0.0,0.0
1409,manh_2021,train,2021-08-11T03:00:00.000000000,2021-08-13T14:00:00.000000000,0.0,0.0
1410,manh_2021,train,2021-08-11T04:00:00.000000000,2021-08-13T15:00:00.000000000,0.0,0.0
1411,manh_2021,train,2021-08-11T05:00:00.000000000,2021-08-13T16:00:00.000000000,0.0,0.0
1412,manh_2021,train,2021-08-11T06:00:00.000000000,2021-08-13T17:00:00.000000000,0.0,0.0
1413,manh_2021,train,2021-08-11T07:00:00.000000000,2021-08-13T18:00:00.000000000,0.0,0.0
1414,manh_2021,train,2021-08-11T08:00:00.000000000,2021-08-13T19:00:00.000000000,0.0,0.0
1415,manh_2021,train,2021-08-11T09:00:00.000000000,2021-08-13T20:00:00.000000000,0.0,0.0
1416,manh_2021,train,2021-08-11T10:00:00.000000000,2021-08-13T21:00:00.000000000,0.0,0.0
1417,manh_2021,train,2021-08-11T11:00:00.000000000,2021-08-13T22:00:00.000000000,0.0,0.0
1418,manh_2021,train,2021-08-11T12:00:00.000000000,2021-08-13T23:00:00.000000000,0.0,0.0
1419,manh_2021,train,2021-08-11T13:00:00.000000000,2021-08-14T00:00:00.000000000,0.0,0.0
1420,manh_2021,train,2021-08-11T14:00:00.000000000,2021-08-14T01:00:00.000000000,0.0,0.0
1421,manh_2021,train,2021-08-11T15:00:00.000000000,2021-08-14T02:00:00.000000000,0.0,0.0
1422,manh_2021,train,2021-08-11T16:00:00.000000000,2021-08-14T03:00:00.000000000,0.0,0.0
1423,manh_2021,train,2021-08-11T17:00:00.000000000,2021-08-14T04:00:00.000000000,0.0,0.0
1424,manh_2021,train,2021-08-11T18:00:00.000000000,2021-08-14T05:00:00.000000000,0.0,0.0
1425,manh_2021,train,2021-08-11T19:00:00.000000000,2021-08-14T06:00:00.000000000,0.0,0.0
1426,manh_2021,train,2021-08-11T20:00:00.000000000,2021-08-14T07:00:00.000000000,0.0,0.0
1427,manh_2021,train,2021-08-11T21:00:00.000000000,2021-08-14T08:00:00.000000000,0.0,0.0
1428,manh_2021,train,2021-08-11T22:00:00.000000000,2021-08-14T09:00:00.000000000,8.0,96.0
1429,manh_2021,train,2021-08-11T23:00:00.000000000,2021-08-14T10:00:00.000000000,8.0,96.0
1430,manh_2021,train,2021-08-12T00:00:00.000000000,2021-08-14T11:00:00.000000000,8.0,96.0
1431,manh_2021,train,2021-08-12T01:00:00.000000000,2021-08-14T12:00:00.000000000,8.0,96.0
1432,manh_2021,train,2021-08-12T02:00:00.000000000,2021-08-14T13:00:00.000000000,8.0,96.0
1433,manh_2021,train,2021-08-12T03:00:00.000000000,2021-08-14T14:00:00.000000000,8.0,96.0
1434,manh_2021,train,2021-08-12T04:00:00.000000000,2021-08-14T15:00:00.000000000,8.0,96.0
1435,manh_2021,train,2021-08-12T05:00:00.000000000,2021-08-14T16:00:00.000000000,8.0,96.0
1436,manh_2021,train,2021-08-12T06:00:00.000000000,2021-08-14T17:00:00.000000000,8.0,96.0
1437,manh_2021,train,2021-08-12T07:00:00.000000000,2021-08-14T18:00:00.000000000,8.0,96.0
1438,manh_2021,train,2021-08-12T08:00:00.000000000,2021-08-14T19:00:00.000000000,8.0,96.0
1439,manh_2021,train,2021-08-12T09:00:00.000000000,2021-08-14T20:00:00.000000000,8.0,96.0
1440,manh_2021,train,2021-08-12T10:00:00.000000000,2021-08-14T21:00:00.000000000,0.0,0.0
1441,manh_2021,train,2021-08-12T11:00:00.000000000,2021-08-14T22:00:00.000000000,0.0,0.0
1442,manh_2021,train,2021-08-12T12:00:00.000000000,2021-08-14T23:00:00.000000000,0.0,0.0
1443,manh_2021,train,2021-08-12T13:00:00.000000000,2021-08-15T00:00:00.000000000,0.0,0.0
1444,manh_2021,train,2021-08-12T14:00:00.000000000,2021-08-15T01:00:00.000000000,0.0,0.0
1445,manh_2021,train,2021-08-12T15:00:00.000000000,2021-08-15T02:00:00.000000000,0.0,0.0
1446,manh_2021,train,2021-08-12T16:00:00.000000000,2021-08-15T03:00:00.000000000,0.0,0.0
1447,manh_2021,train,2021-08-12T17:00:00.000000000,2021-08-15T04:00:00.000000000,0.0,0.0
1448,manh_2021,train,2021-08-12T18:00:00.000000000,2021-08-15T05:00:00.000000000,0.0,0.0
1449,manh_2021,train,2021-08-12T19:00:00.000000000,2021-08-15T06:00:00.000000000,0.0,0.0
1450,manh_2021,train,2021-08-12T20:00:00.000000000,2021-08-15T07:00:00.000000000,0.0,0.0
1451,manh_2021,train,2021-08-12T21:00:00.000000000,2021-08-15T08:00:00.000000000,0.0,0.0
1452,manh_2021,train,2021-08-12T22:00:00.000000000,2021-08-15T09:00:00.000000000,6.041666507720947,72.5
1453,manh_2021,train,2021-08-12T23:00:00.000000000,2021-08-15T10:00:00.000000000,6.041666507720947,72.5
1454,manh_2021,train,2021-08-13T00:00:00.000000000,2021-08-15T11:00:00.000000000,6.041666507720947,72.5
1455,manh_2021,train,2021-08-13T01:00:00.000000000,2021-08-15T12:00:00.000000000,6.041666507720947,72.5
1456,manh_2021,train,2021-08-13T02:00:00.000000000,2021-08-15T13:00:00.000000000,6.041666507720947,72.5
1457,manh_2021,train,2021-08-13T03:00:00.000000000,2021-08-15T14:00:00.000000000,6.041666507720947,72.5
1458,manh_2021,train,2021-08-13T04:00:00.000000000,2021-08-15T15:00:00.000000000,6.041666507720947,72.5
1459,manh_2021,train,2021-08-13T05:00:00.000000000,2021-08-15T16:00:00.000000000,6.041666507720947,72.5
1460,manh_2021,train,2021-08-13T06:00:00.000000000,2021-08-15T17:00:00.000000000,6.041666507720947,72.5
1461,manh_2021,train,2021-08-13T07:00:00.000000000,2021-08-15T18:00:00.000000000,6.041666507720947,72.5
1462,manh_2021,train,2021-08-13T08:00:00.000000000,2021-08-15T19:00:00.000000000,6.041666507720947,72.5
1463,manh_2021,train,2021-08-13T09:00:00.000000000,2021-08-15T20:00:00.000000000,6.041666507720947,72.5
1464,manh_2021,train,2021-08-13T10:00:00.000000000,2021-08-15T21:00:00.000000000,0.0,0.0
1465,manh_2021,train,2021-08-13T11:00:00.000000000,2021-08-15T22:00:00.000000000,0.0,0.0
1466,manh_2021,train,2021-08-13T12:00:00.000000000,2021-08-15T23:00:00.000000000,0.0,0.0
1467,manh_2021,train,2021-08-13T13:00:00.000000000,2021-08-16T00:00:00.000000000,0.0,0.0
1468,manh_2021,train,2021-08-13T14:00:00.000000000,2021-08-16T01:00:00.000000000,0.0,0.0
1469,manh_2021,train,2021-08-13T15:00:00.000000000,2021-08-16T02:00:00.000000000,0.0,0.0
1470,manh_2021,train,2021-08-13T16:00:00.000000000,2021-08-16T03:00:00.000000000,0.0,0.0
1471,manh_2021,train,2021-08-13T17:00:00.000000000,2021-08-16T04:00:00.000000000,0.0,0.0
1472,manh_2021,train,2021-08-13T18:00:00.000000000,2021-08-16T05:00:00.000000000,0.0,0.0
1473,manh_2021,train,2021-08-13T19:00:00.000000000,2021-08-16T06:00:00.000000000,0.0,0.0
1474,manh_2021,train,2021-08-13T20:00:00.000000000,2021-08-16T07:00:00.000000000,0.0,0.0
1475,manh_2021,train,2021-08-13T21:00:00.000000000,2021-08-16T08:00:00.000000000,0.0,0.0
1476,manh_2021,train,2021-08-13T22:00:00.000000000,2021-08-16T09:00:00.000000000,0.0,0.0
1477,manh_2021,train,2021-08-13T23:00:00.000000000,2021-08-16T10:00:00.000000000,0.0,0.0
1478,manh_2021,train,2021-08-14T00:00:00.000000000,2021-08-16T11:00:00.000000000,0.0,0.0
1479,manh_2021,train,2021-08-14T01:00:00.000000000,2021-08-16T12:00:00.000000000,0.0,0.0
1480,manh_2021,train,2021-08-14T02:00:00.000000000,2021-08-16T13:00:00.000000000,5.641666412353516,67.69999694824219
1481,manh_2021,train,2021-08-14T03:00:00.000000000,2021-08-16T14:00:00.000000000,12.808333396911621,86.0
1482,manh_2021,train,2021-08-14T04:00:00.000000000,2021-08-16T15:00:00.000000000,12.808333396911621,86.0
1483,manh_2021,train,2021-08-14T05:00:00.000000000,2021-08-16T16:00:00.000000000,12.808333396911621,86.0
1484,manh_2021,train,2021-08-14T06:00:00.000000000,2021-08-16T17:00:00.000000000,12.808333396911621,86.0
1485,manh_2021,train,2021-08-14T07:00:00.000000000,2021-08-16T18:00:00.000000000,12.808333396911621,86.0
1486,manh_2021,train,2021-08-14T08:00:00.000000000,2021-08-16T19:00:00.000000000,12.808333396911621,86.0
1487,manh_2021,train,2021-08-14T09:00:00.000000000,2021-08-16T20:00:00.000000000,12.808333396911621,86.0
1488,manh_2021,train,2021-08-14T10:00:00.000000000,2021-08-16T21:00:00.000000000,12.808333396911621,86.0
1489,manh_2021,train,2021-08-14T11:00:00.000000000,2021-08-16T22:00:00.000000000,12.808333396911621,86.0
1490,manh_2021,train,2021-08-14T12:00:00.000000000,2021-08-16T23:00:00.000000000,12.808333396911621,86.0
1491,san_trope_2021,train,2021-08-14T00:00:00.000000000,2021-08-16T18:00:00.000000000,2100.199951171875,11185.2998046875
1492,san_trope_2021,train,2021-08-14T01:00:00.000000000,2021-08-16T19:00:00.000000000,3355.6416015625,15065.2998046875
1493,san_trope_2021,train,2021-08-14T02:00:00.000000000,2021-08-16T20:00:00.000000000,4503.033203125,15065.2998046875
1494,san_trope_2021,train,2021-08-14T03:00:00.000000000,2021-08-16T21:00:00.000000000,5351.09130859375,15065.2998046875
1495,san_trope_2021,train,2021-08-14T04:00:00.000000000,2021-08-16T22:00:00.000000000,6744.66650390625,16722.900390625
1496,san_trope_2021,train,2021-08-14T05:00:00.000000000,2021-08-16T23:00:00.000000000,7894.091796875,16722.900390625
1497,san_trope_2021,train,2021-08-14T06:00:00.000000000,2021-08-17T00:00:00.000000000,8378.3916015625,16722.900390625
1498,san_trope_2021,train,2021-08-14T07:00:00.000000000,2021-08-17T01:00:00.000000000,8817.2919921875,16722.900390625
1499,san_trope_2021,train,2021-08-14T08:00:00.000000000,2021-08-17T02:00:00.000000000,9226.8916015625,16722.900390625
1500,san_trope_2021,train,2021-08-14T09:00:00.000000000,2021-08-17T03:00:00.000000000,9289.408203125,16722.900390625
1501,san_trope_2021,train,2021-08-14T10:00:00.000000000,2021-08-17T04:00:00.000000000,9132.9677734375,16722.900390625
1502,san_trope_2021,train,2021-08-14T11:00:00.000000000,2021-08-17T05:00:00.000000000,8254.05859375,16722.900390625
1503,san_trope_2021,train,2021-08-14T12:00:00.000000000,2021-08-17T06:00:00.000000000,7342.30810546875,16722.900390625
1504,san_trope_2021,train,2021-08-14T13:00:00.000000000,2021-08-17T07:00:00.000000000,6134.89990234375,16722.900390625
1505,san_trope_2021,train,2021-08-14T14:00:00.000000000,2021-08-17T08:00:00.000000000,5096.10009765625,16722.900390625
1506,san_trope_2021,train,2021-08-14T15:00:00.000000000,2021-08-17T09:00:00.000000000,4399.6416015625,16722.900390625
1507,san_trope_2021,train,2021-08-14T16:00:00.000000000,2021-08-17T10:00:00.000000000,3251.75,13793.099609375
1508,san_trope_2021,train,2021-08-14T17:00:00.000000000,2021-08-17T11:00:00.000000000,2333.124755859375,5811.60009765625
1509,san_trope_2021,train,2021-08-14T18:00:00.000000000,2021-08-17T12:00:00.000000000,2204.39990234375,5266.7998046875
1510,san_trope_2021,train,2021-08-14T19:00:00.000000000,2021-08-17T13:00:00.000000000,2119.7666015625,4915.2001953125
1511,san_trope_2021,train,2021-08-14T22:00:00.000000000,2021-08-17T14:00:00.000000000,2185.591552734375,5705.10009765625
1512,san_trope_2021,train,2021-08-14T23:00:00.000000000,2021-08-17T15:00:00.000000000,2652.258544921875,6900.7001953125
1513,san_trope_2021,train,2021-08-15T00:00:00.000000000,2021-08-17T16:00:00.000000000,3257.425048828125,7906.0
1514,san_trope_2021,train,2021-08-15T01:00:00.000000000,2021-08-17T17:00:00.000000000,3761.25,7906.0
1515,san_trope_2021,train,2021-08-15T02:00:00.000000000,2021-08-17T18:00:00.000000000,4068.300048828125,7906.0
1516,san_trope_2021,train,2021-08-15T03:00:00.000000000,2021-08-17T19:00:00.000000000,4341.07470703125,7906.0
1517,san_trope_2021,train,2021-08-15T04:00:00.000000000,2021-08-17T20:00:00.000000000,4592.033203125,7906.0
1518,san_trope_2021,train,2021-08-15T05:00:00.000000000,2021-08-17T21:00:00.000000000,4838.0166015625,7906.0
1519,san_trope_2021,train,2021-08-15T06:00:00.000000000,2021-08-17T22:00:00.000000000,4851.658203125,7906.0
1520,san_trope_2021,train,2021-08-15T07:00:00.000000000,2021-08-17T23:00:00.000000000,4735.84130859375,7906.0
1521,san_trope_2021,train,2021-08-15T08:00:00.000000000,2021-08-18T00:00:00.000000000,4492.59130859375,7906.0
1522,san_trope_2021,train,2021-08-15T09:00:00.000000000,2021-08-18T01:00:00.000000000,4290.27490234375,7906.0
1523,san_trope_2021,train,2021-08-15T10:00:00.000000000,2021-08-18T02:00:00.000000000,3864.849609375,7906.0
1524,san_trope_2021,train,2021-08-15T11:00:00.000000000,2021-08-18T03:00:00.000000000,3305.949462890625,7906.0
1525,san_trope_2021,train,2021-08-15T12:00:00.000000000,2021-08-18T04:00:00.000000000,2647.11669921875,6444.2998046875
1526,san_trope_2021,train,2021-08-15T13:00:00.000000000,2021-08-18T05:00:00.000000000,2110.091552734375,4771.0
1527,san_trope_2021,train,2021-08-15T14:00:00.000000000,2021-08-18T06:00:00.000000000,1782.6832275390625,4771.0
1528,san_trope_2021,train,2021-08-15T15:00:00.000000000,2021-08-18T07:00:00.000000000,1461.875,4771.0
1529,san_trope_2021,train,2021-08-15T16:00:00.000000000,2021-08-18T08:00:00.000000000,1108.2415771484375,4771.0
1530,san_trope_2021,train,2021-08-15T17:00:00.000000000,2021-08-18T09:00:00.000000000,715.0750122070312,3111.89990234375
1531,san_trope_2021,train,2021-08-15T18:00:00.000000000,2021-08-18T10:00:00.000000000,874.75830078125,5028.10009765625
1532,san_trope_2021,train,2021-08-15T19:00:00.000000000,2021-08-18T11:00:00.000000000,1283.9000244140625,6289.5
1533,san_trope_2021,train,2021-08-15T20:00:00.000000000,2021-08-18T12:00:00.000000000,1670.5416259765625,6289.5
1534,san_trope_2021,train,2021-08-15T21:00:00.000000000,2021-08-18T13:00:00.000000000,1879.5166015625,6289.5
1535,san_trope_2021,train,2021-08-15T22:00:00.000000000,2021-08-18T14:00:00.000000000,2186.691650390625,6289.5
1536,san_trope_2021,train,2021-08-16T00:00:00.000000000,2021-08-18T15:00:00.000000000,2354.558349609375,6289.5
1537,san_trope_2021,train,2021-08-16T02:00:00.000000000,2021-08-18T16:00:00.000000000,2445.166748046875,6289.5
1538,san_trope_2021,train,2021-08-16T03:00:00.000000000,2021-08-18T17:00:00.000000000,2454.85009765625,6289.5
1539,san_trope_2021,train,2021-08-16T07:00:00.000000000,2021-08-18T18:00:00.000000000,2454.85009765625,6289.5
1540,san_trope_2021,train,2021-08-16T08:00:00.000000000,2021-08-18T19:00:00.000000000,2454.85009765625,6289.5
1541,san_trope_2021,train,2021-08-16T09:00:00.000000000,2021-08-18T20:00:00.000000000,2448.933349609375,6289.5
1542,san_trope_2021,train,2021-08-16T10:00:00.000000000,2021-08-18T21:00:00.000000000,2444.516845703125,6289.5
1543,san_trope_2021,train,2021-08-16T11:00:00.000000000,2021-08-18T22:00:00.000000000,2025.5084228515625,6289.5
1544,san_trope_2021,train,2021-08-16T12:00:00.000000000,2021-08-18T23:00:00.000000000,1501.3834228515625,5987.60009765625
1545,san_trope_2021,train,2021-08-16T13:00:00.000000000,2021-08-19T00:00:00.000000000,1002.416748046875,4331.10009765625
1546,san_trope_2021,train,2021-08-16T14:00:00.000000000,2021-08-19T01:00:00.000000000,641.49169921875,4286.10009765625
1547,san_trope_2021,train,2021-08-16T15:00:00.000000000,2021-08-19T02:00:00.000000000,284.3166809082031,2208.300048828125
1548,san_trope_2021,train,2021-08-16T16:00:00.000000000,2021-08-19T03:00:00.000000000,100.29166412353516,1087.300048828125
1549,san_trope_2021,train,2021-08-16T17:00:00.000000000,2021-08-19T04:00:00.000000000,9.683333396911621,116.19999694824219
1550,san_trope_2021,train,2021-08-16T18:00:00.000000000,2021-08-19T05:00:00.000000000,0.0,0.0
1551,san_trope_2021,train,2021-08-16T19:00:00.000000000,2021-08-19T06:00:00.000000000,0.0,0.0
1552,san_trope_2021,train,2021-08-16T20:00:00.000000000,2021-08-19T07:00:00.000000000,0.0,0.0
1553,san_trope_2021,train,2021-08-16T21:00:00.000000000,2021-08-19T08:00:00.000000000,0.0,0.0
1554,san_trope_2021,train,2021-08-16T22:00:00.000000000,2021-08-19T09:00:00.000000000,15.166666984558105,182.0
1555,san_trope_2021,train,2021-08-16T23:00:00.000000000,2021-08-19T10:00:00.000000000,54.858333587646484,476.29998779296875
1556,san_trope_2021,train,2021-08-17T00:00:00.000000000,2021-08-19T11:00:00.000000000,54.858333587646484,476.29998779296875
1557,san_trope_2021,train,2021-08-17T01:00:00.000000000,2021-08-19T12:00:00.000000000,54.858333587646484,476.29998779296875
1558,san_trope_2021,train,2021-08-17T02:00:00.000000000,2021-08-19T13:00:00.000000000,76.83333587646484,476.29998779296875
1559,san_trope_2021,train,2021-08-17T03:00:00.000000000,2021-08-19T14:00:00.000000000,76.83333587646484,476.29998779296875
1560,san_trope_2021,train,2021-08-17T04:00:00.000000000,2021-08-19T15:00:00.000000000,76.83333587646484,476.29998779296875
1561,san_trope_2021,train,2021-08-17T05:00:00.000000000,2021-08-19T16:00:00.000000000,76.83333587646484,476.29998779296875
1562,san_trope_2021,train,2021-08-17T06:00:00.000000000,2021-08-19T17:00:00.000000000,76.83333587646484,476.29998779296875
1563,san_trope_2021,train,2021-08-17T07:00:00.000000000,2021-08-19T18:00:00.000000000,76.83333587646484,476.29998779296875
1564,san_trope_2021,train,2021-08-17T08:00:00.000000000,2021-08-19T19:00:00.000000000,76.83333587646484,476.29998779296875
1565,san_trope_2021,train,2021-08-17T09:00:00.000000000,2021-08-19T20:00:00.000000000,76.83333587646484,476.29998779296875
1566,san_trope_2021,train,2021-08-17T10:00:00.000000000,2021-08-19T21:00:00.000000000,61.66666793823242,476.29998779296875
1567,san_trope_2021,train,2021-08-17T11:00:00.000000000,2021-08-19T22:00:00.000000000,21.975000381469727,263.70001220703125
1568,san_trope_2021,train,2021-08-17T12:00:00.000000000,2021-08-19T23:00:00.000000000,21.975000381469727,263.70001220703125
1569,san_trope_2021,train,2021-08-17T13:00:00.000000000,2021-08-20T00:00:00.000000000,21.975000381469727,263.70001220703125
1570,san_trope_2021,train,2021-08-17T14:00:00.000000000,2021-08-20T01:00:00.000000000,0.0,0.0
1571,san_trope_2021,train,2021-08-17T15:00:00.000000000,2021-08-20T02:00:00.000000000,0.0,0.0
1572,san_trope_2021,train,2021-08-17T16:00:00.000000000,2021-08-20T03:00:00.000000000,0.0,0.0
1573,san_trope_2021,train,2021-08-17T17:00:00.000000000,2021-08-20T04:00:00.000000000,0.0,0.0
1574,san_trope_2021,train,2021-08-17T18:00:00.000000000,2021-08-20T05:00:00.000000000,0.0,0.0
1575,san_trope_2021,train,2021-08-17T19:00:00.000000000,2021-08-20T06:00:00.000000000,0.0,0.0
1576,san_trope_2021,train,2021-08-17T20:00:00.000000000,2021-08-20T07:00:00.000000000,0.0,0.0
1577,san_trope_2021,train,2021-08-17T21:00:00.000000000,2021-08-20T08:00:00.000000000,0.0,0.0
1578,san_trope_2021,train,2021-08-17T22:00:00.000000000,2021-08-20T09:00:00.000000000,10.266666412353516,123.19999694824219
1579,san_trope_2021,train,2021-08-17T23:00:00.000000000,2021-08-20T10:00:00.000000000,10.266666412353516,123.19999694824219
1580,san_trope_2021,train,2021-08-18T00:00:00.000000000,2021-08-20T11:00:00.000000000,10.266666412353516,123.19999694824219
1581,san_trope_2021,train,2021-08-18T01:00:00.000000000,2021-08-20T12:00:00.000000000,10.266666412353516,123.19999694824219
1582,san_trope_2021,train,2021-08-18T02:00:00.000000000,2021-08-20T13:00:00.000000000,15.116665840148926,123.19999694824219
1583,san_trope_2021,train,2021-08-18T03:00:00.000000000,2021-08-20T14:00:00.000000000,24.808334350585938,123.19999694824219
1584,san_trope_2021,train,2021-08-18T04:00:00.000000000,2021-08-20T15:00:00.000000000,24.808334350585938,123.19999694824219
1585,san_trope_2021,train,2021-08-18T05:00:00.000000000,2021-08-20T16:00:00.000000000,24.808334350585938,123.19999694824219
1586,san_trope_2021,train,2021-08-18T06:00:00.000000000,2021-08-20T17:00:00.000000000,24.808334350585938,123.19999694824219
1587,san_trope_2021,train,2021-08-18T07:00:00.000000000,2021-08-20T18:00:00.000000000,24.808334350585938,123.19999694824219
1588,san_trope_2021,train,2021-08-18T08:00:00.000000000,2021-08-20T19:00:00.000000000,24.808334350585938,123.19999694824219
1589,san_trope_2021,train,2021-08-18T09:00:00.000000000,2021-08-20T20:00:00.000000000,24.808334350585938,123.19999694824219
1590,san_trope_2021,train,2021-08-18T10:00:00.000000000,2021-08-20T21:00:00.000000000,14.541666984558105,116.30000305175781
1591,san_trope_2021,train,2021-08-18T11:00:00.000000000,2021-08-20T22:00:00.000000000,14.541666984558105,116.30000305175781
1592,san_trope_2021,train,2021-08-18T12:00:00.000000000,2021-08-20T23:00:00.000000000,14.541666984558105,116.30000305175781
1593,san_trope_2021,train,2021-08-18T13:00:00.000000000,2021-08-21T00:00:00.000000000,14.541666984558105,116.30000305175781
1594,san_trope_2021,train,2021-08-18T14:00:00.000000000,2021-08-21T01:00:00.000000000,9.691666603088379,116.30000305175781
1595,san_trope_2021,train,2021-08-18T15:00:00.000000000,2021-08-21T02:00:00.000000000,0.0,0.0
1596,san_trope_2021,train,2021-08-18T16:00:00.000000000,2021-08-21T03:00:00.000000000,0.0,0.0
1597,san_trope_2021,train,2021-08-18T17:00:00.000000000,2021-08-21T04:00:00.000000000,0.0,0.0
1598,san_trope_2021,train,2021-08-18T18:00:00.000000000,2021-08-21T05:00:00.000000000,0.0,0.0
1599,san_trope_2021,train,2021-08-18T19:00:00.000000000,2021-08-21T06:00:00.000000000,0.0,0.0
1600,san_trope_2021,train,2021-08-18T20:00:00.000000000,2021-08-21T07:00:00.000000000,0.0,0.0
1601,san_trope_2021,train,2021-08-18T21:00:00.000000000,2021-08-21T08:00:00.000000000,0.0,0.0
1602,san_trope_2021,train,2021-08-18T22:00:00.000000000,2021-08-21T09:00:00.000000000,27.19999885559082,326.3999938964844
1603,san_trope_2021,train,2021-08-18T23:00:00.000000000,2021-08-21T10:00:00.000000000,45.66666793823242,326.3999938964844
1604,san_trope_2021,train,2021-08-19T00:00:00.000000000,2021-08-21T11:00:00.000000000,45.66666793823242,326.3999938964844
1605,san_trope_2021,train,2021-08-19T01:00:00.000000000,2021-08-21T12:00:00.000000000,45.66666793823242,326.3999938964844
1606,san_trope_2021,train,2021-08-19T02:00:00.000000000,2021-08-21T13:00:00.000000000,45.66666793823242,326.3999938964844
1607,san_trope_2021,train,2021-08-19T03:00:00.000000000,2021-08-21T14:00:00.000000000,50.5,326.3999938964844
1608,san_trope_2021,train,2021-08-19T04:00:00.000000000,2021-08-21T15:00:00.000000000,55.85000228881836,326.3999938964844
1609,san_trope_2021,train,2021-08-19T05:00:00.000000000,2021-08-21T16:00:00.000000000,55.85000228881836,326.3999938964844
1610,san_trope_2021,train,2021-08-19T06:00:00.000000000,2021-08-21T17:00:00.000000000,55.85000228881836,326.3999938964844
1611,san_trope_2021,train,2021-08-19T07:00:00.000000000,2021-08-21T18:00:00.000000000,55.85000228881836,326.3999938964844
1612,san_trope_2021,train,2021-08-19T08:00:00.000000000,2021-08-21T19:00:00.000000000,55.85000228881836,326.3999938964844
1613,san_trope_2021,train,2021-08-19T09:00:00.000000000,2021-08-21T20:00:00.000000000,55.85000228881836,326.3999938964844
1614,san_trope_2021,train,2021-08-19T10:00:00.000000000,2021-08-21T21:00:00.000000000,28.649999618530273,221.60000610351562
1615,san_trope_2021,train,2021-08-19T11:00:00.000000000,2021-08-21T22:00:00.000000000,10.183333396911621,64.19999694824219
1616,san_trope_2021,train,2021-08-19T12:00:00.000000000,2021-08-21T23:00:00.000000000,10.183333396911621,64.19999694824219
1617,san_trope_2021,train,2021-08-19T13:00:00.000000000,2021-08-22T00:00:00.000000000,10.183333396911621,64.19999694824219
1618,san_trope_2021,train,2021-08-19T14:00:00.000000000,2021-08-22T01:00:00.000000000,10.183333396911621,64.19999694824219
1619,san_trope_2021,train,2021-08-19T15:00:00.000000000,2021-08-22T02:00:00.000000000,5.349999904632568,64.19999694824219
1620,san_trope_2021,train,2021-08-19T16:00:00.000000000,2021-08-22T03:00:00.000000000,0.0,0.0
1621,san_trope_2021,train,2021-08-19T17:00:00.000000000,2021-08-22T04:00:00.000000000,0.0,0.0
1622,san_trope_2021,train,2021-08-19T18:00:00.000000000,2021-08-22T05:00:00.000000000,0.0,0.0
1623,san_trope_2021,train,2021-08-19T19:00:00.000000000,2021-08-22T06:00:00.000000000,0.0,0.0
1624,san_trope_2021,train,2021-08-19T20:00:00.000000000,2021-08-22T07:00:00.000000000,0.0,0.0
1625,san_trope_2021,train,2021-08-19T21:00:00.000000000,2021-08-22T08:00:00.000000000,0.0,0.0
1626,san_trope_2021,train,2021-08-19T22:00:00.000000000,2021-08-22T09:00:00.000000000,0.0,0.0
1627,san_trope_2021,train,2021-08-19T23:00:00.000000000,2021-08-22T10:00:00.000000000,0.0,0.0
1628,san_trope_2021,train,2021-08-20T00:00:00.000000000,2021-08-22T11:00:00.000000000,0.0,0.0
1629,san_trope_2021,train,2021-08-20T01:00:00.000000000,2021-08-22T12:00:00.000000000,0.0,0.0
1630,san_trope_2021,train,2021-08-20T02:00:00.000000000,2021-08-22T13:00:00.000000000,17.941667556762695,215.3000030517578
1631,san_trope_2021,train,2021-08-20T03:00:00.000000000,2021-08-22T14:00:00.000000000,17.941667556762695,215.3000030517578
1632,san_trope_2021,train,2021-08-20T04:00:00.000000000,2021-08-22T15:00:00.000000000,17.941667556762695,215.3000030517578
1633,san_trope_2021,train,2021-08-20T05:00:00.000000000,2021-08-22T16:00:00.000000000,17.941667556762695,215.3000030517578
1634,san_trope_2021,train,2021-08-20T06:00:00.000000000,2021-08-22T17:00:00.000000000,17.941667556762695,215.3000030517578
1635,san_trope_2021,train,2021-08-20T07:00:00.000000000,2021-08-22T18:00:00.000000000,17.941667556762695,215.3000030517578
1636,san_trope_2021,train,2021-08-20T08:00:00.000000000,2021-08-22T19:00:00.000000000,17.941667556762695,215.3000030517578
1637,san_trope_2021,train,2021-08-20T09:00:00.000000000,2021-08-22T20:00:00.000000000,17.941667556762695,215.3000030517578
1638,san_trope_2021,train,2021-08-20T10:00:00.000000000,2021-08-22T21:00:00.000000000,17.941667556762695,215.3000030517578
1639,san_trope_2021,train,2021-08-20T11:00:00.000000000,2021-08-22T22:00:00.000000000,17.941667556762695,215.3000030517578
1640,san_trope_2021,train,2021-08-20T12:00:00.000000000,2021-08-22T23:00:00.000000000,17.941667556762695,215.3000030517578
1641,san_trope_2021,train,2021-08-20T13:00:00.000000000,2021-08-23T00:00:00.000000000,17.941667556762695,215.3000030517578
1642,san_trope_2021,train,2021-08-20T14:00:00.000000000,2021-08-23T01:00:00.000000000,0.0,0.0
1643,san_trope_2021,train,2021-08-20T15:00:00.000000000,2021-08-23T02:00:00.000000000,0.0,0.0
1644,san_trope_2021,train,2021-08-20T16:00:00.000000000,2021-08-23T03:00:00.000000000,0.0,0.0
1645,san_trope_2021,train,2021-08-20T17:00:00.000000000,2021-08-23T04:00:00.000000000,0.0,0.0
1646,san_trope_2021,train,2021-08-20T18:00:00.000000000,2021-08-23T05:00:00.000000000,0.0,0.0
1647,san_trope_2021,train,2021-08-20T19:00:00.000000000,2021-08-23T06:00:00.000000000,0.0,0.0
1648,san_trope_2021,train,2021-08-20T20:00:00.000000000,2021-08-23T07:00:00.000000000,0.0,0.0
1649,san_trope_2021,train,2021-08-20T21:00:00.000000000,2021-08-23T08:00:00.000000000,0.0,0.0
1650,san_trope_2021,train,2021-08-20T22:00:00.000000000,2021-08-23T09:00:00.000000000,0.0,0.0
1651,san_trope_2021,train,2021-08-20T23:00:00.000000000,2021-08-23T10:00:00.000000000,0.0,0.0
1652,san_trope_2021,train,2021-08-21T00:00:00.000000000,2021-08-23T11:00:00.000000000,0.0,0.0
1653,san_trope_2021,train,2021-08-21T01:00:00.000000000,2021-08-23T12:00:00.000000000,0.0,0.0
1654,san_trope_2021,train,2021-08-21T02:00:00.000000000,2021-08-23T13:00:00.000000000,0.0,0.0
1655,san_trope_2021,train,2021-08-21T03:00:00.000000000,2021-08-23T14:00:00.000000000,0.0,0.0
1656,san_trope_2021,train,2021-08-21T04:00:00.000000000,2021-08-23T15:00:00.000000000,0.0,0.0
1657,san_trope_2021,train,2021-08-21T05:00:00.000000000,2021-08-23T16:00:00.000000000,0.0,0.0
1658,san_trope_2021,train,2021-08-21T06:00:00.000000000,2021-08-23T17:00:00.000000000,0.0,0.0
1659,san_trope_2021,train,2021-08-21T07:00:00.000000000,2021-08-23T18:00:00.000000000,0.0,0.0
1660,san_trope_2021,train,2021-08-21T08:00:00.000000000,2021-08-23T19:00:00.000000000,0.0,0.0
1661,san_trope_2021,train,2021-08-21T09:00:00.000000000,2021-08-23T20:00:00.000000000,0.0,0.0
1662,san_trope_2021,train,2021-08-21T10:00:00.000000000,2021-08-23T21:00:00.000000000,0.0,0.0
1663,san_trope_2021,train,2021-08-21T11:00:00.000000000,2021-08-23T22:00:00.000000000,0.0,0.0
1664,san_trope_2021,train,2021-08-21T12:00:00.000000000,2021-08-23T23:00:00.000000000,0.0,0.0
1665,san_trope_2021,train,2021-08-21T13:00:00.000000000,2021-08-24T00:00:00.000000000,0.0,0.0
1666,san_trope_2021,train,2021-08-21T14:00:00.000000000,2021-08-24T01:00:00.000000000,0.0,0.0
1667,san_trope_2021,train,2021-08-21T15:00:00.000000000,2021-08-24T02:00:00.000000000,0.0,0.0
1668,san_trope_2021,train,2021-08-21T16:00:00.000000000,2021-08-24T03:00:00.000000000,0.0,0.0
1669,san_trope_2021,train,2021-08-21T17:00:00.000000000,2021-08-24T04:00:00.000000000,0.0,0.0
1670,san_trope_2021,train,2021-08-21T18:00:00.000000000,2021-08-24T05:00:00.000000000,0.0,0.0
1671,san_trope_2021,train,2021-08-21T19:00:00.000000000,2021-08-24T06:00:00.000000000,0.0,0.0
1672,san_trope_2021,train,2021-08-21T20:00:00.000000000,2021-08-24T07:00:00.000000000,0.0,0.0
1673,san_trope_2021,train,2021-08-21T21:00:00.000000000,2021-08-24T08:00:00.000000000,0.0,0.0
1674,san_trope_2021,train,2021-08-21T22:00:00.000000000,2021-08-24T09:00:00.000000000,0.0,0.0
1675,san_trope_2021,train,2021-08-21T23:00:00.000000000,2021-08-24T10:00:00.000000000,0.0,0.0
1676,san_trope_2021,train,2021-08-22T00:00:00.000000000,2021-08-24T11:00:00.000000000,0.0,0.0
1677,san_trope_2021,train,2021-08-22T01:00:00.000000000,2021-08-24T12:00:00.000000000,0.0,0.0
1678,san_trope_2021,train,2021-08-22T02:00:00.000000000,2021-08-24T13:00:00.000000000,0.0,0.0
1679,san_trope_2021,train,2021-08-22T03:00:00.000000000,2021-08-24T14:00:00.000000000,0.0,0.0
1680,san_trope_2021,train,2021-08-22T04:00:00.000000000,2021-08-24T15:00:00.000000000,0.0,0.0
1681,san_trope_2021,train,2021-08-22T05:00:00.000000000,2021-08-24T16:00:00.000000000,0.0,0.0
1682,san_trope_2021,train,2021-08-22T06:00:00.000000000,2021-08-24T17:00:00.000000000,0.0,0.0
1683,san_trope_2021,train,2021-08-22T07:00:00.000000000,2021-08-24T18:00:00.000000000,0.0,0.0
1684,san_trope_2021,train,2021-08-22T08:00:00.000000000,2021-08-24T19:00:00.000000000,0.0,0.0
1685,san_trope_2021,train,2021-08-22T09:00:00.000000000,2021-08-24T20:00:00.000000000,0.0,0.0
1686,san_trope_2021,train,2021-08-22T10:00:00.000000000,2021-08-24T21:00:00.000000000,0.0,0.0
1687,san_trope_2021,train,2021-08-22T11:00:00.000000000,2021-08-24T22:00:00.000000000,0.0,0.0
1688,san_trope_2021,train,2021-08-22T12:00:00.000000000,2021-08-24T23:00:00.000000000,0.0,0.0
1689,san_trope_2021,train,2021-08-22T13:00:00.000000000,2021-08-25T00:00:00.000000000,0.0,0.0
1690,san_trope_2021,train,2021-08-22T14:00:00.000000000,2021-08-25T01:00:00.000000000,0.0,0.0
1691,san_trope_2021,train,2021-08-22T15:00:00.000000000,2021-08-25T02:00:00.000000000,0.0,0.0
1692,san_trope_2021,train,2021-08-22T16:00:00.000000000,2021-08-25T03:00:00.000000000,0.0,0.0
1693,san_trope_2021,train,2021-08-22T17:00:00.000000000,2021-08-25T04:00:00.000000000,0.0,0.0
1694,san_trope_2021,train,2021-08-22T18:00:00.000000000,2021-08-25T05:00:00.000000000,0.0,0.0
1695,san_trope_2021,train,2021-08-22T19:00:00.000000000,2021-08-25T06:00:00.000000000,0.0,0.0
1696,san_trope_2021,train,2021-08-22T20:00:00.000000000,2021-08-25T07:00:00.000000000,0.0,0.0
1697,san_trope_2021,train,2021-08-22T21:00:00.000000000,2021-08-25T08:00:00.000000000,0.0,0.0
1698,san_trope_2021,train,2021-08-22T22:00:00.000000000,2021-08-25T09:00:00.000000000,0.0,0.0
1699,san_trope_2021,train,2021-08-22T23:00:00.000000000,2021-08-25T10:00:00.000000000,0.0,0.0
1700,san_trope_2021,train,2021-08-23T00:00:00.000000000,2021-08-25T11:00:00.000000000,0.0,0.0
1701,san_trope_2021,train,2021-08-23T01:00:00.000000000,2021-08-25T12:00:00.000000000,0.0,0.0
1702,san_trope_2021,train,2021-08-23T02:00:00.000000000,2021-08-25T13:00:00.000000000,0.0,0.0
1703,san_trope_2021,train,2021-08-23T03:00:00.000000000,2021-08-25T14:00:00.000000000,0.0,0.0
1704,san_trope_2021,train,2021-08-23T04:00:00.000000000,2021-08-25T15:00:00.000000000,0.0,0.0
1705,san_trope_2021,train,2021-08-23T05:00:00.000000000,2021-08-25T16:00:00.000000000,0.0,0.0
1706,san_trope_2021,train,2021-08-23T06:00:00.000000000,2021-08-25T17:00:00.000000000,0.0,0.0
1707,san_trope_2021,train,2021-08-23T07:00:00.000000000,2021-08-25T18:00:00.000000000,0.0,0.0
1708,san_trope_2021,train,2021-08-23T08:00:00.000000000,2021-08-25T19:00:00.000000000,0.0,0.0
1709,san_trope_2021,train,2021-08-23T09:00:00.000000000,2021-08-25T20:00:00.000000000,0.0,0.0
1710,san_trope_2021,train,2021-08-23T10:00:00.000000000,2021-08-25T21:00:00.000000000,0.0,0.0
1711,san_trope_2021,train,2021-08-23T11:00:00.000000000,2021-08-25T22:00:00.000000000,0.0,0.0
1712,san_trope_2021,train,2021-08-23T12:00:00.000000000,2021-08-25T23:00:00.000000000,0.0,0.0
1713,jubrique_2021,train,2021-09-06T00:00:00.000000000,2021-09-08T15:00:00.000000000,0.0,0.0
1714,jubrique_2021,train,2021-09-06T01:00:00.000000000,2021-09-08T16:00:00.000000000,0.0,0.0
1715,jubrique_2021,train,2021-09-06T02:00:00.000000000,2021-09-08T17:00:00.000000000,0.0,0.0
1716,jubrique_2021,train,2021-09-06T03:00:00.000000000,2021-09-08T18:00:00.000000000,0.0,0.0
1717,jubrique_2021,train,2021-09-06T04:00:00.000000000,2021-09-08T19:00:00.000000000,0.0,0.0
1718,jubrique_2021,train,2021-09-06T05:00:00.000000000,2021-09-08T20:00:00.000000000,157.75,1893.0
1719,jubrique_2021,train,2021-09-06T07:00:00.000000000,2021-09-08T21:00:00.000000000,758.11669921875,7204.39990234375
1720,jubrique_2021,train,2021-09-06T08:00:00.000000000,2021-09-08T22:00:00.000000000,1404.3082275390625,7754.2998046875
1721,jubrique_2021,train,2021-09-06T10:00:00.000000000,2021-09-08T23:00:00.000000000,2039.2166748046875,7754.2998046875
1722,jubrique_2021,train,2021-09-06T13:00:00.000000000,2021-09-09T00:00:00.000000000,2489.125,7754.2998046875
1723,jubrique_2021,train,2021-09-06T14:00:00.000000000,2021-09-09T01:00:00.000000000,3003.383544921875,7754.2998046875
1724,jubrique_2021,train,2021-09-06T15:00:00.000000000,2021-09-09T02:00:00.000000000,3407.866943359375,7754.2998046875
1725,jubrique_2021,train,2021-09-06T16:00:00.000000000,2021-09-09T03:00:00.000000000,3523.391845703125,7754.2998046875
1726,jubrique_2021,train,2021-09-06T17:00:00.000000000,2021-09-09T04:00:00.000000000,3552.9169921875,7754.2998046875
1727,jubrique_2021,train,2021-09-06T18:00:00.000000000,2021-09-09T05:00:00.000000000,3927.2587890625,7754.2998046875
1728,jubrique_2021,train,2021-09-06T19:00:00.000000000,2021-09-09T06:00:00.000000000,4212.26708984375,7754.2998046875
1729,jubrique_2021,train,2021-09-06T20:00:00.000000000,2021-09-09T07:00:00.000000000,4277.05859375,7754.2998046875
1730,jubrique_2021,train,2021-09-06T21:00:00.000000000,2021-09-09T08:00:00.000000000,4191.75830078125,7754.2998046875
1731,jubrique_2021,train,2021-09-06T22:00:00.000000000,2021-09-09T09:00:00.000000000,3794.5166015625,7754.2998046875
1732,jubrique_2021,train,2021-09-06T23:00:00.000000000,2021-09-09T10:00:00.000000000,3182.716552734375,7618.89990234375
1733,jubrique_2021,train,2021-09-07T00:00:00.000000000,2021-09-09T11:00:00.000000000,2600.966552734375,6171.10009765625
1734,jubrique_2021,train,2021-09-07T01:00:00.000000000,2021-09-09T12:00:00.000000000,2346.000244140625,6171.10009765625
1735,jubrique_2021,train,2021-09-07T02:00:00.000000000,2021-09-09T13:00:00.000000000,2196.1083984375,4853.7998046875
1736,jubrique_2021,train,2021-09-07T03:00:00.000000000,2021-09-09T14:00:00.000000000,2163.466796875,4492.10009765625
1737,jubrique_2021,train,2021-09-07T04:00:00.000000000,2021-09-09T15:00:00.000000000,2461.2998046875,4960.2998046875
1738,jubrique_2021,train,2021-09-07T05:00:00.000000000,2021-09-09T16:00:00.000000000,2628.258544921875,4960.2998046875
1739,jubrique_2021,train,2021-09-07T06:00:00.000000000,2021-09-09T17:00:00.000000000,2395.183349609375,4960.2998046875
1740,jubrique_2021,train,2021-09-07T07:00:00.000000000,2021-09-09T18:00:00.000000000,2153.025146484375,4960.2998046875
1741,jubrique_2021,train,2021-09-07T08:00:00.000000000,2021-09-09T20:00:00.000000000,2088.2333984375,4960.2998046875
1742,jubrique_2021,train,2021-09-07T09:00:00.000000000,2021-09-09T21:00:00.000000000,2015.783203125,4960.2998046875
1743,jubrique_2021,train,2021-09-07T10:00:00.000000000,2021-09-10T00:00:00.000000000,1812.6583251953125,4960.2998046875
1744,jubrique_2021,train,2021-09-07T11:00:00.000000000,2021-09-10T01:00:00.000000000,1782.2916259765625,4960.2998046875
1745,jubrique_2021,train,2021-09-07T12:00:00.000000000,2021-09-10T02:00:00.000000000,1730.5418701171875,4960.2998046875
1746,jubrique_2021,train,2021-09-07T13:00:00.000000000,2021-09-10T03:00:00.000000000,1535.60009765625,4960.2998046875
1747,jubrique_2021,train,2021-09-07T14:00:00.000000000,2021-09-10T04:00:00.000000000,1171.2333984375,4960.2998046875
1748,jubrique_2021,train,2021-09-07T15:00:00.000000000,2021-09-10T05:00:00.000000000,799.3916625976562,4960.2998046875
1749,jubrique_2021,train,2021-09-07T16:00:00.000000000,2021-09-10T06:00:00.000000000,386.0333557128906,2357.800048828125
1750,jubrique_2021,train,2021-09-07T17:00:00.000000000,2021-09-10T07:00:00.000000000,189.54998779296875,1695.199951171875
1751,jubrique_2021,train,2021-09-07T18:00:00.000000000,2021-09-10T08:00:00.000000000,48.2833366394043,514.2000122070312
1752,jubrique_2021,train,2021-09-07T19:00:00.000000000,2021-09-10T09:00:00.000000000,5.433332920074463,48.29999923706055
1753,jubrique_2021,train,2021-09-07T20:00:00.000000000,2021-09-10T10:00:00.000000000,5.433332920074463,48.29999923706055
1754,jubrique_2021,train,2021-09-07T21:00:00.000000000,2021-09-10T11:00:00.000000000,11.316665649414062,70.5999984741211
1755,jubrique_2021,train,2021-09-07T22:00:00.000000000,2021-09-10T12:00:00.000000000,74.94999694824219,763.5999755859375
1756,jubrique_2021,train,2021-09-07T23:00:00.000000000,2021-09-10T13:00:00.000000000,467.8583679199219,4763.2001953125
1757,jubrique_2021,train,2021-09-08T00:00:00.000000000,2021-09-10T14:00:00.000000000,826.425048828125,4763.2001953125
1758,jubrique_2021,train,2021-09-08T01:00:00.000000000,2021-09-10T15:00:00.000000000,919.2750854492188,4763.2001953125
1759,jubrique_2021,train,2021-09-08T02:00:00.000000000,2021-09-10T16:00:00.000000000,1184.72509765625,4763.2001953125
1760,jubrique_2021,train,2021-09-08T03:00:00.000000000,2021-09-10T19:00:00.000000000,1286.091796875,4763.2001953125
1761,jubrique_2021,train,2021-09-08T04:00:00.000000000,2021-09-11T00:00:00.000000000,1294.025146484375,4763.2001953125
1762,jubrique_2021,train,2021-09-08T05:00:00.000000000,2021-09-11T05:00:00.000000000,1297.283447265625,4763.2001953125
1763,jubrique_2021,train,2021-09-08T06:00:00.000000000,2021-09-11T08:00:00.000000000,1313.5416259765625,4763.2001953125
1764,jubrique_2021,train,2021-09-08T07:00:00.000000000,2021-09-11T13:00:00.000000000,1367.9583740234375,4763.2001953125
1765,jubrique_2021,train,2021-09-08T08:00:00.000000000,2021-09-11T17:00:00.000000000,1371.63330078125,4763.2001953125
1766,jubrique_2021,train,2021-09-08T09:00:00.000000000,2021-09-11T22:00:00.000000000,1369.2916259765625,4763.2001953125
1767,jubrique_2021,train,2021-09-08T10:00:00.000000000,2021-09-11T23:00:00.000000000,1439.3165283203125,4763.2001953125
1768,jubrique_2021,train,2021-09-08T11:00:00.000000000,2021-09-12T00:00:00.000000000,1096.3917236328125,4319.7001953125
1769,jubrique_2021,train,2021-09-08T12:00:00.000000000,2021-09-12T01:00:00.000000000,851.5665893554688,3185.39990234375
1770,jubrique_2021,train,2021-09-08T13:00:00.000000000,2021-09-12T02:00:00.000000000,1045.0499267578125,3436.0
1771,jubrique_2021,train,2021-09-08T14:00:00.000000000,2021-09-12T03:00:00.000000000,1453.3167724609375,8084.60009765625
1772,jubrique_2021,train,2021-09-08T15:00:00.000000000,2021-09-12T04:00:00.000000000,1970.1416015625,8084.60009765625
1773,jubrique_2021,train,2021-09-08T16:00:00.000000000,2021-09-12T05:00:00.000000000,2847.683349609375,10625.7001953125
1774,jubrique_2021,train,2021-09-08T17:00:00.000000000,2021-09-12T06:00:00.000000000,3683.833251953125,10625.7001953125
1775,jubrique_2021,train,2021-09-08T18:00:00.000000000,2021-09-12T07:00:00.000000000,4361.02490234375,10625.7001953125
1776,jubrique_2021,train,2021-09-08T19:00:00.000000000,2021-09-12T08:00:00.000000000,4943.3330078125,10625.7001953125
1777,jubrique_2021,train,2021-09-08T20:00:00.000000000,2021-09-12T09:00:00.000000000,5708.53271484375,10625.7001953125
1778,jubrique_2021,train,2021-09-08T21:00:00.000000000,2021-09-12T10:00:00.000000000,6008.42578125,10625.7001953125
1779,jubrique_2021,train,2021-09-08T22:00:00.000000000,2021-09-12T11:00:00.000000000,6505.67529296875,10625.7001953125
1780,jubrique_2021,train,2021-09-08T23:00:00.000000000,2021-09-12T12:00:00.000000000,7683.68408203125,14784.2001953125
1781,jubrique_2021,train,2021-09-09T00:00:00.000000000,2021-09-12T13:00:00.000000000,7648.708984375,14784.2001953125
1782,jubrique_2021,train,2021-09-09T01:00:00.000000000,2021-09-12T14:00:00.000000000,7413.18408203125,14784.2001953125
1783,jubrique_2021,train,2021-09-09T02:00:00.000000000,2021-09-12T15:00:00.000000000,6784.79248046875,14784.2001953125
1784,jubrique_2021,train,2021-09-09T03:00:00.000000000,2021-09-12T16:00:00.000000000,6196.50830078125,14784.2001953125
1785,jubrique_2021,train,2021-09-09T04:00:00.000000000,2021-09-12T17:00:00.000000000,5398.05810546875,14784.2001953125
1786,jubrique_2021,train,2021-09-09T05:00:00.000000000,2021-09-12T18:00:00.000000000,4620.41650390625,14784.2001953125
1787,jubrique_2021,train,2021-09-09T06:00:00.000000000,2021-09-12T19:00:00.000000000,3941.991455078125,14784.2001953125
1788,jubrique_2021,train,2021-09-09T07:00:00.000000000,2021-09-12T20:00:00.000000000,3305.266845703125,14784.2001953125
1789,jubrique_2021,train,2021-09-09T08:00:00.000000000,2021-09-12T21:00:00.000000000,2536.3916015625,14784.2001953125
1790,jubrique_2021,train,2021-09-09T09:00:00.000000000,2021-09-12T22:00:00.000000000,2232.95849609375,14784.2001953125
1791,jubrique_2021,train,2021-09-09T10:00:00.000000000,2021-09-12T23:00:00.000000000,1602.0501708984375,14784.2001953125
1792,jubrique_2021,train,2021-09-09T11:00:00.000000000,2021-09-13T00:00:00.000000000,370.0333557128906,1044.300048828125
1793,jubrique_2021,train,2021-09-09T12:00:00.000000000,2021-09-13T01:00:00.000000000,289.8583679199219,1044.300048828125
1794,jubrique_2021,train,2021-09-09T13:00:00.000000000,2021-09-13T02:00:00.000000000,239.0500030517578,1044.300048828125
1795,jubrique_2021,train,2021-09-09T14:00:00.000000000,2021-09-13T03:00:00.000000000,193.7250213623047,1044.300048828125
1796,jubrique_2021,train,2021-09-09T15:00:00.000000000,2021-09-13T04:00:00.000000000,163.81666564941406,1044.300048828125
1797,jubrique_2021,train,2021-09-09T16:00:00.000000000,2021-09-13T05:00:00.000000000,80.58333587646484,741.2000122070312
1798,jubrique_2021,train,2021-09-09T17:00:00.000000000,2021-09-13T06:00:00.000000000,18.816667556762695,180.3000030517578
1799,jubrique_2021,train,2021-09-09T18:00:00.000000000,2021-09-13T07:00:00.000000000,3.7916667461395264,45.5
1800,jubrique_2021,train,2021-09-09T20:00:00.000000000,2021-09-13T08:00:00.000000000,3.7916667461395264,45.5
1801,jubrique_2021,train,2021-09-09T21:00:00.000000000,2021-09-13T09:00:00.000000000,3.7916667461395264,45.5
1802,jubrique_2021,train,2021-09-10T00:00:00.000000000,2021-09-13T10:00:00.000000000,3.7916667461395264,45.5
1803,jubrique_2021,train,2021-09-10T01:00:00.000000000,2021-09-13T11:00:00.000000000,3.7916667461395264,45.5
1804,jubrique_2021,train,2021-09-10T02:00:00.000000000,2021-09-13T12:00:00.000000000,3.7916667461395264,45.5
1805,jubrique_2021,train,2021-09-10T03:00:00.000000000,2021-09-13T13:00:00.000000000,3.7916667461395264,45.5
1806,jubrique_2021,train,2021-09-10T04:00:00.000000000,2021-09-13T14:00:00.000000000,3.7916667461395264,45.5
1807,jubrique_2021,train,2021-09-10T05:00:00.000000000,2021-09-13T15:00:00.000000000,3.7916667461395264,45.5
1808,jubrique_2021,train,2021-09-10T06:00:00.000000000,2021-09-13T16:00:00.000000000,3.7916667461395264,45.5
1809,jubrique_2021,train,2021-09-10T07:00:00.000000000,2021-09-13T17:00:00.000000000,0.0,0.0
1810,jubrique_2021,train,2021-09-10T08:00:00.000000000,2021-09-13T18:00:00.000000000,0.0,0.0
1811,jubrique_2021,train,2021-09-10T09:00:00.000000000,2021-09-13T19:00:00.000000000,0.0,0.0
1812,jubrique_2021,train,2021-09-10T10:00:00.000000000,2021-09-13T20:00:00.000000000,0.0,0.0
1813,jubrique_2021,train,2021-09-10T11:00:00.000000000,2021-09-13T21:00:00.000000000,0.0,0.0
1814,jubrique_2021,train,2021-09-10T12:00:00.000000000,2021-09-13T22:00:00.000000000,0.0,0.0
1815,jubrique_2021,train,2021-09-10T13:00:00.000000000,2021-09-13T23:00:00.000000000,0.0,0.0
1816,jubrique_2021,train,2021-09-10T14:00:00.000000000,2021-09-14T00:00:00.000000000,0.0,0.0
1817,jubrique_2021,train,2021-09-10T15:00:00.000000000,2021-09-14T01:00:00.000000000,0.0,0.0
1818,jubrique_2021,train,2021-09-10T16:00:00.000000000,2021-09-14T02:00:00.000000000,0.0,0.0
1819,jubrique_2021,train,2021-09-10T19:00:00.000000000,2021-09-14T03:00:00.000000000,0.0,0.0
1820,jubrique_2021,train,2021-09-11T00:00:00.000000000,2021-09-14T04:00:00.000000000,0.0,0.0
1821,jubrique_2021,train,2021-09-11T05:00:00.000000000,2021-09-14T05:00:00.000000000,0.0,0.0
1822,jubrique_2021,train,2021-09-11T08:00:00.000000000,2021-09-14T06:00:00.000000000,0.0,0.0
1823,jubrique_2021,train,2021-09-11T13:00:00.000000000,2021-09-14T07:00:00.000000000,0.0,0.0
1824,jubrique_2021,train,2021-09-11T17:00:00.000000000,2021-09-14T08:00:00.000000000,0.0,0.0
1825,jubrique_2021,train,2021-09-11T22:00:00.000000000,2021-09-14T09:00:00.000000000,0.0,0.0
1826,jubrique_2021,train,2021-09-11T23:00:00.000000000,2021-09-14T10:00:00.000000000,0.0,0.0
1827,jubrique_2021,train,2021-09-12T00:00:00.000000000,2021-09-14T11:00:00.000000000,0.0,0.0
1828,jubrique_2021,train,2021-09-12T01:00:00.000000000,2021-09-14T12:00:00.000000000,0.0,0.0
1829,jubrique_2021,train,2021-09-12T02:00:00.000000000,2021-09-14T13:00:00.000000000,0.0,0.0
1830,jubrique_2021,train,2021-09-12T03:00:00.000000000,2021-09-14T14:00:00.000000000,0.0,0.0
1831,jubrique_2021,train,2021-09-12T04:00:00.000000000,2021-09-14T15:00:00.000000000,0.0,0.0
1832,jubrique_2021,train,2021-09-12T05:00:00.000000000,2021-09-14T16:00:00.000000000,0.0,0.0
1833,jubrique_2021,train,2021-09-12T06:00:00.000000000,2021-09-14T17:00:00.000000000,0.0,0.0
1834,jubrique_2021,train,2021-09-12T07:00:00.000000000,2021-09-14T18:00:00.000000000,0.0,0.0
1835,jubrique_2021,train,2021-09-12T08:00:00.000000000,2021-09-14T19:00:00.000000000,0.0,0.0
1836,jubrique_2021,train,2021-09-12T09:00:00.000000000,2021-09-14T20:00:00.000000000,0.0,0.0
1837,jubrique_2021,train,2021-09-12T10:00:00.000000000,2021-09-14T21:00:00.000000000,0.0,0.0
1838,jubrique_2021,train,2021-09-12T11:00:00.000000000,2021-09-14T22:00:00.000000000,0.0,0.0
1839,jubrique_2021,train,2021-09-12T12:00:00.000000000,2021-09-14T23:00:00.000000000,0.0,0.0
1840,jubrique_2021,train,2021-09-12T13:00:00.000000000,2021-09-15T00:00:00.000000000,0.0,0.0
1841,jubrique_2021,train,2021-09-12T14:00:00.000000000,2021-09-15T01:00:00.000000000,0.0,0.0
1842,jubrique_2021,train,2021-09-12T15:00:00.000000000,2021-09-15T02:00:00.000000000,0.0,0.0
1843,jubrique_2021,train,2021-09-12T16:00:00.000000000,2021-09-15T03:00:00.000000000,0.0,0.0
1844,jubrique_2021,train,2021-09-12T17:00:00.000000000,2021-09-15T04:00:00.000000000,0.0,0.0
1845,jubrique_2021,train,2021-09-12T18:00:00.000000000,2021-09-15T05:00:00.000000000,0.0,0.0
1846,jubrique_2021,train,2021-09-12T19:00:00.000000000,2021-09-15T06:00:00.000000000,0.0,0.0
1847,jubrique_2021,train,2021-09-12T20:00:00.000000000,2021-09-15T07:00:00.000000000,0.0,0.0
1848,jubrique_2021,train,2021-09-12T21:00:00.000000000,2021-09-15T08:00:00.000000000,0.0,0.0
1849,jubrique_2021,train,2021-09-12T22:00:00.000000000,2021-09-15T09:00:00.000000000,0.0,0.0
1850,jubrique_2021,train,2021-09-12T23:00:00.000000000,2021-09-15T10:00:00.000000000,0.0,0.0
1851,jubrique_2021,train,2021-09-13T00:00:00.000000000,2021-09-15T11:00:00.000000000,0.0,0.0
1852,jubrique_2021,train,2021-09-13T01:00:00.000000000,2021-09-15T12:00:00.000000000,0.0,0.0
1853,jubrique_2021,train,2021-09-13T02:00:00.000000000,2021-09-15T13:00:00.000000000,0.0,0.0
1854,jubrique_2021,train,2021-09-13T03:00:00.000000000,2021-09-15T14:00:00.000000000,0.0,0.0
1855,jubrique_2021,train,2021-09-13T04:00:00.000000000,2021-09-15T15:00:00.000000000,0.0,0.0
1856,jubrique_2021,train,2021-09-13T05:00:00.000000000,2021-09-15T16:00:00.000000000,0.0,0.0
1857,jubrique_2021,train,2021-09-13T06:00:00.000000000,2021-09-15T17:00:00.000000000,0.0,0.0
1858,jubrique_2021,train,2021-09-13T07:00:00.000000000,2021-09-15T18:00:00.000000000,0.0,0.0
1859,jubrique_2021,train,2021-09-13T08:00:00.000000000,2021-09-15T19:00:00.000000000,0.0,0.0
1860,jubrique_2021,train,2021-09-13T09:00:00.000000000,2021-09-15T20:00:00.000000000,0.0,0.0
1861,jubrique_2021,train,2021-09-13T10:00:00.000000000,2021-09-15T21:00:00.000000000,0.0,0.0
1862,jubrique_2021,train,2021-09-13T11:00:00.000000000,2021-09-15T22:00:00.000000000,0.0,0.0
1863,jubrique_2021,train,2021-09-13T12:00:00.000000000,2021-09-15T23:00:00.000000000,0.0,0.0
1864,jubrique_2021,train,2021-09-13T13:00:00.000000000,2021-09-16T00:00:00.000000000,0.0,0.0
1865,jubrique_2021,train,2021-09-13T14:00:00.000000000,2021-09-16T01:00:00.000000000,0.0,0.0
1866,jubrique_2021,train,2021-09-13T15:00:00.000000000,2021-09-16T02:00:00.000000000,0.0,0.0
1867,jubrique_2021,train,2021-09-13T16:00:00.000000000,2021-09-16T03:00:00.000000000,0.0,0.0
1868,jubrique_2021,train,2021-09-13T17:00:00.000000000,2021-09-16T04:00:00.000000000,0.0,0.0
1869,jubrique_2021,train,2021-09-13T18:00:00.000000000,2021-09-16T05:00:00.000000000,0.0,0.0
1870,jubrique_2021,train,2021-09-13T19:00:00.000000000,2021-09-16T06:00:00.000000000,0.0,0.0
1871,jubrique_2021,train,2021-09-13T20:00:00.000000000,2021-09-16T07:00:00.000000000,0.0,0.0
1872,jubrique_2021,train,2021-09-13T21:00:00.000000000,2021-09-16T08:00:00.000000000,0.0,0.0
1873,jubrique_2021,train,2021-09-13T22:00:00.000000000,2021-09-16T09:00:00.000000000,0.0,0.0
1874,jubrique_2021,train,2021-09-13T23:00:00.000000000,2021-09-16T10:00:00.000000000,0.0,0.0
1875,jubrique_2021,train,2021-09-14T00:00:00.000000000,2021-09-16T11:00:00.000000000,0.0,0.0
1876,jubrique_2021,train,2021-09-14T01:00:00.000000000,2021-09-16T12:00:00.000000000,0.0,0.0
1877,jubrique_2021,train,2021-09-14T02:00:00.000000000,2021-09-16T13:00:00.000000000,0.0,0.0
1878,jubrique_2021,train,2021-09-14T03:00:00.000000000,2021-09-16T14:00:00.000000000,0.0,0.0
1879,jubrique_2021,train,2021-09-14T04:00:00.000000000,2021-09-16T15:00:00.000000000,0.0,0.0
1880,jubrique_2021,train,2021-09-14T05:00:00.000000000,2021-09-16T16:00:00.000000000,0.0,0.0
1881,jubrique_2021,train,2021-09-14T06:00:00.000000000,2021-09-16T17:00:00.000000000,0.0,0.0
1882,jubrique_2021,train,2021-09-14T07:00:00.000000000,2021-09-16T18:00:00.000000000,0.0,0.0
1883,jubrique_2021,train,2021-09-14T08:00:00.000000000,2021-09-16T19:00:00.000000000,0.0,0.0
1884,jubrique_2021,train,2021-09-14T09:00:00.000000000,2021-09-16T20:00:00.000000000,0.0,0.0
1885,jubrique_2021,train,2021-09-14T10:00:00.000000000,2021-09-16T21:00:00.000000000,0.0,0.0
1886,jubrique_2021,train,2021-09-14T11:00:00.000000000,2021-09-16T22:00:00.000000000,0.0,0.0
1887,jubrique_2021,train,2021-09-14T12:00:00.000000000,2021-09-16T23:00:00.000000000,0.0,0.0
1888,jubrique_2021,train,2021-09-14T13:00:00.000000000,2021-09-17T00:00:00.000000000,0.0,0.0
1889,jubrique_2021,train,2021-09-14T14:00:00.000000000,2021-09-17T01:00:00.000000000,0.0,0.0
1890,jubrique_2021,train,2021-09-14T15:00:00.000000000,2021-09-17T02:00:00.000000000,0.0,0.0
1891,jubrique_2021,train,2021-09-14T16:00:00.000000000,2021-09-17T03:00:00.000000000,0.0,0.0
1892,jubrique_2021,train,2021-09-14T17:00:00.000000000,2021-09-17T04:00:00.000000000,0.0,0.0
1893,jubrique_2021,train,2021-09-14T18:00:00.000000000,2021-09-17T05:00:00.000000000,0.0,0.0
1894,jubrique_2021,train,2021-09-14T19:00:00.000000000,2021-09-17T06:00:00.000000000,0.0,0.0
1895,jubrique_2021,train,2021-09-14T20:00:00.000000000,2021-09-17T07:00:00.000000000,0.0,0.0
1896,jubrique_2021,train,2021-09-14T21:00:00.000000000,2021-09-17T08:00:00.000000000,0.0,0.0
1897,jubrique_2021,train,2021-09-14T22:00:00.000000000,2021-09-17T09:00:00.000000000,0.0,0.0
1898,jubrique_2021,train,2021-09-14T23:00:00.000000000,2021-09-17T10:00:00.000000000,0.0,0.0
1899,jubrique_2021,train,2021-09-15T00:00:00.000000000,2021-09-17T11:00:00.000000000,0.0,0.0
1900,jubrique_2021,train,2021-09-15T01:00:00.000000000,2021-09-17T12:00:00.000000000,0.0,0.0
1901,jubrique_2021,train,2021-09-15T02:00:00.000000000,2021-09-17T13:00:00.000000000,0.0,0.0
1902,jubrique_2021,train,2021-09-15T03:00:00.000000000,2021-09-17T14:00:00.000000000,0.0,0.0
1903,jubrique_2021,train,2021-09-15T04:00:00.000000000,2021-09-17T15:00:00.000000000,0.0,0.0
1904,jubrique_2021,train,2021-09-15T05:00:00.000000000,2021-09-17T16:00:00.000000000,0.0,0.0
1905,jubrique_2021,train,2021-09-15T06:00:00.000000000,2021-09-17T17:00:00.000000000,0.0,0.0
1906,jubrique_2021,train,2021-09-15T07:00:00.000000000,2021-09-17T18:00:00.000000000,0.0,0.0
1907,jubrique_2021,train,2021-09-15T08:00:00.000000000,2021-09-17T19:00:00.000000000,0.0,0.0
1908,jubrique_2021,train,2021-09-15T09:00:00.000000000,2021-09-17T20:00:00.000000000,0.0,0.0
1909,jubrique_2021,train,2021-09-15T10:00:00.000000000,2021-09-17T21:00:00.000000000,0.0,0.0
1910,jubrique_2021,train,2021-09-15T11:00:00.000000000,2021-09-17T22:00:00.000000000,0.0,0.0
1911,jubrique_2021,train,2021-09-15T12:00:00.000000000,2021-09-17T23:00:00.000000000,0.0,0.0
1912,sierra_2022,train,2022-06-13T00:00:00.000000000,2022-06-15T11:00:00.000000000,0.0,0.0
1913,sierra_2022,train,2022-06-13T01:00:00.000000000,2022-06-15T12:00:00.000000000,0.0,0.0
1914,sierra_2022,train,2022-06-13T02:00:00.000000000,2022-06-15T13:00:00.000000000,0.0,0.0
1915,sierra_2022,train,2022-06-13T03:00:00.000000000,2022-06-15T14:00:00.000000000,0.0,0.0
1916,sierra_2022,train,2022-06-13T04:00:00.000000000,2022-06-15T15:00:00.000000000,0.0,0.0
1917,sierra_2022,train,2022-06-13T05:00:00.000000000,2022-06-15T16:00:00.000000000,0.0,0.0
1918,sierra_2022,train,2022-06-13T06:00:00.000000000,2022-06-15T17:00:00.000000000,0.0,0.0
1919,sierra_2022,train,2022-06-13T07:00:00.000000000,2022-06-15T18:00:00.000000000,0.0,0.0
1920,sierra_2022,train,2022-06-13T08:00:00.000000000,2022-06-15T19:00:00.000000000,0.0,0.0
1921,sierra_2022,train,2022-06-13T09:00:00.000000000,2022-06-15T20:00:00.000000000,0.0,0.0
1922,sierra_2022,train,2022-06-13T10:00:00.000000000,2022-06-15T21:00:00.000000000,0.0,0.0
1923,sierra_2022,train,2022-06-13T11:00:00.000000000,2022-06-15T22:00:00.000000000,0.0,0.0
1924,sierra_2022,train,2022-06-13T12:00:00.000000000,2022-06-15T23:00:00.000000000,0.0,0.0
1925,sierra_2022,train,2022-06-13T13:00:00.000000000,2022-06-16T00:00:00.000000000,114.9000015258789,1378.800048828125
1926,sierra_2022,train,2022-06-13T14:00:00.000000000,2022-06-16T01:00:00.000000000,244.3916778564453,1553.9000244140625
1927,sierra_2022,train,2022-06-13T15:00:00.000000000,2022-06-16T02:00:00.000000000,314.2416687011719,1553.9000244140625
1928,sierra_2022,train,2022-06-13T16:00:00.000000000,2022-06-16T03:00:00.000000000,362.8833312988281,1553.9000244140625
1929,sierra_2022,train,2022-06-13T17:00:00.000000000,2022-06-16T04:00:00.000000000,393.125,1553.9000244140625
1930,sierra_2022,train,2022-06-13T18:00:00.000000000,2022-06-16T05:00:00.000000000,396.691650390625,1553.9000244140625
1931,sierra_2022,train,2022-06-13T19:00:00.000000000,2022-06-16T06:00:00.000000000,396.691650390625,1553.9000244140625
1932,sierra_2022,train,2022-06-13T20:00:00.000000000,2022-06-16T07:00:00.000000000,396.691650390625,1553.9000244140625
1933,sierra_2022,train,2022-06-13T21:00:00.000000000,2022-06-16T08:00:00.000000000,396.691650390625,1553.9000244140625
1934,sierra_2022,train,2022-06-13T22:00:00.000000000,2022-06-16T09:00:00.000000000,396.6916809082031,1553.9000244140625
1935,sierra_2022,train,2022-06-13T23:00:00.000000000,2022-06-16T10:00:00.000000000,396.6916809082031,1553.9000244140625
1936,sierra_2022,train,2022-06-14T00:00:00.000000000,2022-06-16T11:00:00.000000000,396.6916809082031,1553.9000244140625
1937,sierra_2022,train,2022-06-14T01:00:00.000000000,2022-06-16T12:00:00.000000000,281.79168701171875,1553.9000244140625
1938,sierra_2022,train,2022-06-14T02:00:00.000000000,2022-06-16T13:00:00.000000000,152.3000030517578,838.2000122070312
1939,sierra_2022,train,2022-06-14T03:00:00.000000000,2022-06-16T14:00:00.000000000,82.44999694824219,583.7000122070312
1940,sierra_2022,train,2022-06-14T04:00:00.000000000,2022-06-16T15:00:00.000000000,33.80833053588867,362.8999938964844
1941,sierra_2022,train,2022-06-14T05:00:00.000000000,2022-06-16T16:00:00.000000000,3.566666603088379,42.79999923706055
1942,sierra_2022,train,2022-06-14T06:00:00.000000000,2022-06-16T17:00:00.000000000,0.0,0.0
1943,sierra_2022,train,2022-06-14T07:00:00.000000000,2022-06-16T18:00:00.000000000,0.0,0.0
1944,sierra_2022,train,2022-06-14T08:00:00.000000000,2022-06-16T19:00:00.000000000,0.0,0.0
1945,sierra_2022,train,2022-06-14T09:00:00.000000000,2022-06-16T20:00:00.000000000,0.0,0.0
1946,sierra_2022,train,2022-06-14T10:00:00.000000000,2022-06-16T21:00:00.000000000,0.0,0.0
1947,sierra_2022,train,2022-06-14T11:00:00.000000000,2022-06-16T22:00:00.000000000,0.0,0.0
1948,sierra_2022,train,2022-06-14T12:00:00.000000000,2022-06-16T23:00:00.000000000,0.0,0.0
1949,sierra_2022,train,2022-06-14T13:00:00.000000000,2022-06-17T00:00:00.000000000,1.933333396911621,23.200000762939453
1950,sierra_2022,train,2022-06-14T14:00:00.000000000,2022-06-17T01:00:00.000000000,1.933333396911621,23.200000762939453
1951,sierra_2022,train,2022-06-14T15:00:00.000000000,2022-06-17T02:00:00.000000000,1.933333396911621,23.200000762939453
1952,sierra_2022,train,2022-06-14T16:00:00.000000000,2022-06-17T03:00:00.000000000,15.549999237060547,163.39999389648438
1953,sierra_2022,train,2022-06-14T17:00:00.000000000,2022-06-17T04:00:00.000000000,633.5416870117188,7415.89990234375
1954,sierra_2022,train,2022-06-14T18:00:00.000000000,2022-06-17T05:00:00.000000000,2034.1500244140625,16807.30078125
1955,sierra_2022,train,2022-06-14T19:00:00.000000000,2022-06-17T06:00:00.000000000,2703.683349609375,16807.30078125
1956,sierra_2022,train,2022-06-14T20:00:00.000000000,2022-06-17T07:00:00.000000000,3154.3251953125,16807.30078125
1957,sierra_2022,train,2022-06-14T21:00:00.000000000,2022-06-17T08:00:00.000000000,3154.3251953125,16807.30078125
1958,sierra_2022,train,2022-06-14T22:00:00.000000000,2022-06-17T09:00:00.000000000,3154.3251953125,16807.30078125
1959,sierra_2022,train,2022-06-14T23:00:00.000000000,2022-06-17T10:00:00.000000000,3154.324951171875,16807.30078125
1960,sierra_2022,train,2022-06-15T00:00:00.000000000,2022-06-17T11:00:00.000000000,3154.3251953125,16807.30078125
1961,sierra_2022,train,2022-06-15T01:00:00.000000000,2022-06-17T12:00:00.000000000,3152.391845703125,16807.30078125
1962,sierra_2022,train,2022-06-15T02:00:00.000000000,2022-06-17T13:00:00.000000000,3152.391845703125,16807.30078125
1963,sierra_2022,train,2022-06-15T03:00:00.000000000,2022-06-17T14:00:00.000000000,3152.3916015625,16807.30078125
1964,sierra_2022,train,2022-06-15T04:00:00.000000000,2022-06-17T15:00:00.000000000,3138.775146484375,16807.30078125
1965,sierra_2022,train,2022-06-15T05:00:00.000000000,2022-06-17T16:00:00.000000000,2520.783447265625,16807.30078125
1966,sierra_2022,train,2022-06-15T06:00:00.000000000,2022-06-17T17:00:00.000000000,1174.4166259765625,8034.39990234375
1967,sierra_2022,train,2022-06-15T07:00:00.000000000,2022-06-17T18:00:00.000000000,1472.4500732421875,11610.7998046875
1968,sierra_2022,train,2022-06-15T08:00:00.000000000,2022-06-17T19:00:00.000000000,1021.808349609375,11610.7998046875
1969,sierra_2022,train,2022-06-15T09:00:00.000000000,2022-06-17T20:00:00.000000000,1021.808349609375,11610.7998046875
1970,sierra_2022,train,2022-06-15T10:00:00.000000000,2022-06-17T21:00:00.000000000,1021.808349609375,11610.7998046875
1971,sierra_2022,train,2022-06-15T11:00:00.000000000,2022-06-17T22:00:00.000000000,1083.6583251953125,11610.7998046875
1972,sierra_2022,train,2022-06-15T12:00:00.000000000,2022-06-17T23:00:00.000000000,1118.6917724609375,11610.7998046875
1973,sierra_2022,train,2022-06-15T13:00:00.000000000,2022-06-18T00:00:00.000000000,1139.22509765625,11610.7998046875
1974,sierra_2022,train,2022-06-15T14:00:00.000000000,2022-06-18T01:00:00.000000000,1399.33349609375,11610.7998046875
1975,sierra_2022,train,2022-06-15T15:00:00.000000000,2022-06-18T02:00:00.000000000,1488.216796875,11610.7998046875
1976,sierra_2022,train,2022-06-15T16:00:00.000000000,2022-06-18T03:00:00.000000000,1488.2166748046875,11610.7998046875
1977,sierra_2022,train,2022-06-15T17:00:00.000000000,2022-06-18T04:00:00.000000000,1488.2166748046875,11610.7998046875
1978,sierra_2022,train,2022-06-15T18:00:00.000000000,2022-06-18T05:00:00.000000000,1433.9749755859375,11610.7998046875
1979,sierra_2022,train,2022-06-15T19:00:00.000000000,2022-06-18T06:00:00.000000000,466.4083251953125,3121.300048828125
1980,sierra_2022,train,2022-06-15T20:00:00.000000000,2022-06-18T07:00:00.000000000,466.4083251953125,3121.300048828125
1981,sierra_2022,train,2022-06-15T21:00:00.000000000,2022-06-18T08:00:00.000000000,466.4083251953125,3121.300048828125
1982,sierra_2022,train,2022-06-15T22:00:00.000000000,2022-06-18T09:00:00.000000000,466.4083251953125,3121.300048828125
1983,sierra_2022,train,2022-06-15T23:00:00.000000000,2022-06-18T10:00:00.000000000,404.5583190917969,3121.300048828125
1984,sierra_2022,train,2022-06-16T00:00:00.000000000,2022-06-18T11:00:00.000000000,369.5249938964844,3121.300048828125
1985,sierra_2022,train,2022-06-16T01:00:00.000000000,2022-06-18T12:00:00.000000000,348.9916687011719,3121.300048828125
1986,sierra_2022,train,2022-06-16T02:00:00.000000000,2022-06-18T13:00:00.000000000,88.88333129882812,1066.5999755859375
1987,sierra_2022,train,2022-06-16T03:00:00.000000000,2022-06-18T14:00:00.000000000,0.0,0.0
1988,sierra_2022,train,2022-06-16T04:00:00.000000000,2022-06-18T15:00:00.000000000,0.0,0.0
1989,sierra_2022,train,2022-06-16T05:00:00.000000000,2022-06-18T16:00:00.000000000,56.39999771118164,676.7999877929688
1990,sierra_2022,train,2022-06-16T06:00:00.000000000,2022-06-18T17:00:00.000000000,260.5333557128906,2449.60009765625
1991,sierra_2022,train,2022-06-16T07:00:00.000000000,2022-06-18T18:00:00.000000000,1622.0582275390625,16338.2998046875
1992,sierra_2022,train,2022-06-16T08:00:00.000000000,2022-06-18T19:00:00.000000000,4643.6416015625,36259.0
1993,sierra_2022,train,2022-06-16T09:00:00.000000000,2022-06-18T20:00:00.000000000,5298.16650390625,36259.0
1994,sierra_2022,train,2022-06-16T10:00:00.000000000,2022-06-18T21:00:00.000000000,5298.16650390625,36259.0
1995,sierra_2022,train,2022-06-16T11:00:00.000000000,2022-06-18T22:00:00.000000000,5298.1669921875,36259.0
1996,sierra_2022,train,2022-06-16T12:00:00.000000000,2022-06-18T23:00:00.000000000,5363.716796875,36259.0
1997,sierra_2022,train,2022-06-16T13:00:00.000000000,2022-06-19T00:00:00.000000000,5375.525390625,36259.0
1998,sierra_2022,train,2022-06-16T14:00:00.000000000,2022-06-19T01:00:00.000000000,5385.41650390625,36259.0
1999,sierra_2022,train,2022-06-16T15:00:00.000000000,2022-06-19T02:00:00.000000000,5389.00830078125,36259.0
2000,sierra_2022,train,2022-06-16T16:00:00.000000000,2022-06-19T03:00:00.000000000,5389.00830078125,36259.0
2001,sierra_2022,train,2022-06-16T17:00:00.000000000,2022-06-19T04:00:00.000000000,5332.60888671875,36259.0
2002,sierra_2022,train,2022-06-16T18:00:00.000000000,2022-06-19T05:00:00.000000000,5128.47509765625,36259.0
2003,sierra_2022,train,2022-06-16T19:00:00.000000000,2022-06-19T06:00:00.000000000,3766.9501953125,36259.0
2004,sierra_2022,train,2022-06-16T20:00:00.000000000,2022-06-19T07:00:00.000000000,745.3666381835938,7854.2998046875
2005,sierra_2022,train,2022-06-16T21:00:00.000000000,2022-06-19T08:00:00.000000000,90.84166717529297,786.5999755859375
2006,sierra_2022,train,2022-06-16T22:00:00.000000000,2022-06-19T09:00:00.000000000,90.84166717529297,786.5999755859375
2007,sierra_2022,train,2022-06-16T23:00:00.000000000,2022-06-19T10:00:00.000000000,90.84166717529297,786.5999755859375
2008,sierra_2022,train,2022-06-17T00:00:00.000000000,2022-06-19T11:00:00.000000000,25.29166603088379,141.6999969482422
2009,sierra_2022,train,2022-06-17T01:00:00.000000000,2022-06-19T12:00:00.000000000,13.483332633972168,118.69999694824219
2010,sierra_2022,train,2022-06-17T02:00:00.000000000,2022-06-19T13:00:00.000000000,3.5916664600372314,43.099998474121094
2011,sierra_2022,train,2022-06-17T03:00:00.000000000,2022-06-19T14:00:00.000000000,0.0,0.0
2012,sierra_2022,train,2022-06-17T04:00:00.000000000,2022-06-19T15:00:00.000000000,0.0,0.0
2013,sierra_2022,train,2022-06-17T05:00:00.000000000,2022-06-19T16:00:00.000000000,0.0,0.0
2014,sierra_2022,train,2022-06-17T06:00:00.000000000,2022-06-19T17:00:00.000000000,0.0,0.0
2015,sierra_2022,train,2022-06-17T07:00:00.000000000,2022-06-19T18:00:00.000000000,0.0,0.0
2016,sierra_2022,train,2022-06-17T08:00:00.000000000,2022-06-19T19:00:00.000000000,0.0,0.0
2017,sierra_2022,train,2022-06-17T09:00:00.000000000,2022-06-19T20:00:00.000000000,0.0,0.0
2018,sierra_2022,train,2022-06-17T10:00:00.000000000,2022-06-19T21:00:00.000000000,0.0,0.0
2019,sierra_2022,train,2022-06-17T11:00:00.000000000,2022-06-19T22:00:00.000000000,0.0,0.0
2020,sierra_2022,train,2022-06-17T12:00:00.000000000,2022-06-19T23:00:00.000000000,0.0,0.0
2021,sierra_2022,train,2022-06-17T13:00:00.000000000,2022-06-20T00:00:00.000000000,0.0,0.0
2022,sierra_2022,train,2022-06-17T14:00:00.000000000,2022-06-20T01:00:00.000000000,0.0,0.0
2023,sierra_2022,train,2022-06-17T15:00:00.000000000,2022-06-20T02:00:00.000000000,0.0,0.0
2024,sierra_2022,train,2022-06-17T16:00:00.000000000,2022-06-20T03:00:00.000000000,0.0,0.0
2025,sierra_2022,train,2022-06-17T17:00:00.000000000,2022-06-20T04:00:00.000000000,0.0,0.0
2026,sierra_2022,train,2022-06-17T18:00:00.000000000,2022-06-20T05:00:00.000000000,0.0,0.0
2027,sierra_2022,train,2022-06-17T19:00:00.000000000,2022-06-20T06:00:00.000000000,0.0,0.0
2028,sierra_2022,train,2022-06-17T20:00:00.000000000,2022-06-20T07:00:00.000000000,0.0,0.0
2029,sierra_2022,train,2022-06-17T21:00:00.000000000,2022-06-20T08:00:00.000000000,0.0,0.0
2030,sierra_2022,train,2022-06-17T22:00:00.000000000,2022-06-20T09:00:00.000000000,0.0,0.0
2031,sierra_2022,train,2022-06-17T23:00:00.000000000,2022-06-20T10:00:00.000000000,0.0,0.0
2032,sierra_2022,train,2022-06-18T00:00:00.000000000,2022-06-20T11:00:00.000000000,0.0,0.0
2033,sierra_2022,train,2022-06-18T01:00:00.000000000,2022-06-20T12:00:00.000000000,0.0,0.0
2034,sierra_2022,train,2022-06-18T02:00:00.000000000,2022-06-20T13:00:00.000000000,0.0,0.0
2035,sierra_2022,train,2022-06-18T03:00:00.000000000,2022-06-20T14:00:00.000000000,0.0,0.0
2036,sierra_2022,train,2022-06-18T04:00:00.000000000,2022-06-20T15:00:00.000000000,0.0,0.0
2037,sierra_2022,train,2022-06-18T05:00:00.000000000,2022-06-20T16:00:00.000000000,0.0,0.0
2038,sierra_2022,train,2022-06-18T06:00:00.000000000,2022-06-20T17:00:00.000000000,0.0,0.0
2039,sierra_2022,train,2022-06-18T07:00:00.000000000,2022-06-20T18:00:00.000000000,0.0,0.0
2040,sierra_2022,train,2022-06-18T08:00:00.000000000,2022-06-20T19:00:00.000000000,0.0,0.0
2041,sierra_2022,train,2022-06-18T09:00:00.000000000,2022-06-20T20:00:00.000000000,0.0,0.0
2042,sierra_2022,train,2022-06-18T10:00:00.000000000,2022-06-20T21:00:00.000000000,0.0,0.0
2043,sierra_2022,train,2022-06-18T11:00:00.000000000,2022-06-20T22:00:00.000000000,0.0,0.0
2044,sierra_2022,train,2022-06-18T12:00:00.000000000,2022-06-20T23:00:00.000000000,0.0,0.0
2045,sierra_2022,train,2022-06-18T13:00:00.000000000,2022-06-21T00:00:00.000000000,0.0,0.0
2046,sierra_2022,train,2022-06-18T14:00:00.000000000,2022-06-21T01:00:00.000000000,0.0,0.0
2047,sierra_2022,train,2022-06-18T15:00:00.000000000,2022-06-21T02:00:00.000000000,0.0,0.0
2048,sierra_2022,train,2022-06-18T16:00:00.000000000,2022-06-21T03:00:00.000000000,0.0,0.0
2049,sierra_2022,train,2022-06-18T17:00:00.000000000,2022-06-21T04:00:00.000000000,0.0,0.0
2050,sierra_2022,train,2022-06-18T18:00:00.000000000,2022-06-21T05:00:00.000000000,0.0,0.0
2051,sierra_2022,train,2022-06-18T19:00:00.000000000,2022-06-21T06:00:00.000000000,0.0,0.0
2052,sierra_2022,train,2022-06-18T20:00:00.000000000,2022-06-21T07:00:00.000000000,0.0,0.0
2053,sierra_2022,train,2022-06-18T21:00:00.000000000,2022-06-21T08:00:00.000000000,0.0,0.0
2054,sierra_2022,train,2022-06-18T22:00:00.000000000,2022-06-21T09:00:00.000000000,0.0,0.0
2055,sierra_2022,train,2022-06-18T23:00:00.000000000,2022-06-21T10:00:00.000000000,0.0,0.0
2056,sierra_2022,train,2022-06-19T00:00:00.000000000,2022-06-21T11:00:00.000000000,0.0,0.0
2057,sierra_2022,train,2022-06-19T01:00:00.000000000,2022-06-21T12:00:00.000000000,0.0,0.0
2058,sierra_2022,train,2022-06-19T02:00:00.000000000,2022-06-21T13:00:00.000000000,0.0,0.0
2059,sierra_2022,train,2022-06-19T03:00:00.000000000,2022-06-21T14:00:00.000000000,0.0,0.0
2060,sierra_2022,train,2022-06-19T04:00:00.000000000,2022-06-21T15:00:00.000000000,0.0,0.0
2061,sierra_2022,train,2022-06-19T05:00:00.000000000,2022-06-21T16:00:00.000000000,0.0,0.0
2062,sierra_2022,train,2022-06-19T06:00:00.000000000,2022-06-21T17:00:00.000000000,0.0,0.0
2063,sierra_2022,train,2022-06-19T07:00:00.000000000,2022-06-21T18:00:00.000000000,0.0,0.0
2064,sierra_2022,train,2022-06-19T08:00:00.000000000,2022-06-21T19:00:00.000000000,0.0,0.0
2065,sierra_2022,train,2022-06-19T09:00:00.000000000,2022-06-21T20:00:00.000000000,0.0,0.0
2066,sierra_2022,train,2022-06-19T10:00:00.000000000,2022-06-21T21:00:00.000000000,0.0,0.0
2067,sierra_2022,train,2022-06-19T11:00:00.000000000,2022-06-21T22:00:00.000000000,0.0,0.0
2068,sierra_2022,train,2022-06-19T12:00:00.000000000,2022-06-21T23:00:00.000000000,0.0,0.0
2069,sierra_2022,train,2022-06-19T13:00:00.000000000,2022-06-22T00:00:00.000000000,0.0,0.0
2070,sierra_2022,train,2022-06-19T14:00:00.000000000,2022-06-22T01:00:00.000000000,0.0,0.0
2071,sierra_2022,train,2022-06-19T15:00:00.000000000,2022-06-22T02:00:00.000000000,0.0,0.0
2072,sierra_2022,train,2022-06-19T16:00:00.000000000,2022-06-22T03:00:00.000000000,0.0,0.0
2073,sierra_2022,train,2022-06-19T17:00:00.000000000,2022-06-22T04:00:00.000000000,0.0,0.0
2074,sierra_2022,train,2022-06-19T18:00:00.000000000,2022-06-22T05:00:00.000000000,0.0,0.0
2075,sierra_2022,train,2022-06-19T19:00:00.000000000,2022-06-22T06:00:00.000000000,0.0,0.0
2076,sierra_2022,train,2022-06-19T20:00:00.000000000,2022-06-22T07:00:00.000000000,0.0,0.0
2077,sierra_2022,train,2022-06-19T21:00:00.000000000,2022-06-22T08:00:00.000000000,0.0,0.0
2078,sierra_2022,train,2022-06-19T22:00:00.000000000,2022-06-22T09:00:00.000000000,0.0,0.0
2079,sierra_2022,train,2022-06-19T23:00:00.000000000,2022-06-22T10:00:00.000000000,0.0,0.0
2080,sierra_2022,train,2022-06-20T00:00:00.000000000,2022-06-22T11:00:00.000000000,0.0,0.0
2081,sierra_2022,train,2022-06-20T01:00:00.000000000,2022-06-22T12:00:00.000000000,0.0,0.0
2082,sierra_2022,train,2022-06-20T02:00:00.000000000,2022-06-22T13:00:00.000000000,0.0,0.0
2083,sierra_2022,train,2022-06-20T03:00:00.000000000,2022-06-22T14:00:00.000000000,0.0,0.0
2084,sierra_2022,train,2022-06-20T04:00:00.000000000,2022-06-22T15:00:00.000000000,0.0,0.0
2085,sierra_2022,train,2022-06-20T05:00:00.000000000,2022-06-22T16:00:00.000000000,0.0,0.0
2086,sierra_2022,train,2022-06-20T06:00:00.000000000,2022-06-22T17:00:00.000000000,0.0,0.0
2087,sierra_2022,train,2022-06-20T07:00:00.000000000,2022-06-22T18:00:00.000000000,0.0,0.0
2088,sierra_2022,train,2022-06-20T08:00:00.000000000,2022-06-22T19:00:00.000000000,0.0,0.0
2089,sierra_2022,train,2022-06-20T09:00:00.000000000,2022-06-22T20:00:00.000000000,0.0,0.0
2090,sierra_2022,train,2022-06-20T10:00:00.000000000,2022-06-22T21:00:00.000000000,0.0,0.0
2091,sierra_2022,train,2022-06-20T11:00:00.000000000,2022-06-22T22:00:00.000000000,0.0,0.0
2092,sierra_2022,train,2022-06-20T12:00:00.000000000,2022-06-22T23:00:00.000000000,0.0,0.0
2093,sierra_2022,train,2022-06-20T13:00:00.000000000,2022-06-23T00:00:00.000000000,0.0,0.0
2094,sierra_2022,train,2022-06-20T14:00:00.000000000,2022-06-23T01:00:00.000000000,0.0,0.0
2095,sierra_2022,train,2022-06-20T15:00:00.000000000,2022-06-23T02:00:00.000000000,0.0,0.0
2096,sierra_2022,train,2022-06-20T16:00:00.000000000,2022-06-23T03:00:00.000000000,0.0,0.0
2097,sierra_2022,train,2022-06-20T17:00:00.000000000,2022-06-23T04:00:00.000000000,0.0,0.0
2098,sierra_2022,train,2022-06-20T18:00:00.000000000,2022-06-23T05:00:00.000000000,0.0,0.0
2099,sierra_2022,train,2022-06-20T19:00:00.000000000,2022-06-23T06:00:00.000000000,0.0,0.0
2100,sierra_2022,train,2022-06-20T20:00:00.000000000,2022-06-23T07:00:00.000000000,0.0,0.0
2101,sierra_2022,train,2022-06-20T21:00:00.000000000,2022-06-23T08:00:00.000000000,0.0,0.0
2102,sierra_2022,train,2022-06-20T22:00:00.000000000,2022-06-23T09:00:00.000000000,0.0,0.0
2103,sierra_2022,train,2022-06-20T23:00:00.000000000,2022-06-23T10:00:00.000000000,0.0,0.0
2104,sierra_2022,train,2022-06-21T00:00:00.000000000,2022-06-23T11:00:00.000000000,0.0,0.0
2105,sierra_2022,train,2022-06-21T01:00:00.000000000,2022-06-23T12:00:00.000000000,0.0,0.0
2106,sierra_2022,train,2022-06-21T02:00:00.000000000,2022-06-23T13:00:00.000000000,0.0,0.0
2107,sierra_2022,train,2022-06-21T03:00:00.000000000,2022-06-23T15:00:00.000000000,0.0,0.0
2108,sierra_2022,train,2022-06-21T04:00:00.000000000,2022-06-23T17:00:00.000000000,0.0,0.0
2109,sierra_2022,train,2022-06-21T05:00:00.000000000,2022-06-23T19:00:00.000000000,0.0,0.0
2110,sierra_2022,train,2022-06-21T06:00:00.000000000,2022-06-23T21:00:00.000000000,0.0,0.0
2111,sierra_2022,train,2022-06-21T07:00:00.000000000,2022-06-23T22:00:00.000000000,0.0,0.0
2112,sierra_2022,train,2022-06-21T08:00:00.000000000,2022-06-23T23:00:00.000000000,0.0,0.0
2113,sierra_2022,train,2022-06-21T09:00:00.000000000,2022-06-24T00:00:00.000000000,0.0,0.0
2114,sierra_2022,train,2022-06-21T10:00:00.000000000,2022-06-24T02:00:00.000000000,0.0,0.0
2115,sierra_2022,train,2022-06-21T11:00:00.000000000,2022-06-24T04:00:00.000000000,0.0,0.0
2116,sierra_2022,train,2022-06-21T12:00:00.000000000,2022-06-24T05:00:00.000000000,0.0,0.0
2117,sierra_2022,train,2022-06-21T13:00:00.000000000,2022-06-24T06:00:00.000000000,0.0,0.0
2118,sierra_2022,train,2022-06-21T14:00:00.000000000,2022-06-24T07:00:00.000000000,0.0,0.0
2119,sierra_2022,train,2022-06-21T15:00:00.000000000,2022-06-24T09:00:00.000000000,0.0,0.0
2120,sierra_2022,train,2022-06-21T16:00:00.000000000,2022-06-24T10:00:00.000000000,0.0,0.0
2121,sierra_2022,train,2022-06-21T17:00:00.000000000,2022-06-24T11:00:00.000000000,0.0,0.0
2122,sierra_2022,train,2022-06-21T18:00:00.000000000,2022-06-24T13:00:00.000000000,0.0,0.0
2123,sierra_2022,train,2022-06-21T19:00:00.000000000,2022-06-24T14:00:00.000000000,0.0,0.0
2124,sierra_2022,train,2022-06-21T20:00:00.000000000,2022-06-24T15:00:00.000000000,0.0,0.0
2125,sierra_2022,train,2022-06-21T21:00:00.000000000,2022-06-24T16:00:00.000000000,0.0,0.0
2126,sierra_2022,train,2022-06-21T22:00:00.000000000,2022-06-24T17:00:00.000000000,0.0,0.0
2127,sierra_2022,train,2022-06-21T23:00:00.000000000,2022-06-24T18:00:00.000000000,0.0,0.0
2128,sierra_2022,train,2022-06-22T00:00:00.000000000,2022-06-24T19:00:00.000000000,0.0,0.0
2129,sierra_2022,train,2022-06-22T01:00:00.000000000,2022-06-24T20:00:00.000000000,0.0,0.0
2130,sierra_2022,train,2022-06-22T02:00:00.000000000,2022-06-24T21:00:00.000000000,0.0,0.0
2131,sierra_2022,train,2022-06-22T03:00:00.000000000,2022-06-24T22:00:00.000000000,0.0,0.0
2132,sierra_2022,train,2022-06-22T04:00:00.000000000,2022-06-24T23:00:00.000000000,0.0,0.0
2133,sierra_2022,train,2022-06-22T05:00:00.000000000,2022-06-25T00:00:00.000000000,0.0,0.0
2134,sierra_2022,train,2022-06-22T06:00:00.000000000,2022-06-25T01:00:00.000000000,0.0,0.0
2135,sierra_2022,train,2022-06-22T07:00:00.000000000,2022-06-25T02:00:00.000000000,0.0,0.0
2136,sierra_2022,train,2022-06-22T08:00:00.000000000,2022-06-25T03:00:00.000000000,0.0,0.0
2137,sierra_2022,train,2022-06-22T09:00:00.000000000,2022-06-25T04:00:00.000000000,0.0,0.0
2138,sierra_2022,train,2022-06-22T10:00:00.000000000,2022-06-25T05:00:00.000000000,0.0,0.0
2139,sierra_2022,train,2022-06-22T11:00:00.000000000,2022-06-25T06:00:00.000000000,0.0,0.0
2140,sierra_2022,train,2022-06-22T12:00:00.000000000,2022-06-25T07:00:00.000000000,0.0,0.0
2141,sierra_2022,train,2022-06-22T13:00:00.000000000,2022-06-25T08:00:00.000000000,0.0,0.0
2142,sierra_2022,train,2022-06-22T14:00:00.000000000,2022-06-25T09:00:00.000000000,0.0,0.0
2143,sierra_2022,train,2022-06-22T15:00:00.000000000,2022-06-25T10:00:00.000000000,12.566666603088379,150.8000030517578
2144,sierra_2022,train,2022-06-22T16:00:00.000000000,2022-06-25T11:00:00.000000000,25.64166831970215,156.89999389648438
2145,sierra_2022,train,2022-06-22T17:00:00.000000000,2022-06-25T12:00:00.000000000,25.64166831970215,156.89999389648438
2146,sierra_2022,train,2022-06-22T18:00:00.000000000,2022-06-25T13:00:00.000000000,38.88333511352539,158.89999389648438
2147,sierra_2022,train,2022-06-22T19:00:00.000000000,2022-06-25T14:00:00.000000000,38.88333511352539,158.89999389648438
2148,sierra_2022,train,2022-06-22T20:00:00.000000000,2022-06-25T15:00:00.000000000,38.88333511352539,158.89999389648438
2149,sierra_2022,train,2022-06-22T21:00:00.000000000,2022-06-25T16:00:00.000000000,38.88333511352539,158.89999389648438
2150,sierra_2022,train,2022-06-22T22:00:00.000000000,2022-06-25T17:00:00.000000000,38.88333511352539,158.89999389648438
2151,sierra_2022,train,2022-06-22T23:00:00.000000000,2022-06-25T18:00:00.000000000,38.883331298828125,158.89999389648438
2152,sierra_2022,train,2022-06-23T00:00:00.000000000,2022-06-25T19:00:00.000000000,38.88333511352539,158.89999389648438
2153,sierra_2022,train,2022-06-23T01:00:00.000000000,2022-06-25T20:00:00.000000000,38.88333511352539,158.89999389648438
2154,sierra_2022,train,2022-06-23T02:00:00.000000000,2022-06-25T21:00:00.000000000,38.88333511352539,158.89999389648438
2155,sierra_2022,train,2022-06-23T03:00:00.000000000,2022-06-25T22:00:00.000000000,26.316665649414062,158.89999389648438
2156,sierra_2022,train,2022-06-23T04:00:00.000000000,2022-06-25T23:00:00.000000000,13.241665840148926,158.89999389648438
2157,landrillar_2022,train,2022-07-12T00:00:00.000000000,2022-07-14T11:00:00.000000000,662.3916015625,3478.60009765625
2158,landrillar_2022,train,2022-07-12T01:00:00.000000000,2022-07-14T12:00:00.000000000,480.7749938964844,1669.199951171875
2159,landrillar_2022,train,2022-07-12T02:00:00.000000000,2022-07-14T13:00:00.000000000,582.4749755859375,2362.10009765625
2160,landrillar_2022,train,2022-07-12T03:00:00.000000000,2022-07-14T14:00:00.000000000,732.4750366210938,2362.10009765625
2161,landrillar_2022,train,2022-07-12T04:00:00.000000000,2022-07-14T15:00:00.000000000,1099.2000732421875,4623.10009765625
2162,landrillar_2022,train,2022-07-12T05:00:00.000000000,2022-07-14T16:00:00.000000000,1086.8916015625,4623.10009765625
2163,landrillar_2022,train,2022-07-12T06:00:00.000000000,2022-07-14T17:00:00.000000000,1075.38330078125,4623.10009765625
2164,landrillar_2022,train,2022-07-12T07:00:00.000000000,2022-07-14T18:00:00.000000000,1193.25,4623.10009765625
2165,landrillar_2022,train,2022-07-12T08:00:00.000000000,2022-07-14T19:00:00.000000000,1499.3416748046875,4623.10009765625
2166,landrillar_2022,train,2022-07-12T09:00:00.000000000,2022-07-14T20:00:00.000000000,1775.77490234375,4623.10009765625
2167,landrillar_2022,train,2022-07-12T10:00:00.000000000,2022-07-14T21:00:00.000000000,1973.0833740234375,4623.10009765625
2168,landrillar_2022,train,2022-07-12T11:00:00.000000000,2022-07-14T22:00:00.000000000,2069.808349609375,4623.10009765625
2169,landrillar_2022,train,2022-07-12T12:00:00.000000000,2022-07-14T23:00:00.000000000,2027.5582275390625,4623.10009765625
2170,landrillar_2022,train,2022-07-12T13:00:00.000000000,2022-07-15T00:00:00.000000000,2094.30810546875,4623.10009765625
2171,landrillar_2022,train,2022-07-12T14:00:00.000000000,2022-07-15T01:00:00.000000000,3016.899658203125,13433.2001953125
2172,landrillar_2022,train,2022-07-12T15:00:00.000000000,2022-07-15T02:00:00.000000000,4668.80029296875,22107.599609375
2173,landrillar_2022,train,2022-07-12T16:00:00.000000000,2022-07-15T03:00:00.000000000,5431.19970703125,22107.599609375
2174,landrillar_2022,train,2022-07-12T17:00:00.000000000,2022-07-15T04:00:00.000000000,6288.32470703125,22107.599609375
2175,landrillar_2022,train,2022-07-12T18:00:00.000000000,2022-07-15T05:00:00.000000000,7377.91650390625,22107.599609375
2176,landrillar_2022,train,2022-07-12T19:00:00.000000000,2022-07-15T06:00:00.000000000,7966.650390625,22107.599609375
2177,landrillar_2022,train,2022-07-12T20:00:00.000000000,2022-07-15T07:00:00.000000000,8023.56689453125,22107.599609375
2178,landrillar_2022,train,2022-07-12T21:00:00.000000000,2022-07-15T08:00:00.000000000,8047.03369140625,22107.599609375
2179,landrillar_2022,train,2022-07-12T22:00:00.000000000,2022-07-15T09:00:00.000000000,8740.7666015625,22107.599609375
2180,landrillar_2022,train,2022-07-12T23:00:00.000000000,2022-07-15T10:00:00.000000000,9553.6083984375,22107.599609375
2181,landrillar_2022,train,2022-07-13T00:00:00.000000000,2022-07-15T11:00:00.000000000,10332.4248046875,22107.599609375
2182,landrillar_2022,train,2022-07-13T01:00:00.000000000,2022-07-15T12:00:00.000000000,11105.8505859375,22107.599609375
2183,landrillar_2022,train,2022-07-13T02:00:00.000000000,2022-07-15T13:00:00.000000000,11124.8828125,22107.599609375
2184,landrillar_2022,train,2022-07-13T03:00:00.000000000,2022-07-15T14:00:00.000000000,10685.0751953125,16829.900390625
2185,landrillar_2022,train,2022-07-13T04:00:00.000000000,2022-07-15T15:00:00.000000000,9969.7001953125,16829.900390625
2186,landrillar_2022,train,2022-07-13T05:00:00.000000000,2022-07-15T16:00:00.000000000,9668.3916015625,16829.900390625
2187,landrillar_2022,train,2022-07-13T06:00:00.000000000,2022-07-15T17:00:00.000000000,10297.041015625,20618.900390625
2188,landrillar_2022,train,2022-07-13T07:00:00.000000000,2022-07-15T18:00:00.000000000,10858.4501953125,20618.900390625
2189,landrillar_2022,train,2022-07-13T08:00:00.000000000,2022-07-15T19:00:00.000000000,10495.44140625,20618.900390625
2190,landrillar_2022,train,2022-07-13T09:00:00.000000000,2022-07-15T20:00:00.000000000,10195.5419921875,20618.900390625
2191,landrillar_2022,train,2022-07-13T10:00:00.000000000,2022-07-15T21:00:00.000000000,9704.8916015625,20618.900390625
2192,landrillar_2022,train,2022-07-13T11:00:00.000000000,2022-07-15T22:00:00.000000000,9085.2919921875,20618.900390625
2193,landrillar_2022,train,2022-07-13T12:00:00.000000000,2022-07-15T23:00:00.000000000,8524.3994140625,20618.900390625
2194,landrillar_2022,train,2022-07-13T13:00:00.000000000,2022-07-16T00:00:00.000000000,8158.02490234375,20618.900390625
2195,landrillar_2022,train,2022-07-13T14:00:00.000000000,2022-07-16T01:00:00.000000000,7209.49951171875,20618.900390625
2196,landrillar_2022,train,2022-07-13T15:00:00.000000000,2022-07-16T02:00:00.000000000,5975.8828125,20618.900390625
2197,landrillar_2022,train,2022-07-13T16:00:00.000000000,2022-07-16T03:00:00.000000000,5633.31689453125,20618.900390625
2198,landrillar_2022,train,2022-07-13T17:00:00.000000000,2022-07-16T04:00:00.000000000,5097.22509765625,20618.900390625
2199,landrillar_2022,train,2022-07-13T18:00:00.000000000,2022-07-16T05:00:00.000000000,3396.5751953125,15216.099609375
2200,landrillar_2022,train,2022-07-13T19:00:00.000000000,2022-07-16T06:00:00.000000000,2147.883056640625,6984.7998046875
2201,landrillar_2022,train,2022-07-13T20:00:00.000000000,2022-07-16T07:00:00.000000000,2147.88330078125,6984.7998046875
2202,landrillar_2022,train,2022-07-13T21:00:00.000000000,2022-07-16T08:00:00.000000000,2147.88330078125,6984.7998046875
2203,landrillar_2022,train,2022-07-13T22:00:00.000000000,2022-07-16T09:00:00.000000000,1743.33349609375,6984.7998046875
2204,landrillar_2022,train,2022-07-13T23:00:00.000000000,2022-07-16T10:00:00.000000000,1402.00830078125,6984.7998046875
2205,landrillar_2022,train,2022-07-14T00:00:00.000000000,2022-07-16T11:00:00.000000000,1087.2332763671875,6984.7998046875
2206,landrillar_2022,train,2022-07-14T01:00:00.000000000,2022-07-16T12:00:00.000000000,511.2332763671875,2279.300048828125
2207,landrillar_2022,train,2022-07-14T02:00:00.000000000,2022-07-16T13:00:00.000000000,321.29168701171875,2026.5
2208,landrillar_2022,train,2022-07-14T03:00:00.000000000,2022-07-16T14:00:00.000000000,152.4166717529297,1076.5999755859375
2209,landrillar_2022,train,2022-07-14T04:00:00.000000000,2022-07-16T15:00:00.000000000,62.69999694824219,236.6999969482422
2210,landrillar_2022,train,2022-07-14T05:00:00.000000000,2022-07-16T16:00:00.000000000,42.97500228881836,231.8000030517578
2211,landrillar_2022,train,2022-07-14T06:00:00.000000000,2022-07-16T17:00:00.000000000,25.383333206176758,231.8000030517578
2212,landrillar_2022,train,2022-07-14T07:00:00.000000000,2022-07-16T18:00:00.000000000,6.066667079925537,72.80000305175781
2213,landrillar_2022,train,2022-07-14T08:00:00.000000000,2022-07-16T19:00:00.000000000,6.066667079925537,72.80000305175781
2214,landrillar_2022,train,2022-07-14T09:00:00.000000000,2022-07-16T20:00:00.000000000,6.066667079925537,72.80000305175781
2215,landrillar_2022,train,2022-07-14T10:00:00.000000000,2022-07-16T21:00:00.000000000,6.066667079925537,72.80000305175781
2216,landrillar_2022,train,2022-07-14T11:00:00.000000000,2022-07-16T22:00:00.000000000,6.066667079925537,72.80000305175781
2217,landrillar_2022,train,2022-07-14T12:00:00.000000000,2022-07-16T23:00:00.000000000,6.066667079925537,72.80000305175781
2218,landrillar_2022,train,2022-07-14T13:00:00.000000000,2022-07-17T00:00:00.000000000,0.0,0.0
2219,landrillar_2022,train,2022-07-14T14:00:00.000000000,2022-07-17T01:00:00.000000000,0.0,0.0
2220,landrillar_2022,train,2022-07-14T15:00:00.000000000,2022-07-17T02:00:00.000000000,0.0,0.0
2221,landrillar_2022,train,2022-07-14T16:00:00.000000000,2022-07-17T03:00:00.000000000,0.0,0.0
2222,landrillar_2022,train,2022-07-14T17:00:00.000000000,2022-07-17T04:00:00.000000000,0.0,0.0
2223,landrillar_2022,train,2022-07-14T18:00:00.000000000,2022-07-17T05:00:00.000000000,0.0,0.0
2224,landrillar_2022,train,2022-07-14T19:00:00.000000000,2022-07-17T06:00:00.000000000,0.0,0.0
2225,landrillar_2022,train,2022-07-14T20:00:00.000000000,2022-07-17T07:00:00.000000000,0.0,0.0
2226,landrillar_2022,train,2022-07-14T21:00:00.000000000,2022-07-17T08:00:00.000000000,0.0,0.0
2227,landrillar_2022,train,2022-07-14T22:00:00.000000000,2022-07-17T09:00:00.000000000,0.0,0.0
2228,landrillar_2022,train,2022-07-14T23:00:00.000000000,2022-07-17T10:00:00.000000000,0.0,0.0
2229,landrillar_2022,train,2022-07-15T00:00:00.000000000,2022-07-17T11:00:00.000000000,5.275000095367432,63.29999923706055
2230,landrillar_2022,train,2022-07-15T01:00:00.000000000,2022-07-17T12:00:00.000000000,11.608333587646484,76.0
2231,landrillar_2022,train,2022-07-15T02:00:00.000000000,2022-07-17T13:00:00.000000000,49.82500076293945,458.6000061035156
2232,landrillar_2022,train,2022-07-15T03:00:00.000000000,2022-07-17T14:00:00.000000000,56.10833740234375,458.6000061035156
2233,landrillar_2022,train,2022-07-15T04:00:00.000000000,2022-07-17T15:00:00.000000000,56.10833740234375,458.6000061035156
2234,landrillar_2022,train,2022-07-15T05:00:00.000000000,2022-07-17T16:00:00.000000000,56.10833740234375,458.6000061035156
2235,landrillar_2022,train,2022-07-15T06:00:00.000000000,2022-07-17T17:00:00.000000000,56.108333587646484,458.6000061035156
2236,landrillar_2022,train,2022-07-15T07:00:00.000000000,2022-07-17T18:00:00.000000000,56.108333587646484,458.6000061035156
2237,landrillar_2022,train,2022-07-15T08:00:00.000000000,2022-07-17T19:00:00.000000000,56.108333587646484,458.6000061035156
2238,landrillar_2022,train,2022-07-15T09:00:00.000000000,2022-07-17T20:00:00.000000000,56.108333587646484,458.6000061035156
2239,landrillar_2022,train,2022-07-15T10:00:00.000000000,2022-07-17T21:00:00.000000000,56.108333587646484,458.6000061035156
2240,landrillar_2022,train,2022-07-15T11:00:00.000000000,2022-07-17T22:00:00.000000000,56.108333587646484,458.6000061035156
2241,landrillar_2022,train,2022-07-15T12:00:00.000000000,2022-07-17T23:00:00.000000000,50.83333206176758,458.6000061035156
2242,landrillar_2022,train,2022-07-15T13:00:00.000000000,2022-07-18T00:00:00.000000000,44.5,458.6000061035156
2243,landrillar_2022,train,2022-07-15T14:00:00.000000000,2022-07-18T01:00:00.000000000,6.2833333015441895,75.4000015258789
2244,landrillar_2022,train,2022-07-15T15:00:00.000000000,2022-07-18T02:00:00.000000000,0.0,0.0
2245,landrillar_2022,train,2022-07-15T16:00:00.000000000,2022-07-18T03:00:00.000000000,0.0,0.0
2246,landrillar_2022,train,2022-07-15T17:00:00.000000000,2022-07-18T04:00:00.000000000,0.0,0.0
2247,landrillar_2022,train,2022-07-15T18:00:00.000000000,2022-07-18T05:00:00.000000000,0.0,0.0
2248,landrillar_2022,train,2022-07-15T19:00:00.000000000,2022-07-18T06:00:00.000000000,0.0,0.0
2249,landrillar_2022,train,2022-07-15T20:00:00.000000000,2022-07-18T07:00:00.000000000,0.0,0.0
2250,landrillar_2022,train,2022-07-15T21:00:00.000000000,2022-07-18T08:00:00.000000000,0.0,0.0
2251,landrillar_2022,train,2022-07-15T22:00:00.000000000,2022-07-18T09:00:00.000000000,0.0,0.0
2252,landrillar_2022,train,2022-07-15T23:00:00.000000000,2022-07-18T10:00:00.000000000,5.733333587646484,68.80000305175781
2253,landrillar_2022,train,2022-07-16T00:00:00.000000000,2022-07-18T11:00:00.000000000,5.733333587646484,68.80000305175781
2254,landrillar_2022,train,2022-07-16T01:00:00.000000000,2022-07-18T12:00:00.000000000,5.733333587646484,68.80000305175781
2255,landrillar_2022,train,2022-07-16T02:00:00.000000000,2022-07-18T13:00:00.000000000,5.733333587646484,68.80000305175781
2256,landrillar_2022,train,2022-07-16T03:00:00.000000000,2022-07-18T14:00:00.000000000,5.733333587646484,68.80000305175781
2257,landrillar_2022,train,2022-07-16T04:00:00.000000000,2022-07-18T15:00:00.000000000,5.733333587646484,68.80000305175781
2258,landrillar_2022,train,2022-07-16T05:00:00.000000000,2022-07-18T16:00:00.000000000,5.733333587646484,68.80000305175781
2259,landrillar_2022,train,2022-07-16T06:00:00.000000000,2022-07-18T17:00:00.000000000,5.733333587646484,68.80000305175781
2260,landrillar_2022,train,2022-07-16T07:00:00.000000000,2022-07-18T18:00:00.000000000,5.733333587646484,68.80000305175781
2261,landrillar_2022,train,2022-07-16T08:00:00.000000000,2022-07-18T19:00:00.000000000,5.733333587646484,68.80000305175781
2262,landrillar_2022,train,2022-07-16T09:00:00.000000000,2022-07-18T20:00:00.000000000,5.733333587646484,68.80000305175781
2263,landrillar_2022,train,2022-07-16T10:00:00.000000000,2022-07-18T21:00:00.000000000,5.733333587646484,68.80000305175781
2264,landrillar_2022,train,2022-07-16T11:00:00.000000000,2022-07-18T22:00:00.000000000,0.0,0.0
2265,landrillar_2022,train,2022-07-16T12:00:00.000000000,2022-07-18T23:00:00.000000000,0.0,0.0
2266,landrillar_2022,train,2022-07-16T13:00:00.000000000,2022-07-19T00:00:00.000000000,0.0,0.0
2267,landrillar_2022,train,2022-07-16T14:00:00.000000000,2022-07-19T01:00:00.000000000,0.0,0.0
2268,landrillar_2022,train,2022-07-16T15:00:00.000000000,2022-07-19T02:00:00.000000000,0.0,0.0
2269,landrillar_2022,train,2022-07-16T16:00:00.000000000,2022-07-19T03:00:00.000000000,0.0,0.0
2270,landrillar_2022,train,2022-07-16T17:00:00.000000000,2022-07-19T04:00:00.000000000,0.0,0.0
2271,landrillar_2022,train,2022-07-16T18:00:00.000000000,2022-07-19T05:00:00.000000000,0.0,0.0
2272,landrillar_2022,train,2022-07-16T19:00:00.000000000,2022-07-19T06:00:00.000000000,0.0,0.0
2273,landrillar_2022,train,2022-07-16T20:00:00.000000000,2022-07-19T07:00:00.000000000,0.0,0.0
2274,landrillar_2022,train,2022-07-16T21:00:00.000000000,2022-07-19T08:00:00.000000000,0.0,0.0
2275,landrillar_2022,train,2022-07-16T22:00:00.000000000,2022-07-19T09:00:00.000000000,5.483333587646484,65.80000305175781
2276,landrillar_2022,train,2022-07-16T23:00:00.000000000,2022-07-19T10:00:00.000000000,19.066667556762695,163.0
2277,landrillar_2022,train,2022-07-17T00:00:00.000000000,2022-07-19T11:00:00.000000000,34.9083366394043,190.10000610351562
2278,landrillar_2022,train,2022-07-17T01:00:00.000000000,2022-07-19T12:00:00.000000000,60.45833206176758,306.6000061035156
2279,landrillar_2022,train,2022-07-17T02:00:00.000000000,2022-07-19T13:00:00.000000000,94.35833740234375,406.79998779296875
2280,landrillar_2022,train,2022-07-17T03:00:00.000000000,2022-07-19T14:00:00.000000000,94.35833740234375,406.79998779296875
2281,landrillar_2022,train,2022-07-17T04:00:00.000000000,2022-07-19T15:00:00.000000000,94.35833740234375,406.79998779296875
2282,landrillar_2022,train,2022-07-17T05:00:00.000000000,2022-07-19T16:00:00.000000000,94.35833740234375,406.79998779296875
2283,landrillar_2022,train,2022-07-17T06:00:00.000000000,2022-07-19T17:00:00.000000000,94.35833740234375,406.79998779296875
2284,landrillar_2022,train,2022-07-17T07:00:00.000000000,2022-07-19T18:00:00.000000000,94.35833740234375,406.79998779296875
2285,landrillar_2022,train,2022-07-17T08:00:00.000000000,2022-07-19T19:00:00.000000000,94.35833740234375,406.79998779296875
2286,landrillar_2022,train,2022-07-17T09:00:00.000000000,2022-07-19T20:00:00.000000000,94.35833740234375,406.79998779296875
2287,landrillar_2022,train,2022-07-17T10:00:00.000000000,2022-07-19T21:00:00.000000000,88.875,406.79998779296875
2288,landrillar_2022,train,2022-07-17T11:00:00.000000000,2022-07-19T22:00:00.000000000,75.29166412353516,406.79998779296875
2289,landrillar_2022,train,2022-07-17T12:00:00.000000000,2022-07-19T23:00:00.000000000,59.45000076293945,406.79998779296875
2290,landrillar_2022,train,2022-07-17T13:00:00.000000000,2022-07-20T00:00:00.000000000,33.89999771118164,406.79998779296875
2291,landrillar_2022,train,2022-07-17T14:00:00.000000000,2022-07-20T01:00:00.000000000,0.0,0.0
2292,landrillar_2022,train,2022-07-17T15:00:00.000000000,2022-07-20T02:00:00.000000000,0.0,0.0
2293,landrillar_2022,train,2022-07-17T16:00:00.000000000,2022-07-20T03:00:00.000000000,0.0,0.0
2294,landrillar_2022,train,2022-07-17T17:00:00.000000000,2022-07-20T04:00:00.000000000,0.0,0.0
2295,landrillar_2022,train,2022-07-17T18:00:00.000000000,2022-07-20T05:00:00.000000000,26.399999618530273,316.79998779296875
2296,landrillar_2022,train,2022-07-17T19:00:00.000000000,2022-07-20T06:00:00.000000000,42.72499465942383,316.79998779296875
2297,landrillar_2022,train,2022-07-17T20:00:00.000000000,2022-07-20T07:00:00.000000000,42.72499465942383,316.79998779296875
2298,landrillar_2022,train,2022-07-17T21:00:00.000000000,2022-07-20T08:00:00.000000000,42.72499465942383,316.79998779296875
2299,landrillar_2022,train,2022-07-17T22:00:00.000000000,2022-07-20T09:00:00.000000000,42.72499465942383,316.79998779296875
2300,landrillar_2022,train,2022-07-17T23:00:00.000000000,2022-07-20T10:00:00.000000000,57.68333053588867,316.79998779296875
2301,landrillar_2022,train,2022-07-18T00:00:00.000000000,2022-07-20T11:00:00.000000000,75.04166412353516,316.79998779296875
2302,landrillar_2022,train,2022-07-18T01:00:00.000000000,2022-07-20T12:00:00.000000000,83.99999237060547,316.79998779296875
2303,landrillar_2022,train,2022-07-18T02:00:00.000000000,2022-07-20T13:00:00.000000000,92.59166717529297,316.79998779296875
2304,landrillar_2022,train,2022-07-18T03:00:00.000000000,2022-07-20T14:00:00.000000000,101.35832977294922,316.79998779296875
2305,landrillar_2022,train,2022-07-18T04:00:00.000000000,2022-07-20T15:00:00.000000000,101.35832977294922,316.79998779296875
2306,landrillar_2022,train,2022-07-18T05:00:00.000000000,2022-07-20T16:00:00.000000000,101.35832977294922,316.79998779296875
2307,landrillar_2022,train,2022-07-18T06:00:00.000000000,2022-07-20T17:00:00.000000000,74.95833587646484,208.3000030517578
2308,landrillar_2022,train,2022-07-18T07:00:00.000000000,2022-07-20T18:00:00.000000000,58.633331298828125,208.3000030517578
2309,landrillar_2022,train,2022-07-18T08:00:00.000000000,2022-07-20T19:00:00.000000000,58.633331298828125,208.3000030517578
2310,landrillar_2022,train,2022-07-18T09:00:00.000000000,2022-07-20T20:00:00.000000000,58.633331298828125,208.3000030517578
2311,landrillar_2022,train,2022-07-18T10:00:00.000000000,2022-07-20T21:00:00.000000000,58.63333511352539,208.3000030517578
2312,landrillar_2022,train,2022-07-18T11:00:00.000000000,2022-07-20T22:00:00.000000000,43.67499923706055,208.3000030517578
2313,landrillar_2022,train,2022-07-18T12:00:00.000000000,2022-07-20T23:00:00.000000000,26.316665649414062,107.5
2314,landrillar_2022,train,2022-07-18T13:00:00.000000000,2022-07-21T00:00:00.000000000,17.35833168029785,105.19999694824219
2315,landrillar_2022,train,2022-07-18T14:00:00.000000000,2022-07-21T01:00:00.000000000,8.766666412353516,105.19999694824219
2316,landrillar_2022,train,2022-07-18T15:00:00.000000000,2022-07-21T02:00:00.000000000,0.0,0.0
2317,landrillar_2022,train,2022-07-18T16:00:00.000000000,2022-07-21T03:00:00.000000000,0.0,0.0
2318,landrillar_2022,train,2022-07-18T17:00:00.000000000,2022-07-21T04:00:00.000000000,0.0,0.0
2319,landrillar_2022,train,2022-07-18T18:00:00.000000000,2022-07-21T05:00:00.000000000,0.0,0.0
2320,landrillar_2022,train,2022-07-18T19:00:00.000000000,2022-07-21T06:00:00.000000000,0.0,0.0
2321,landrillar_2022,train,2022-07-18T20:00:00.000000000,2022-07-21T07:00:00.000000000,0.0,0.0
2322,landrillar_2022,train,2022-07-18T21:00:00.000000000,2022-07-21T08:00:00.000000000,0.0,0.0
2323,landrillar_2022,train,2022-07-18T22:00:00.000000000,2022-07-21T09:00:00.000000000,0.0,0.0
2324,landrillar_2022,train,2022-07-18T23:00:00.000000000,2022-07-21T10:00:00.000000000,0.0,0.0
2325,landrillar_2022,train,2022-07-19T00:00:00.000000000,2022-07-21T11:00:00.000000000,0.0,0.0
2326,landrillar_2022,train,2022-07-19T01:00:00.000000000,2022-07-21T12:00:00.000000000,0.0,0.0
2327,landrillar_2022,train,2022-07-19T02:00:00.000000000,2022-07-21T13:00:00.000000000,0.0,0.0
2328,landrillar_2022,train,2022-07-19T03:00:00.000000000,2022-07-21T14:00:00.000000000,0.0,0.0
2329,landrillar_2022,train,2022-07-19T04:00:00.000000000,2022-07-21T15:00:00.000000000,0.0,0.0
2330,landrillar_2022,train,2022-07-19T05:00:00.000000000,2022-07-21T16:00:00.000000000,0.0,0.0
2331,landrillar_2022,train,2022-07-19T06:00:00.000000000,2022-07-21T17:00:00.000000000,0.0,0.0
2332,landrillar_2022,train,2022-07-19T07:00:00.000000000,2022-07-21T18:00:00.000000000,0.0,0.0
2333,landrillar_2022,train,2022-07-19T08:00:00.000000000,2022-07-21T19:00:00.000000000,0.0,0.0
2334,landrillar_2022,train,2022-07-19T09:00:00.000000000,2022-07-21T20:00:00.000000000,0.0,0.0
2335,landrillar_2022,train,2022-07-19T10:00:00.000000000,2022-07-21T21:00:00.000000000,0.0,0.0
2336,landrillar_2022,train,2022-07-19T11:00:00.000000000,2022-07-21T22:00:00.000000000,0.0,0.0
2337,landrillar_2022,train,2022-07-19T12:00:00.000000000,2022-07-21T23:00:00.000000000,0.0,0.0
2338,landrillar_2022,train,2022-07-19T13:00:00.000000000,2022-07-22T00:00:00.000000000,0.0,0.0
2339,landrillar_2022,train,2022-07-19T14:00:00.000000000,2022-07-22T01:00:00.000000000,0.0,0.0
2340,landrillar_2022,train,2022-07-19T15:00:00.000000000,2022-07-22T02:00:00.000000000,0.0,0.0
2341,landrillar_2022,train,2022-07-19T16:00:00.000000000,2022-07-22T03:00:00.000000000,0.0,0.0
2342,landrillar_2022,train,2022-07-19T17:00:00.000000000,2022-07-22T04:00:00.000000000,0.0,0.0
2343,landrillar_2022,train,2022-07-19T18:00:00.000000000,2022-07-22T05:00:00.000000000,0.0,0.0
2344,landrillar_2022,train,2022-07-19T19:00:00.000000000,2022-07-22T06:00:00.000000000,0.0,0.0
2345,landrillar_2022,train,2022-07-19T20:00:00.000000000,2022-07-22T07:00:00.000000000,0.0,0.0
2346,landrillar_2022,train,2022-07-19T21:00:00.000000000,2022-07-22T08:00:00.000000000,0.0,0.0
2347,landrillar_2022,train,2022-07-19T22:00:00.000000000,2022-07-22T09:00:00.000000000,0.0,0.0
2348,landrillar_2022,train,2022-07-19T23:00:00.000000000,2022-07-22T10:00:00.000000000,0.0,0.0
2349,landrillar_2022,train,2022-07-20T00:00:00.000000000,2022-07-22T11:00:00.000000000,0.0,0.0
2350,landrillar_2022,train,2022-07-20T01:00:00.000000000,2022-07-22T12:00:00.000000000,0.0,0.0
2351,landrillar_2022,train,2022-07-20T02:00:00.000000000,2022-07-22T13:00:00.000000000,0.0,0.0
2352,landrillar_2022,train,2022-07-20T03:00:00.000000000,2022-07-22T14:00:00.000000000,0.0,0.0
2353,landrillar_2022,train,2022-07-20T04:00:00.000000000,2022-07-22T15:00:00.000000000,0.0,0.0
2354,landrillar_2022,train,2022-07-20T05:00:00.000000000,2022-07-22T16:00:00.000000000,0.0,0.0
2355,landrillar_2022,train,2022-07-20T06:00:00.000000000,2022-07-22T17:00:00.000000000,0.0,0.0
2356,landrillar_2022,train,2022-07-20T07:00:00.000000000,2022-07-22T18:00:00.000000000,0.0,0.0
2357,landrillar_2022,train,2022-07-20T08:00:00.000000000,2022-07-22T19:00:00.000000000,0.0,0.0
2358,landrillar_2022,train,2022-07-20T09:00:00.000000000,2022-07-22T21:00:00.000000000,0.0,0.0
2359,landrillar_2022,train,2022-07-20T10:00:00.000000000,2022-07-22T22:00:00.000000000,0.0,0.0
2360,landrillar_2022,train,2022-07-20T11:00:00.000000000,2022-07-23T00:00:00.000000000,0.0,0.0
2361,landrillar_2022,train,2022-07-20T12:00:00.000000000,2022-07-23T01:00:00.000000000,0.0,0.0
2362,landrillar_2022,train,2022-07-20T13:00:00.000000000,2022-07-23T02:00:00.000000000,0.0,0.0
2363,landrillar_2022,train,2022-07-20T14:00:00.000000000,2022-07-23T05:00:00.000000000,0.0,0.0
2364,landrillar_2022,train,2022-07-20T15:00:00.000000000,2022-07-23T06:00:00.000000000,0.0,0.0
2365,landrillar_2022,train,2022-07-20T16:00:00.000000000,2022-07-23T08:00:00.000000000,0.0,0.0
2366,landrillar_2022,train,2022-07-20T17:00:00.000000000,2022-07-23T09:00:00.000000000,0.0,0.0
2367,landrillar_2022,train,2022-07-20T18:00:00.000000000,2022-07-23T10:00:00.000000000,0.0,0.0
2368,landrillar_2022,train,2022-07-20T19:00:00.000000000,2022-07-23T12:00:00.000000000,0.0,0.0
2369,landrillar_2022,train,2022-07-20T20:00:00.000000000,2022-07-23T13:00:00.000000000,0.0,0.0
2370,landrillar_2022,train,2022-07-20T21:00:00.000000000,2022-07-23T15:00:00.000000000,0.0,0.0
2371,landrillar_2022,train,2022-07-20T22:00:00.000000000,2022-07-23T17:00:00.000000000,0.0,0.0
2372,landrillar_2022,train,2022-07-20T23:00:00.000000000,2022-07-23T19:00:00.000000000,0.0,0.0
2373,landrillar_2022,train,2022-07-21T00:00:00.000000000,2022-07-23T21:00:00.000000000,0.0,0.0
2374,landrillar_2022,train,2022-07-21T01:00:00.000000000,2022-07-23T23:00:00.000000000,0.0,0.0
2375,landrillar_2022,train,2022-07-21T02:00:00.000000000,2022-07-24T01:00:00.000000000,0.0,0.0
2376,landrillar_2022,train,2022-07-21T03:00:00.000000000,2022-07-24T04:00:00.000000000,0.0,0.0
2377,landrillar_2022,train,2022-07-21T04:00:00.000000000,2022-07-24T05:00:00.000000000,0.0,0.0
2378,landrillar_2022,train,2022-07-21T05:00:00.000000000,2022-07-24T06:00:00.000000000,0.0,0.0
2379,landrillar_2022,train,2022-07-21T06:00:00.000000000,2022-07-24T07:00:00.000000000,0.0,0.0
2380,landrillar_2022,train,2022-07-21T07:00:00.000000000,2022-07-24T08:00:00.000000000,0.0,0.0
2381,landrillar_2022,train,2022-07-21T08:00:00.000000000,2022-07-24T09:00:00.000000000,0.0,0.0
2382,landrillar_2022,train,2022-07-21T09:00:00.000000000,2022-07-24T10:00:00.000000000,5.75,69.0
2383,landrillar_2022,train,2022-07-21T10:00:00.000000000,2022-07-24T11:00:00.000000000,5.75,69.0
2384,landrillar_2022,train,2022-07-21T11:00:00.000000000,2022-07-24T12:00:00.000000000,5.75,69.0
2385,landrillar_2022,train,2022-07-21T12:00:00.000000000,2022-07-24T13:00:00.000000000,5.75,69.0
2386,landrillar_2022,train,2022-07-21T13:00:00.000000000,2022-07-24T14:00:00.000000000,5.75,69.0
2387,landrillar_2022,train,2022-07-21T14:00:00.000000000,2022-07-24T15:00:00.000000000,5.75,69.0
2388,landrillar_2022,train,2022-07-21T15:00:00.000000000,2022-07-24T16:00:00.000000000,5.75,69.0
2389,landrillar_2022,train,2022-07-21T16:00:00.000000000,2022-07-24T17:00:00.000000000,5.75,69.0
2390,landrillar_2022,train,2022-07-21T17:00:00.000000000,2022-07-24T18:00:00.000000000,5.75,69.0
2391,landrillar_2022,train,2022-07-21T18:00:00.000000000,2022-07-24T19:00:00.000000000,5.75,69.0
2392,landrillar_2022,train,2022-07-21T19:00:00.000000000,2022-07-24T20:00:00.000000000,5.75,69.0
2393,landrillar_2022,train,2022-07-21T20:00:00.000000000,2022-07-24T21:00:00.000000000,5.75,69.0
2394,landrillar_2022,train,2022-07-21T21:00:00.000000000,2022-07-24T22:00:00.000000000,0.0,0.0
2395,landrillar_2022,train,2022-07-21T22:00:00.000000000,2022-07-24T23:00:00.000000000,0.0,0.0
2396,tabara_2022,train,2022-07-15T00:00:00.000000000,2022-07-17T18:00:00.000000000,38.29999923706055,276.1000061035156
2397,tabara_2022,train,2022-07-15T01:00:00.000000000,2022-07-17T19:00:00.000000000,831.6166381835938,9519.7998046875
2398,tabara_2022,train,2022-07-15T02:00:00.000000000,2022-07-17T21:00:00.000000000,1050.7083740234375,9519.7998046875
2399,tabara_2022,train,2022-07-15T03:00:00.000000000,2022-07-17T22:00:00.000000000,2078.191650390625,12329.7998046875
2400,tabara_2022,train,2022-07-15T04:00:00.000000000,2022-07-17T23:00:00.000000000,2272.883544921875,12329.7998046875
2401,tabara_2022,train,2022-07-15T05:00:00.000000000,2022-07-18T01:00:00.000000000,3827.3583984375,18653.69921875
2402,tabara_2022,train,2022-07-15T06:00:00.000000000,2022-07-18T04:00:00.000000000,3820.083251953125,18653.69921875
2403,tabara_2022,train,2022-07-15T07:00:00.000000000,2022-07-18T05:00:00.000000000,3820.083251953125,18653.69921875
2404,tabara_2022,train,2022-07-15T08:00:00.000000000,2022-07-18T06:00:00.000000000,3841.241455078125,18653.69921875
2405,tabara_2022,train,2022-07-15T09:00:00.000000000,2022-07-18T07:00:00.000000000,4084.599609375,18653.69921875
2406,tabara_2022,train,2022-07-15T11:00:00.000000000,2022-07-18T08:00:00.000000000,4851.17431640625,18653.69921875
2407,tabara_2022,train,2022-07-15T12:00:00.000000000,2022-07-18T09:00:00.000000000,5606.75,18653.69921875
2408,tabara_2022,train,2022-07-15T14:00:00.000000000,2022-07-18T10:00:00.000000000,5673.875,18653.69921875
2409,tabara_2022,train,2022-07-15T15:00:00.000000000,2022-07-18T11:00:00.000000000,4929.87451171875,18653.69921875
2410,tabara_2022,train,2022-07-15T16:00:00.000000000,2022-07-18T12:00:00.000000000,4742.22509765625,18653.69921875
2411,tabara_2022,train,2022-07-15T17:00:00.000000000,2022-07-18T13:00:00.000000000,3714.7421875,18653.69921875
2412,tabara_2022,train,2022-07-15T18:00:00.000000000,2022-07-18T14:00:00.000000000,3520.050048828125,18653.69921875
2413,tabara_2022,train,2022-07-15T19:00:00.000000000,2022-07-18T15:00:00.000000000,2112.341796875,9198.900390625
2414,tabara_2022,train,2022-07-15T20:00:00.000000000,2022-07-18T16:00:00.000000000,3044.125,11181.400390625
2415,tabara_2022,train,2022-07-15T22:00:00.000000000,2022-07-18T17:00:00.000000000,6001.22509765625,35485.19921875
2416,tabara_2022,train,2022-07-15T23:00:00.000000000,2022-07-18T18:00:00.000000000,10185.3408203125,50463.30078125
2417,tabara_2022,train,2022-07-16T02:00:00.000000000,2022-07-18T19:00:00.000000000,12567.9326171875,50463.30078125
2418,tabara_2022,train,2022-07-16T03:00:00.000000000,2022-07-18T20:00:00.000000000,13823.3828125,50463.30078125
2419,tabara_2022,train,2022-07-16T04:00:00.000000000,2022-07-18T21:00:00.000000000,14845.44921875,50463.30078125
2420,tabara_2022,train,2022-07-16T05:00:00.000000000,2022-07-18T22:00:00.000000000,15550.2998046875,50463.30078125
2421,tabara_2022,train,2022-07-16T06:00:00.000000000,2022-07-18T23:00:00.000000000,15768.5419921875,50463.30078125
2422,tabara_2022,train,2022-07-16T07:00:00.000000000,2022-07-19T00:00:00.000000000,16045.7744140625,50463.30078125
2423,tabara_2022,train,2022-07-16T08:00:00.000000000,2022-07-19T01:00:00.000000000,16455.0,50463.30078125
2424,tabara_2022,train,2022-07-16T09:00:00.000000000,2022-07-19T02:00:00.000000000,16620.033203125,50463.30078125
2425,tabara_2022,train,2022-07-16T10:00:00.000000000,2022-07-19T03:00:00.000000000,16571.06640625,50463.30078125
2426,tabara_2022,train,2022-07-16T11:00:00.000000000,2022-07-19T04:00:00.000000000,15736.9677734375,50463.30078125
2427,tabara_2022,train,2022-07-16T12:00:00.000000000,2022-07-19T05:00:00.000000000,12801.5166015625,50463.30078125
2428,tabara_2022,train,2022-07-16T13:00:00.000000000,2022-07-19T06:00:00.000000000,8605.8662109375,31607.599609375
2429,tabara_2022,train,2022-07-16T14:00:00.000000000,2022-07-19T07:00:00.000000000,5982.84130859375,24264.30078125
2430,tabara_2022,train,2022-07-16T15:00:00.000000000,2022-07-19T08:00:00.000000000,3965.2421875,21331.69921875
2431,tabara_2022,train,2022-07-16T16:00:00.000000000,2022-07-19T09:00:00.000000000,2207.783447265625,9539.7998046875
2432,tabara_2022,train,2022-07-16T17:00:00.000000000,2022-07-19T10:00:00.000000000,1426.0416259765625,4910.7001953125
2433,tabara_2022,train,2022-07-16T18:00:00.000000000,2022-07-19T11:00:00.000000000,1175.7833251953125,4910.7001953125
2434,tabara_2022,train,2022-07-16T19:00:00.000000000,2022-07-19T12:00:00.000000000,915.7583618164062,4910.7001953125
2435,tabara_2022,train,2022-07-16T20:00:00.000000000,2022-07-19T13:00:00.000000000,521.8082885742188,1980.4000244140625
2436,tabara_2022,train,2022-07-16T21:00:00.000000000,2022-07-19T14:00:00.000000000,387.9833068847656,1173.5999755859375
2437,tabara_2022,train,2022-07-16T22:00:00.000000000,2022-07-19T15:00:00.000000000,381.625,1172.199951171875
2438,tabara_2022,train,2022-07-16T23:00:00.000000000,2022-07-19T16:00:00.000000000,515.9166870117188,2783.699951171875
2439,tabara_2022,train,2022-07-17T00:00:00.000000000,2022-07-19T17:00:00.000000000,709.6917114257812,2783.699951171875
2440,tabara_2022,train,2022-07-17T01:00:00.000000000,2022-07-19T18:00:00.000000000,704.1083984375,2783.699951171875
2441,tabara_2022,train,2022-07-17T02:00:00.000000000,2022-07-19T19:00:00.000000000,693.1666870117188,2783.699951171875
2442,tabara_2022,train,2022-07-17T03:00:00.000000000,2022-07-19T20:00:00.000000000,688.74169921875,2783.699951171875
2443,tabara_2022,train,2022-07-17T04:00:00.000000000,2022-07-19T21:00:00.000000000,668.5582885742188,2783.699951171875
2444,tabara_2022,train,2022-07-17T05:00:00.000000000,2022-07-19T22:00:00.000000000,655.316650390625,2783.699951171875
2445,tabara_2022,train,2022-07-17T06:00:00.000000000,2022-07-20T01:00:00.000000000,638.0166625976562,2783.699951171875
2446,tabara_2022,train,2022-07-17T07:00:00.000000000,2022-07-20T02:00:00.000000000,589.3666381835938,2783.699951171875
2447,tabara_2022,train,2022-07-17T08:00:00.000000000,2022-07-20T03:00:00.000000000,574.0916137695312,2783.699951171875
2448,tabara_2022,train,2022-07-17T09:00:00.000000000,2022-07-20T04:00:00.000000000,542.8833618164062,2783.699951171875
2449,tabara_2022,train,2022-07-17T10:00:00.000000000,2022-07-20T05:00:00.000000000,451.441650390625,2783.699951171875
2450,tabara_2022,train,2022-07-17T11:00:00.000000000,2022-07-20T06:00:00.000000000,219.4666748046875,2585.10009765625
2451,tabara_2022,train,2022-07-17T12:00:00.000000000,2022-07-20T07:00:00.000000000,4.041666507720947,48.5
2452,tabara_2022,train,2022-07-17T13:00:00.000000000,2022-07-20T08:00:00.000000000,0.0,0.0
2453,tabara_2022,train,2022-07-17T14:00:00.000000000,2022-07-20T09:00:00.000000000,0.0,0.0
2454,tabara_2022,train,2022-07-17T15:00:00.000000000,2022-07-20T10:00:00.000000000,0.0,0.0
2455,tabara_2022,train,2022-07-17T18:00:00.000000000,2022-07-20T11:00:00.000000000,0.0,0.0
2456,tabara_2022,train,2022-07-17T19:00:00.000000000,2022-07-20T12:00:00.000000000,0.0,0.0
2457,tabara_2022,train,2022-07-17T21:00:00.000000000,2022-07-20T13:00:00.000000000,14.566666603088379,174.8000030517578
2458,tabara_2022,train,2022-07-17T22:00:00.000000000,2022-07-20T14:00:00.000000000,21.73333168029785,174.8000030517578
2459,tabara_2022,train,2022-07-17T23:00:00.000000000,2022-07-20T15:00:00.000000000,21.73333168029785,174.8000030517578
2460,tabara_2022,train,2022-07-18T01:00:00.000000000,2022-07-20T16:00:00.000000000,21.73333168029785,174.8000030517578
2461,tabara_2022,train,2022-07-18T04:00:00.000000000,2022-07-20T17:00:00.000000000,21.73333168029785,174.8000030517578
2462,tabara_2022,train,2022-07-18T05:00:00.000000000,2022-07-20T18:00:00.000000000,21.73333168029785,174.8000030517578
2463,tabara_2022,train,2022-07-18T06:00:00.000000000,2022-07-20T19:00:00.000000000,21.73333168029785,174.8000030517578
2464,tabara_2022,train,2022-07-18T07:00:00.000000000,2022-07-20T20:00:00.000000000,21.73333168029785,174.8000030517578
2465,tabara_2022,train,2022-07-18T08:00:00.000000000,2022-07-20T21:00:00.000000000,21.73333168029785,174.8000030517578
2466,tabara_2022,train,2022-07-18T09:00:00.000000000,2022-07-20T22:00:00.000000000,21.73333168029785,174.8000030517578
2467,tabara_2022,train,2022-07-18T10:00:00.000000000,2022-07-20T23:00:00.000000000,21.73333168029785,174.8000030517578
2468,tabara_2022,train,2022-07-18T11:00:00.000000000,2022-07-21T00:00:00.000000000,21.73333168029785,174.8000030517578
2469,tabara_2022,train,2022-07-18T12:00:00.000000000,2022-07-21T01:00:00.000000000,7.166666507720947,86.0
2470,tabara_2022,train,2022-07-18T13:00:00.000000000,2022-07-21T02:00:00.000000000,0.0,0.0
2471,tabara_2022,train,2022-07-18T14:00:00.000000000,2022-07-21T03:00:00.000000000,0.0,0.0
2472,tabara_2022,train,2022-07-18T15:00:00.000000000,2022-07-21T04:00:00.000000000,0.0,0.0
2473,tabara_2022,train,2022-07-18T16:00:00.000000000,2022-07-21T05:00:00.000000000,0.0,0.0
2474,tabara_2022,train,2022-07-18T17:00:00.000000000,2022-07-21T06:00:00.000000000,0.0,0.0
2475,tabara_2022,train,2022-07-18T18:00:00.000000000,2022-07-21T07:00:00.000000000,0.0,0.0
2476,tabara_2022,train,2022-07-18T19:00:00.000000000,2022-07-21T08:00:00.000000000,0.0,0.0
2477,tabara_2022,train,2022-07-18T20:00:00.000000000,2022-07-21T09:00:00.000000000,0.0,0.0
2478,tabara_2022,train,2022-07-18T21:00:00.000000000,2022-07-21T10:00:00.000000000,0.0,0.0
2479,tabara_2022,train,2022-07-18T22:00:00.000000000,2022-07-21T11:00:00.000000000,0.0,0.0
2480,tabara_2022,train,2022-07-18T23:00:00.000000000,2022-07-21T12:00:00.000000000,0.0,0.0
2481,tabara_2022,train,2022-07-19T00:00:00.000000000,2022-07-21T13:00:00.000000000,7.491666793823242,89.9000015258789
2482,tabara_2022,train,2022-07-19T01:00:00.000000000,2022-07-21T14:00:00.000000000,7.491666793823242,89.9000015258789
2483,tabara_2022,train,2022-07-19T02:00:00.000000000,2022-07-21T15:00:00.000000000,7.491666793823242,89.9000015258789
2484,tabara_2022,train,2022-07-19T03:00:00.000000000,2022-07-21T16:00:00.000000000,7.491666793823242,89.9000015258789
2485,tabara_2022,train,2022-07-19T04:00:00.000000000,2022-07-21T17:00:00.000000000,7.491666793823242,89.9000015258789
2486,tabara_2022,train,2022-07-19T05:00:00.000000000,2022-07-21T18:00:00.000000000,7.491666793823242,89.9000015258789
2487,tabara_2022,train,2022-07-19T06:00:00.000000000,2022-07-21T19:00:00.000000000,7.491666793823242,89.9000015258789
2488,tabara_2022,train,2022-07-19T07:00:00.000000000,2022-07-21T20:00:00.000000000,7.491666793823242,89.9000015258789
2489,tabara_2022,train,2022-07-19T08:00:00.000000000,2022-07-21T21:00:00.000000000,7.491666793823242,89.9000015258789
2490,tabara_2022,train,2022-07-19T09:00:00.000000000,2022-07-21T22:00:00.000000000,7.491666793823242,89.9000015258789
2491,tabara_2022,train,2022-07-19T10:00:00.000000000,2022-07-21T23:00:00.000000000,7.491666793823242,89.9000015258789
2492,tabara_2022,train,2022-07-19T11:00:00.000000000,2022-07-22T00:00:00.000000000,7.491666793823242,89.9000015258789
2493,tabara_2022,train,2022-07-19T12:00:00.000000000,2022-07-22T01:00:00.000000000,0.0,0.0
2494,tabara_2022,train,2022-07-19T13:00:00.000000000,2022-07-22T02:00:00.000000000,0.0,0.0
2495,tabara_2022,train,2022-07-19T14:00:00.000000000,2022-07-22T03:00:00.000000000,0.0,0.0
2496,tabara_2022,train,2022-07-19T15:00:00.000000000,2022-07-22T04:00:00.000000000,0.0,0.0
2497,tabara_2022,train,2022-07-19T16:00:00.000000000,2022-07-22T05:00:00.000000000,0.0,0.0
2498,tabara_2022,train,2022-07-19T17:00:00.000000000,2022-07-22T06:00:00.000000000,0.0,0.0
2499,tabara_2022,train,2022-07-19T18:00:00.000000000,2022-07-22T07:00:00.000000000,0.0,0.0
2500,tabara_2022,train,2022-07-19T19:00:00.000000000,2022-07-22T08:00:00.000000000,0.0,0.0
2501,tabara_2022,train,2022-07-19T20:00:00.000000000,2022-07-22T09:00:00.000000000,0.0,0.0
2502,tabara_2022,train,2022-07-19T21:00:00.000000000,2022-07-22T10:00:00.000000000,14.875,178.5
2503,tabara_2022,train,2022-07-19T22:00:00.000000000,2022-07-22T11:00:00.000000000,14.875,178.5
2504,tabara_2022,train,2022-07-20T01:00:00.000000000,2022-07-22T12:00:00.000000000,14.875,178.5
2505,tabara_2022,train,2022-07-20T02:00:00.000000000,2022-07-22T13:00:00.000000000,14.875,178.5
2506,tabara_2022,train,2022-07-20T03:00:00.000000000,2022-07-22T14:00:00.000000000,14.875,178.5
2507,tabara_2022,train,2022-07-20T04:00:00.000000000,2022-07-22T15:00:00.000000000,21.83333396911621,178.5
2508,tabara_2022,train,2022-07-20T05:00:00.000000000,2022-07-22T16:00:00.000000000,21.83333396911621,178.5
2509,tabara_2022,train,2022-07-20T06:00:00.000000000,2022-07-22T17:00:00.000000000,21.83333396911621,178.5
2510,tabara_2022,train,2022-07-20T07:00:00.000000000,2022-07-22T18:00:00.000000000,21.83333396911621,178.5
2511,tabara_2022,train,2022-07-20T08:00:00.000000000,2022-07-22T19:00:00.000000000,21.83333396911621,178.5
2512,tabara_2022,train,2022-07-20T09:00:00.000000000,2022-07-22T20:00:00.000000000,21.83333396911621,178.5
2513,tabara_2022,train,2022-07-20T10:00:00.000000000,2022-07-22T21:00:00.000000000,21.83333396911621,178.5
2514,tabara_2022,train,2022-07-20T11:00:00.000000000,2022-07-22T22:00:00.000000000,6.958333492279053,83.5
2515,tabara_2022,train,2022-07-20T12:00:00.000000000,2022-07-22T23:00:00.000000000,6.958333492279053,83.5
2516,tabara_2022,train,2022-07-20T13:00:00.000000000,2022-07-23T00:00:00.000000000,6.958333492279053,83.5
2517,tabara_2022,train,2022-07-20T14:00:00.000000000,2022-07-23T01:00:00.000000000,6.958333492279053,83.5
2518,tabara_2022,train,2022-07-20T15:00:00.000000000,2022-07-23T02:00:00.000000000,6.958333492279053,83.5
2519,tabara_2022,train,2022-07-20T16:00:00.000000000,2022-07-23T03:00:00.000000000,0.0,0.0
2520,tabara_2022,train,2022-07-20T17:00:00.000000000,2022-07-23T04:00:00.000000000,0.0,0.0
2521,tabara_2022,train,2022-07-20T18:00:00.000000000,2022-07-23T05:00:00.000000000,0.0,0.0
2522,tabara_2022,train,2022-07-20T19:00:00.000000000,2022-07-23T06:00:00.000000000,0.0,0.0
2523,tabara_2022,train,2022-07-20T20:00:00.000000000,2022-07-23T07:00:00.000000000,0.0,0.0
2524,tabara_2022,train,2022-07-20T21:00:00.000000000,2022-07-23T08:00:00.000000000,0.0,0.0
2525,tabara_2022,train,2022-07-20T22:00:00.000000000,2022-07-23T09:00:00.000000000,0.0,0.0
2526,tabara_2022,train,2022-07-20T23:00:00.000000000,2022-07-23T10:00:00.000000000,0.0,0.0
2527,tabara_2022,train,2022-07-21T00:00:00.000000000,2022-07-23T11:00:00.000000000,0.0,0.0
2528,tabara_2022,train,2022-07-21T01:00:00.000000000,2022-07-23T12:00:00.000000000,0.0,0.0
2529,tabara_2022,train,2022-07-21T02:00:00.000000000,2022-07-23T13:00:00.000000000,10.783332824707031,129.39999389648438
2530,tabara_2022,train,2022-07-21T03:00:00.000000000,2022-07-23T14:00:00.000000000,10.783332824707031,129.39999389648438
2531,tabara_2022,train,2022-07-21T04:00:00.000000000,2022-07-23T15:00:00.000000000,10.783332824707031,129.39999389648438
2532,tabara_2022,train,2022-07-21T05:00:00.000000000,2022-07-23T16:00:00.000000000,10.783332824707031,129.39999389648438
2533,tabara_2022,train,2022-07-21T06:00:00.000000000,2022-07-23T17:00:00.000000000,10.783332824707031,129.39999389648438
2534,tabara_2022,train,2022-07-21T07:00:00.000000000,2022-07-23T18:00:00.000000000,10.783332824707031,129.39999389648438
2535,tabara_2022,train,2022-07-21T08:00:00.000000000,2022-07-23T19:00:00.000000000,10.783332824707031,129.39999389648438
2536,tabara_2022,train,2022-07-21T09:00:00.000000000,2022-07-23T20:00:00.000000000,10.783332824707031,129.39999389648438
2537,tabara_2022,train,2022-07-21T10:00:00.000000000,2022-07-23T21:00:00.000000000,10.783332824707031,129.39999389648438
2538,tabara_2022,train,2022-07-21T11:00:00.000000000,2022-07-23T22:00:00.000000000,10.783332824707031,129.39999389648438
2539,tabara_2022,train,2022-07-21T12:00:00.000000000,2022-07-23T23:00:00.000000000,10.783332824707031,129.39999389648438
2540,tabara_2022,train,2022-07-21T13:00:00.000000000,2022-07-24T00:00:00.000000000,10.783332824707031,129.39999389648438
2541,tabara_2022,train,2022-07-21T14:00:00.000000000,2022-07-24T01:00:00.000000000,0.0,0.0
2542,tabara_2022,train,2022-07-21T15:00:00.000000000,2022-07-24T02:00:00.000000000,0.0,0.0
2543,tabara_2022,train,2022-07-21T16:00:00.000000000,2022-07-24T03:00:00.000000000,0.0,0.0
2544,tabara_2022,train,2022-07-21T17:00:00.000000000,2022-07-24T04:00:00.000000000,0.0,0.0
2545,tabara_2022,train,2022-07-21T18:00:00.000000000,2022-07-24T05:00:00.000000000,0.0,0.0
2546,tabara_2022,train,2022-07-21T19:00:00.000000000,2022-07-24T06:00:00.000000000,0.0,0.0
2547,tabara_2022,train,2022-07-21T20:00:00.000000000,2022-07-24T07:00:00.000000000,0.0,0.0
2548,tabara_2022,train,2022-07-21T21:00:00.000000000,2022-07-24T08:00:00.000000000,0.0,0.0
2549,tabara_2022,train,2022-07-21T22:00:00.000000000,2022-07-24T09:00:00.000000000,0.0,0.0
2550,tabara_2022,train,2022-07-21T23:00:00.000000000,2022-07-24T10:00:00.000000000,0.0,0.0
2551,tabara_2022,train,2022-07-22T00:00:00.000000000,2022-07-24T11:00:00.000000000,0.0,0.0
2552,tabara_2022,train,2022-07-22T01:00:00.000000000,2022-07-24T12:00:00.000000000,5.016666889190674,60.20000076293945
2553,tabara_2022,train,2022-07-22T02:00:00.000000000,2022-07-24T13:00:00.000000000,5.016666889190674,60.20000076293945
2554,tabara_2022,train,2022-07-22T03:00:00.000000000,2022-07-24T14:00:00.000000000,5.016666889190674,60.20000076293945
2555,tabara_2022,train,2022-07-22T04:00:00.000000000,2022-07-24T15:00:00.000000000,5.016666889190674,60.20000076293945
2556,tabara_2022,train,2022-07-22T05:00:00.000000000,2022-07-24T16:00:00.000000000,183.4916534423828,2141.699951171875
2557,tabara_2022,train,2022-07-22T06:00:00.000000000,2022-07-24T17:00:00.000000000,1239.5916748046875,12673.2001953125
2558,tabara_2022,train,2022-07-22T07:00:00.000000000,2022-07-24T18:00:00.000000000,1990.125,12673.2001953125
2559,tabara_2022,train,2022-07-22T08:00:00.000000000,2022-07-24T19:00:00.000000000,2399.466552734375,12673.2001953125
2560,tabara_2022,train,2022-07-22T09:00:00.000000000,2022-07-24T20:00:00.000000000,2598.52490234375,12673.2001953125
2561,tabara_2022,train,2022-07-22T10:00:00.000000000,2022-07-24T21:00:00.000000000,2627.208251953125,12673.2001953125
2562,tabara_2022,train,2022-07-22T11:00:00.000000000,2022-07-24T22:00:00.000000000,2634.29150390625,12673.2001953125
2563,tabara_2022,train,2022-07-22T12:00:00.000000000,2022-07-24T23:00:00.000000000,2636.833251953125,12673.2001953125
2564,tabara_2022,train,2022-07-22T13:00:00.000000000,2022-07-25T00:00:00.000000000,2631.816650390625,12673.2001953125
2565,tabara_2022,train,2022-07-22T14:00:00.000000000,2022-07-25T01:00:00.000000000,2631.816650390625,12673.2001953125
2566,tabara_2022,train,2022-07-22T15:00:00.000000000,2022-07-25T02:00:00.000000000,2631.816650390625,12673.2001953125
2567,tabara_2022,train,2022-07-22T16:00:00.000000000,2022-07-25T03:00:00.000000000,2631.816650390625,12673.2001953125
2568,tabara_2022,train,2022-07-22T17:00:00.000000000,2022-07-25T04:00:00.000000000,2453.341796875,12673.2001953125
2569,tabara_2022,train,2022-07-22T18:00:00.000000000,2022-07-25T05:00:00.000000000,1397.24169921875,9006.400390625
2570,tabara_2022,train,2022-07-22T19:00:00.000000000,2022-07-25T06:00:00.000000000,646.7083129882812,4912.10009765625
2571,tabara_2022,train,2022-07-22T20:00:00.000000000,2022-07-25T07:00:00.000000000,237.3666534423828,2388.699951171875
2572,tabara_2022,train,2022-07-22T21:00:00.000000000,2022-07-25T08:00:00.000000000,38.30833435058594,344.20001220703125
2573,tabara_2022,train,2022-07-22T22:00:00.000000000,2022-07-25T09:00:00.000000000,9.625,85.0
2574,tabara_2022,train,2022-07-22T23:00:00.000000000,2022-07-25T10:00:00.000000000,2.5416667461395264,30.5
2575,tabara_2022,train,2022-07-23T00:00:00.000000000,2022-07-25T11:00:00.000000000,0.0,0.0
2576,tabara_2022,train,2022-07-23T01:00:00.000000000,2022-07-25T12:00:00.000000000,0.0,0.0
2577,tabara_2022,train,2022-07-23T02:00:00.000000000,2022-07-25T13:00:00.000000000,0.0,0.0
2578,tabara_2022,train,2022-07-23T03:00:00.000000000,2022-07-25T14:00:00.000000000,0.0,0.0
2579,tabara_2022,train,2022-07-23T04:00:00.000000000,2022-07-25T15:00:00.000000000,3.5,42.0
2580,tabara_2022,train,2022-07-23T05:00:00.000000000,2022-07-25T16:00:00.000000000,3.5,42.0
2581,tabara_2022,train,2022-07-23T06:00:00.000000000,2022-07-25T17:00:00.000000000,3.5,42.0
2582,tabara_2022,train,2022-07-23T07:00:00.000000000,2022-07-25T18:00:00.000000000,3.5,42.0
2583,tabara_2022,train,2022-07-23T08:00:00.000000000,2022-07-25T19:00:00.000000000,3.5,42.0
2584,tabara_2022,train,2022-07-23T09:00:00.000000000,2022-07-25T20:00:00.000000000,3.5,42.0
2585,tabara_2022,train,2022-07-23T10:00:00.000000000,2022-07-25T21:00:00.000000000,3.5,42.0
2586,tabara_2022,train,2022-07-23T11:00:00.000000000,2022-07-25T22:00:00.000000000,3.5,42.0
2587,tabara_2022,train,2022-07-23T12:00:00.000000000,2022-07-25T23:00:00.000000000,3.5,42.0
2588,sameiro_2022,train,2022-08-07T00:00:00.000000000,2022-08-10T02:00:00.000000000,10040.3583984375,20815.099609375
2589,sameiro_2022,train,2022-08-07T01:00:00.000000000,2022-08-10T03:00:00.000000000,9368.6904296875,20815.099609375
2590,sameiro_2022,train,2022-08-07T02:00:00.000000000,2022-08-10T04:00:00.000000000,8618.3251953125,20815.099609375
2591,sameiro_2022,train,2022-08-07T03:00:00.000000000,2022-08-10T05:00:00.000000000,7567.81591796875,20815.099609375
2592,sameiro_2022,train,2022-08-07T04:00:00.000000000,2022-08-10T06:00:00.000000000,5872.49169921875,17727.69921875
2593,sameiro_2022,train,2022-08-07T05:00:00.000000000,2022-08-10T07:00:00.000000000,4459.0166015625,10096.7998046875
2594,sameiro_2022,train,2022-08-07T06:00:00.000000000,2022-08-10T08:00:00.000000000,3709.524658203125,8925.900390625
2595,sameiro_2022,train,2022-08-07T07:00:00.000000000,2022-08-10T09:00:00.000000000,3371.841064453125,6447.2998046875
2596,sameiro_2022,train,2022-08-07T09:00:00.000000000,2022-08-10T12:00:00.000000000,2950.449951171875,6447.2998046875
2597,sameiro_2022,train,2022-08-07T13:00:00.000000000,2022-08-10T13:00:00.000000000,2539.75,6447.2998046875
2598,sameiro_2022,train,2022-08-07T14:00:00.000000000,2022-08-10T14:00:00.000000000,2002.4749755859375,5752.0
2599,sameiro_2022,train,2022-08-07T18:00:00.000000000,2022-08-10T15:00:00.000000000,1630.56640625,5752.0
2600,sameiro_2022,train,2022-08-07T19:00:00.000000000,2022-08-10T16:00:00.000000000,2940.099853515625,21466.400390625
2601,sameiro_2022,train,2022-08-07T20:00:00.000000000,2022-08-10T17:00:00.000000000,4999.38330078125,27846.69921875
2602,sameiro_2022,train,2022-08-07T23:00:00.000000000,2022-08-10T18:00:00.000000000,6579.64990234375,27846.69921875
2603,sameiro_2022,train,2022-08-08T01:00:00.000000000,2022-08-10T19:00:00.000000000,7841.69970703125,27846.69921875
2604,sameiro_2022,train,2022-08-08T02:00:00.000000000,2022-08-10T20:00:00.000000000,9578.25,27846.69921875
2605,sameiro_2022,train,2022-08-08T04:00:00.000000000,2022-08-10T21:00:00.000000000,11442.81640625,27846.69921875
2606,sameiro_2022,train,2022-08-08T05:00:00.000000000,2022-08-10T22:00:00.000000000,12345.31640625,27846.69921875
2607,sameiro_2022,train,2022-08-08T06:00:00.000000000,2022-08-10T23:00:00.000000000,12261.2587890625,27846.69921875
2608,sameiro_2022,train,2022-08-08T07:00:00.000000000,2022-08-11T00:00:00.000000000,12955.43359375,27846.69921875
2609,sameiro_2022,train,2022-08-08T12:00:00.000000000,2022-08-11T01:00:00.000000000,13167.94140625,27846.69921875
2610,sameiro_2022,train,2022-08-08T13:00:00.000000000,2022-08-11T02:00:00.000000000,13412.7822265625,27846.69921875
2611,sameiro_2022,train,2022-08-08T14:00:00.000000000,2022-08-11T03:00:00.000000000,13528.7998046875,27846.69921875
2612,sameiro_2022,train,2022-08-08T15:00:00.000000000,2022-08-11T04:00:00.000000000,11852.1650390625,27846.69921875
2613,sameiro_2022,train,2022-08-08T16:00:00.000000000,2022-08-11T05:00:00.000000000,9590.4580078125,23140.80078125
2614,sameiro_2022,train,2022-08-08T17:00:00.000000000,2022-08-11T06:00:00.000000000,7997.06640625,23140.80078125
2615,sameiro_2022,train,2022-08-08T18:00:00.000000000,2022-08-11T07:00:00.000000000,6662.30810546875,23140.80078125
2616,sameiro_2022,train,2022-08-08T19:00:00.000000000,2022-08-11T08:00:00.000000000,5003.98388671875,23140.80078125
2617,sameiro_2022,train,2022-08-08T20:00:00.000000000,2022-08-11T09:00:00.000000000,3268.8583984375,11932.900390625
2618,sameiro_2022,train,2022-08-08T21:00:00.000000000,2022-08-11T10:00:00.000000000,2532.591552734375,8639.7998046875
2619,sameiro_2022,train,2022-08-08T22:00:00.000000000,2022-08-11T11:00:00.000000000,3034.833251953125,9891.900390625
2620,sameiro_2022,train,2022-08-08T23:00:00.000000000,2022-08-11T12:00:00.000000000,4253.41650390625,23262.80078125
2621,sameiro_2022,train,2022-08-09T00:00:00.000000000,2022-08-11T13:00:00.000000000,5881.8671875,23262.80078125
2622,sameiro_2022,train,2022-08-09T01:00:00.000000000,2022-08-11T14:00:00.000000000,7195.224609375,23262.80078125
2623,sameiro_2022,train,2022-08-09T02:00:00.000000000,2022-08-11T15:00:00.000000000,9602.0087890625,30875.80078125
2624,sameiro_2022,train,2022-08-09T03:00:00.000000000,2022-08-11T16:00:00.000000000,13014.2333984375,42293.5
2625,sameiro_2022,train,2022-08-09T04:00:00.000000000,2022-08-11T17:00:00.000000000,14144.5927734375,42293.5
2626,sameiro_2022,train,2022-08-09T05:00:00.000000000,2022-08-11T18:00:00.000000000,14387.8994140625,42293.5
2627,sameiro_2022,train,2022-08-09T06:00:00.000000000,2022-08-11T19:00:00.000000000,14995.9169921875,42293.5
2628,sameiro_2022,train,2022-08-09T07:00:00.000000000,2022-08-11T20:00:00.000000000,15318.30078125,42293.5
2629,sameiro_2022,train,2022-08-09T08:00:00.000000000,2022-08-11T21:00:00.000000000,15292.5595703125,42293.5
2630,sameiro_2022,train,2022-08-09T09:00:00.000000000,2022-08-11T22:00:00.000000000,15206.4423828125,42293.5
2631,sameiro_2022,train,2022-08-09T10:00:00.000000000,2022-08-11T23:00:00.000000000,14497.9091796875,42293.5
2632,sameiro_2022,train,2022-08-09T11:00:00.000000000,2022-08-12T00:00:00.000000000,12598.31640625,42293.5
2633,sameiro_2022,train,2022-08-09T12:00:00.000000000,2022-08-12T01:00:00.000000000,10841.5087890625,42293.5
2634,sameiro_2022,train,2022-08-09T13:00:00.000000000,2022-08-12T02:00:00.000000000,9309.9658203125,42293.5
2635,sameiro_2022,train,2022-08-09T14:00:00.000000000,2022-08-12T03:00:00.000000000,6760.53369140625,42293.5
2636,sameiro_2022,train,2022-08-09T15:00:00.000000000,2022-08-12T04:00:00.000000000,3260.533447265625,14270.5
2637,sameiro_2022,train,2022-08-09T16:00:00.000000000,2022-08-12T05:00:00.000000000,2076.724853515625,8235.2001953125
2638,sameiro_2022,train,2022-08-09T17:00:00.000000000,2022-08-12T06:00:00.000000000,1789.3917236328125,8235.2001953125
2639,sameiro_2022,train,2022-08-09T18:00:00.000000000,2022-08-12T07:00:00.000000000,1154.13330078125,5278.5
2640,sameiro_2022,train,2022-08-09T19:00:00.000000000,2022-08-12T08:00:00.000000000,772.0249633789062,2064.300048828125
2641,sameiro_2022,train,2022-08-09T20:00:00.000000000,2022-08-12T09:00:00.000000000,688.5249633789062,2064.300048828125
2642,sameiro_2022,train,2022-08-09T21:00:00.000000000,2022-08-12T13:00:00.000000000,577.1583251953125,1389.5
2643,sameiro_2022,train,2022-08-09T22:00:00.000000000,2022-08-12T14:00:00.000000000,553.3250122070312,1103.5
2644,sameiro_2022,train,2022-08-09T23:00:00.000000000,2022-08-12T15:00:00.000000000,550.0582885742188,1103.5
2645,sameiro_2022,train,2022-08-10T00:00:00.000000000,2022-08-12T16:00:00.000000000,486.36669921875,1103.5
2646,sameiro_2022,train,2022-08-10T01:00:00.000000000,2022-08-12T17:00:00.000000000,483.0,1103.5
2647,sameiro_2022,train,2022-08-10T02:00:00.000000000,2022-08-12T18:00:00.000000000,459.4499816894531,1103.5
2648,sameiro_2022,train,2022-08-10T03:00:00.000000000,2022-08-12T19:00:00.000000000,434.99169921875,1103.5
2649,sameiro_2022,train,2022-08-10T04:00:00.000000000,2022-08-12T20:00:00.000000000,429.5916748046875,1103.5
2650,sameiro_2022,train,2022-08-10T05:00:00.000000000,2022-08-12T21:00:00.000000000,424.8833312988281,1103.5
2651,sameiro_2022,train,2022-08-10T06:00:00.000000000,2022-08-12T22:00:00.000000000,373.875,1103.5
2652,sameiro_2022,train,2022-08-10T07:00:00.000000000,2022-08-12T23:00:00.000000000,316.10833740234375,1103.5
2653,sameiro_2022,train,2022-08-10T08:00:00.000000000,2022-08-13T00:00:00.000000000,232.0749969482422,1103.5
2654,sameiro_2022,train,2022-08-10T09:00:00.000000000,2022-08-13T01:00:00.000000000,171.4166717529297,1103.5
2655,sameiro_2022,train,2022-08-10T12:00:00.000000000,2022-08-13T02:00:00.000000000,79.45833587646484,428.5
2656,sameiro_2022,train,2022-08-10T13:00:00.000000000,2022-08-13T03:00:00.000000000,43.75,279.5
2657,sameiro_2022,train,2022-08-10T14:00:00.000000000,2022-08-13T04:00:00.000000000,23.29166603088379,279.5
2658,sameiro_2022,train,2022-08-10T15:00:00.000000000,2022-08-13T05:00:00.000000000,0.0,0.0
2659,sameiro_2022,train,2022-08-10T16:00:00.000000000,2022-08-13T06:00:00.000000000,0.0,0.0
2660,sameiro_2022,train,2022-08-10T17:00:00.000000000,2022-08-13T07:00:00.000000000,0.0,0.0
2661,sameiro_2022,train,2022-08-10T18:00:00.000000000,2022-08-13T08:00:00.000000000,0.0,0.0
2662,sameiro_2022,train,2022-08-10T19:00:00.000000000,2022-08-13T09:00:00.000000000,7.224999904632568,86.69999694824219
2663,sameiro_2022,train,2022-08-10T20:00:00.000000000,2022-08-13T10:00:00.000000000,7.224999904632568,86.69999694824219
2664,sameiro_2022,train,2022-08-10T21:00:00.000000000,2022-08-13T11:00:00.000000000,13.883334159851074,86.69999694824219
2665,sameiro_2022,train,2022-08-10T22:00:00.000000000,2022-08-13T12:00:00.000000000,13.883334159851074,86.69999694824219
2666,sameiro_2022,train,2022-08-10T23:00:00.000000000,2022-08-13T13:00:00.000000000,30.70833396911621,201.89999389648438
2667,sameiro_2022,train,2022-08-11T00:00:00.000000000,2022-08-13T14:00:00.000000000,83.42499542236328,632.5999755859375
2668,sameiro_2022,train,2022-08-11T01:00:00.000000000,2022-08-13T15:00:00.000000000,1280.6583251953125,14366.7998046875
2669,sameiro_2022,train,2022-08-11T02:00:00.000000000,2022-08-13T16:00:00.000000000,1945.7083740234375,14366.7998046875
2670,sameiro_2022,train,2022-08-11T03:00:00.000000000,2022-08-13T17:00:00.000000000,2403.941650390625,14366.7998046875
2671,sameiro_2022,train,2022-08-11T04:00:00.000000000,2022-08-13T18:00:00.000000000,3089.699951171875,14366.7998046875
2672,sameiro_2022,train,2022-08-11T05:00:00.000000000,2022-08-13T19:00:00.000000000,3555.683349609375,14366.7998046875
2673,sameiro_2022,train,2022-08-11T06:00:00.000000000,2022-08-13T20:00:00.000000000,3731.1748046875,14366.7998046875
2674,sameiro_2022,train,2022-08-11T07:00:00.000000000,2022-08-13T21:00:00.000000000,3963.316650390625,14366.7998046875
2675,sameiro_2022,train,2022-08-11T08:00:00.000000000,2022-08-13T22:00:00.000000000,4051.383056640625,14366.7998046875
2676,sameiro_2022,train,2022-08-11T09:00:00.000000000,2022-08-13T23:00:00.000000000,4055.308349609375,14366.7998046875
2677,sameiro_2022,train,2022-08-11T10:00:00.000000000,2022-08-14T00:00:00.000000000,4087.5166015625,14366.7998046875
2678,sameiro_2022,train,2022-08-11T11:00:00.000000000,2022-08-14T01:00:00.000000000,4077.933349609375,14366.7998046875
2679,sameiro_2022,train,2022-08-11T12:00:00.000000000,2022-08-14T02:00:00.000000000,4027.783203125,14366.7998046875
2680,sameiro_2022,train,2022-08-11T13:00:00.000000000,2022-08-14T03:00:00.000000000,2832.791259765625,8229.099609375
2681,sameiro_2022,train,2022-08-11T14:00:00.000000000,2022-08-14T04:00:00.000000000,2170.19189453125,8229.099609375
2682,sameiro_2022,train,2022-08-11T15:00:00.000000000,2022-08-14T05:00:00.000000000,1711.9583740234375,8229.099609375
2683,sameiro_2022,train,2022-08-11T16:00:00.000000000,2022-08-14T06:00:00.000000000,1026.2000732421875,5591.7998046875
2684,sameiro_2022,train,2022-08-11T17:00:00.000000000,2022-08-14T07:00:00.000000000,560.2166137695312,2872.39990234375
2685,sameiro_2022,train,2022-08-11T18:00:00.000000000,2022-08-14T08:00:00.000000000,384.7250061035156,2872.39990234375
2686,sameiro_2022,train,2022-08-11T19:00:00.000000000,2022-08-14T09:00:00.000000000,159.5500030517578,1056.800048828125
2687,sameiro_2022,train,2022-08-11T20:00:00.000000000,2022-08-14T10:00:00.000000000,93.21666717529297,386.5
2688,sameiro_2022,train,2022-08-11T21:00:00.000000000,2022-08-14T11:00:00.000000000,110.5666732788086,386.5
2689,sameiro_2022,train,2022-08-11T22:00:00.000000000,2022-08-14T12:00:00.000000000,107.25833129882812,346.79998779296875
2690,sameiro_2022,train,2022-08-11T23:00:00.000000000,2022-08-14T13:00:00.000000000,115.52499389648438,346.79998779296875
2691,sameiro_2022,train,2022-08-12T00:00:00.000000000,2022-08-14T14:00:00.000000000,112.95832061767578,346.79998779296875
2692,sameiro_2022,train,2022-08-12T01:00:00.000000000,2022-08-14T15:00:00.000000000,110.71666717529297,346.79998779296875
2693,sameiro_2022,train,2022-08-12T02:00:00.000000000,2022-08-14T16:00:00.000000000,108.26666259765625,346.79998779296875
2694,sameiro_2022,train,2022-08-12T03:00:00.000000000,2022-08-14T17:00:00.000000000,108.26667022705078,346.79998779296875
2695,sameiro_2022,train,2022-08-12T04:00:00.000000000,2022-08-14T18:00:00.000000000,108.26666259765625,346.79998779296875
2696,sameiro_2022,train,2022-08-12T05:00:00.000000000,2022-08-14T19:00:00.000000000,108.26666259765625,346.79998779296875
2697,sameiro_2022,train,2022-08-12T06:00:00.000000000,2022-08-14T20:00:00.000000000,108.26666259765625,346.79998779296875
2698,sameiro_2022,train,2022-08-12T07:00:00.000000000,2022-08-14T21:00:00.000000000,94.07500457763672,346.79998779296875
2699,sameiro_2022,train,2022-08-12T08:00:00.000000000,2022-08-14T22:00:00.000000000,72.34166717529297,346.79998779296875
2700,sameiro_2022,train,2022-08-12T09:00:00.000000000,2022-08-14T23:00:00.000000000,50.516666412353516,346.79998779296875
2701,sameiro_2022,train,2022-08-12T13:00:00.000000000,2022-08-15T00:00:00.000000000,21.616668701171875,186.10000610351562
2702,sameiro_2022,train,2022-08-12T14:00:00.000000000,2022-08-15T01:00:00.000000000,6.108333587646484,73.30000305175781
2703,sameiro_2022,train,2022-08-12T15:00:00.000000000,2022-08-15T02:00:00.000000000,6.108333587646484,73.30000305175781
2704,sameiro_2022,train,2022-08-12T16:00:00.000000000,2022-08-15T03:00:00.000000000,6.108333587646484,73.30000305175781
2705,sameiro_2022,train,2022-08-12T17:00:00.000000000,2022-08-15T04:00:00.000000000,6.108333587646484,73.30000305175781
2706,sameiro_2022,train,2022-08-12T18:00:00.000000000,2022-08-15T06:00:00.000000000,6.108333587646484,73.30000305175781
2707,sameiro_2022,train,2022-08-12T19:00:00.000000000,2022-08-15T07:00:00.000000000,6.108333587646484,73.30000305175781
2708,sameiro_2022,train,2022-08-12T20:00:00.000000000,2022-08-15T11:00:00.000000000,52.70833206176758,559.2000122070312
2709,sameiro_2022,train,2022-08-12T21:00:00.000000000,2022-08-15T12:00:00.000000000,71.59166717529297,559.2000122070312
2710,sameiro_2022,train,2022-08-12T22:00:00.000000000,2022-08-15T13:00:00.000000000,109.45833587646484,559.2000122070312
2711,sameiro_2022,train,2022-08-12T23:00:00.000000000,2022-08-15T14:00:00.000000000,347.308349609375,2854.199951171875
2712,sameiro_2022,train,2022-08-13T00:00:00.000000000,2022-08-15T15:00:00.000000000,2221.60009765625,22564.80078125
2713,sameiro_2022,train,2022-08-13T01:00:00.000000000,2022-08-15T16:00:00.000000000,5158.80859375,35246.5
2714,sameiro_2022,train,2022-08-13T02:00:00.000000000,2022-08-15T17:00:00.000000000,10739.775390625,66971.6015625
2715,sameiro_2022,train,2022-08-13T03:00:00.000000000,2022-08-15T18:00:00.000000000,14727.2587890625,66971.6015625
2716,sameiro_2022,train,2022-08-13T04:00:00.000000000,2022-08-15T19:00:00.000000000,17504.599609375,66971.6015625
2717,sameiro_2022,train,2022-08-13T05:00:00.000000000,2022-08-15T20:00:00.000000000,19894.583984375,66971.6015625
2718,sameiro_2022,train,2022-08-13T06:00:00.000000000,2022-08-15T21:00:00.000000000,20584.55078125,66971.6015625
2719,sameiro_2022,train,2022-08-13T07:00:00.000000000,2022-08-15T22:00:00.000000000,20584.55078125,66971.6015625
2720,sameiro_2022,train,2022-08-13T08:00:00.000000000,2022-08-15T23:00:00.000000000,20537.94921875,66971.6015625
2721,sameiro_2022,train,2022-08-13T09:00:00.000000000,2022-08-16T00:00:00.000000000,20943.251953125,66971.6015625
2722,sameiro_2022,train,2022-08-13T10:00:00.000000000,2022-08-16T01:00:00.000000000,21341.876953125,66971.6015625
2723,sameiro_2022,train,2022-08-13T11:00:00.000000000,2022-08-16T02:00:00.000000000,21521.208984375,66971.6015625
2724,sameiro_2022,train,2022-08-13T12:00:00.000000000,2022-08-16T03:00:00.000000000,19922.517578125,66971.6015625
2725,sameiro_2022,train,2022-08-13T13:00:00.000000000,2022-08-16T05:00:00.000000000,17002.16796875,66971.6015625
2726,sameiro_2022,train,2022-08-13T14:00:00.000000000,2022-08-16T09:00:00.000000000,11421.2001953125,47849.80078125
2727,sameiro_2022,train,2022-08-13T15:00:00.000000000,2022-08-16T10:00:00.000000000,7433.71630859375,33328.1015625
2728,sameiro_2022,train,2022-08-13T16:00:00.000000000,2022-08-16T11:00:00.000000000,4656.375,28679.80078125
2729,sameiro_2022,train,2022-08-13T17:00:00.000000000,2022-08-16T12:00:00.000000000,2266.3916015625,8279.599609375
2730,sameiro_2022,train,2022-08-13T18:00:00.000000000,2022-08-16T13:00:00.000000000,1576.4249267578125,5237.89990234375
2731,sameiro_2022,train,2022-08-13T19:00:00.000000000,2022-08-16T14:00:00.000000000,1768.2083740234375,5237.89990234375
2732,sameiro_2022,train,2022-08-13T20:00:00.000000000,2022-08-16T15:00:00.000000000,1992.0751953125,5237.89990234375
2733,sameiro_2022,train,2022-08-13T21:00:00.000000000,2022-08-16T16:00:00.000000000,2373.183349609375,9663.5
2734,sameiro_2022,train,2022-08-13T22:00:00.000000000,2022-08-16T17:00:00.000000000,2842.550048828125,10870.2998046875
2735,sameiro_2022,train,2022-08-13T23:00:00.000000000,2022-08-16T18:00:00.000000000,2734.241455078125,10870.2998046875
2736,sameiro_2022,train,2022-08-14T00:00:00.000000000,2022-08-16T19:00:00.000000000,2764.708251953125,10870.2998046875
2737,sameiro_2022,train,2022-08-14T01:00:00.000000000,2022-08-16T20:00:00.000000000,3010.55859375,10870.2998046875
2738,sameiro_2022,train,2022-08-14T02:00:00.000000000,2022-08-16T21:00:00.000000000,3239.125244140625,10870.2998046875
2739,sameiro_2022,train,2022-08-14T03:00:00.000000000,2022-08-16T22:00:00.000000000,3355.633544921875,10870.2998046875
2740,sameiro_2022,train,2022-08-14T04:00:00.000000000,2022-08-16T23:00:00.000000000,3479.191650390625,10870.2998046875
2741,sameiro_2022,train,2022-08-14T05:00:00.000000000,2022-08-17T00:00:00.000000000,3542.30859375,10870.2998046875
2742,sameiro_2022,train,2022-08-14T06:00:00.000000000,2022-08-17T01:00:00.000000000,3575.791748046875,10870.2998046875
2743,sameiro_2022,train,2022-08-14T07:00:00.000000000,2022-08-17T02:00:00.000000000,3395.599853515625,10870.2998046875
2744,sameiro_2022,train,2022-08-14T08:00:00.000000000,2022-08-17T03:00:00.000000000,3183.150146484375,10870.2998046875
2745,sameiro_2022,train,2022-08-14T09:00:00.000000000,2022-08-17T04:00:00.000000000,2424.558349609375,10870.2998046875
2746,sameiro_2022,train,2022-08-14T10:00:00.000000000,2022-08-17T05:00:00.000000000,1518.7000732421875,3746.10009765625
2747,sameiro_2022,train,2022-08-14T11:00:00.000000000,2022-08-17T06:00:00.000000000,1209.8250732421875,3746.10009765625
2748,sameiro_2022,train,2022-08-14T12:00:00.000000000,2022-08-17T07:00:00.000000000,897.6499633789062,3152.5
2749,sameiro_2022,train,2022-08-14T13:00:00.000000000,2022-08-17T08:00:00.000000000,634.941650390625,2742.800048828125
2750,sameiro_2022,train,2022-08-14T14:00:00.000000000,2022-08-17T09:00:00.000000000,406.375,1482.699951171875
2751,sameiro_2022,train,2022-08-14T15:00:00.000000000,2022-08-17T10:00:00.000000000,289.8666687011719,1482.699951171875
2752,sameiro_2022,train,2022-08-14T16:00:00.000000000,2022-08-17T11:00:00.000000000,166.30833435058594,757.4000244140625
2753,sameiro_2022,train,2022-08-14T17:00:00.000000000,2022-08-17T12:00:00.000000000,103.1916732788086,560.4000244140625
2754,sameiro_2022,train,2022-08-14T18:00:00.000000000,2022-08-17T13:00:00.000000000,69.70833587646484,560.4000244140625
2755,sameiro_2022,train,2022-08-14T19:00:00.000000000,2022-08-17T14:00:00.000000000,58.116668701171875,560.4000244140625
2756,sameiro_2022,train,2022-08-14T20:00:00.000000000,2022-08-17T15:00:00.000000000,46.70000076293945,560.4000244140625
2757,sameiro_2022,train,2022-08-14T21:00:00.000000000,2022-08-17T16:00:00.000000000,0.0,0.0
2758,sameiro_2022,train,2022-08-14T22:00:00.000000000,2022-08-17T17:00:00.000000000,0.0,0.0
2759,sameiro_2022,train,2022-08-14T23:00:00.000000000,2022-08-17T18:00:00.000000000,0.0,0.0
2760,sameiro_2022,train,2022-08-15T00:00:00.000000000,2022-08-17T19:00:00.000000000,0.0,0.0
2761,sameiro_2022,train,2022-08-15T01:00:00.000000000,2022-08-17T20:00:00.000000000,0.0,0.0
2762,sameiro_2022,train,2022-08-15T02:00:00.000000000,2022-08-17T21:00:00.000000000,0.0,0.0
2763,sameiro_2022,train,2022-08-15T03:00:00.000000000,2022-08-17T22:00:00.000000000,0.0,0.0
2764,sameiro_2022,train,2022-08-15T04:00:00.000000000,2022-08-17T23:00:00.000000000,0.0,0.0
2765,bejis_2022,train,2022-08-09T00:00:00.000000000,2022-08-11T15:00:00.000000000,0.0,0.0
2766,bejis_2022,train,2022-08-09T01:00:00.000000000,2022-08-11T16:00:00.000000000,0.0,0.0
2767,bejis_2022,train,2022-08-09T02:00:00.000000000,2022-08-11T17:00:00.000000000,0.0,0.0
2768,bejis_2022,train,2022-08-09T03:00:00.000000000,2022-08-11T18:00:00.000000000,0.0,0.0
2769,bejis_2022,train,2022-08-09T04:00:00.000000000,2022-08-11T19:00:00.000000000,0.0,0.0
2770,bejis_2022,train,2022-08-09T05:00:00.000000000,2022-08-11T22:00:00.000000000,0.0,0.0
2771,bejis_2022,train,2022-08-09T06:00:00.000000000,2022-08-11T23:00:00.000000000,0.0,0.0
2772,bejis_2022,train,2022-08-09T07:00:00.000000000,2022-08-12T00:00:00.000000000,0.0,0.0
2773,bejis_2022,train,2022-08-09T08:00:00.000000000,2022-08-12T01:00:00.000000000,0.0,0.0
2774,bejis_2022,train,2022-08-09T09:00:00.000000000,2022-08-12T02:00:00.000000000,0.0,0.0
2775,bejis_2022,train,2022-08-09T10:00:00.000000000,2022-08-12T03:00:00.000000000,0.0,0.0
2776,bejis_2022,train,2022-08-09T11:00:00.000000000,2022-08-12T04:00:00.000000000,0.0,0.0
2777,bejis_2022,train,2022-08-09T12:00:00.000000000,2022-08-12T05:00:00.000000000,0.0,0.0
2778,bejis_2022,train,2022-08-09T13:00:00.000000000,2022-08-12T06:00:00.000000000,0.0,0.0
2779,bejis_2022,train,2022-08-09T14:00:00.000000000,2022-08-12T07:00:00.000000000,0.0,0.0
2780,bejis_2022,train,2022-08-09T15:00:00.000000000,2022-08-12T08:00:00.000000000,0.0,0.0
2781,bejis_2022,train,2022-08-09T16:00:00.000000000,2022-08-12T09:00:00.000000000,0.0,0.0
2782,bejis_2022,train,2022-08-09T17:00:00.000000000,2022-08-12T10:00:00.000000000,0.0,0.0
2783,bejis_2022,train,2022-08-09T18:00:00.000000000,2022-08-12T11:00:00.000000000,0.0,0.0
2784,bejis_2022,train,2022-08-09T19:00:00.000000000,2022-08-12T12:00:00.000000000,0.0,0.0
2785,bejis_2022,train,2022-08-09T20:00:00.000000000,2022-08-12T13:00:00.000000000,0.0,0.0
2786,bejis_2022,train,2022-08-09T21:00:00.000000000,2022-08-12T14:00:00.000000000,0.0,0.0
2787,bejis_2022,train,2022-08-09T22:00:00.000000000,2022-08-12T15:00:00.000000000,0.0,0.0
2788,bejis_2022,train,2022-08-09T23:00:00.000000000,2022-08-12T16:00:00.000000000,0.0,0.0
2789,bejis_2022,train,2022-08-10T00:00:00.000000000,2022-08-12T17:00:00.000000000,0.0,0.0
2790,bejis_2022,train,2022-08-10T01:00:00.000000000,2022-08-12T18:00:00.000000000,0.0,0.0
2791,bejis_2022,train,2022-08-10T02:00:00.000000000,2022-08-12T19:00:00.000000000,0.0,0.0
2792,bejis_2022,train,2022-08-10T04:00:00.000000000,2022-08-12T20:00:00.000000000,0.0,0.0
2793,bejis_2022,train,2022-08-10T05:00:00.000000000,2022-08-12T21:00:00.000000000,0.0,0.0
2794,bejis_2022,train,2022-08-10T06:00:00.000000000,2022-08-12T23:00:00.000000000,0.0,0.0
2795,bejis_2022,train,2022-08-10T07:00:00.000000000,2022-08-13T00:00:00.000000000,0.0,0.0
2796,bejis_2022,train,2022-08-10T08:00:00.000000000,2022-08-13T01:00:00.000000000,0.0,0.0
2797,bejis_2022,train,2022-08-10T09:00:00.000000000,2022-08-13T02:00:00.000000000,0.0,0.0
2798,bejis_2022,train,2022-08-10T10:00:00.000000000,2022-08-13T03:00:00.000000000,0.0,0.0
2799,bejis_2022,train,2022-08-10T11:00:00.000000000,2022-08-13T04:00:00.000000000,0.0,0.0
2800,bejis_2022,train,2022-08-10T12:00:00.000000000,2022-08-13T05:00:00.000000000,0.0,0.0
2801,bejis_2022,train,2022-08-10T13:00:00.000000000,2022-08-13T06:00:00.000000000,0.0,0.0
2802,bejis_2022,train,2022-08-10T14:00:00.000000000,2022-08-13T08:00:00.000000000,0.0,0.0
2803,bejis_2022,train,2022-08-10T15:00:00.000000000,2022-08-13T09:00:00.000000000,0.0,0.0
2804,bejis_2022,train,2022-08-10T16:00:00.000000000,2022-08-13T10:00:00.000000000,0.0,0.0
2805,bejis_2022,train,2022-08-10T17:00:00.000000000,2022-08-13T11:00:00.000000000,0.0,0.0
2806,bejis_2022,train,2022-08-10T18:00:00.000000000,2022-08-13T12:00:00.000000000,0.0,0.0
2807,bejis_2022,train,2022-08-10T19:00:00.000000000,2022-08-13T13:00:00.000000000,0.0,0.0
2808,bejis_2022,train,2022-08-10T20:00:00.000000000,2022-08-13T14:00:00.000000000,0.0,0.0
2809,bejis_2022,train,2022-08-10T21:00:00.000000000,2022-08-13T17:00:00.000000000,0.0,0.0
2810,bejis_2022,train,2022-08-10T22:00:00.000000000,2022-08-13T18:00:00.000000000,0.0,0.0
2811,bejis_2022,train,2022-08-10T23:00:00.000000000,2022-08-13T19:00:00.000000000,0.0,0.0
2812,bejis_2022,train,2022-08-11T00:00:00.000000000,2022-08-13T20:00:00.000000000,0.0,0.0
2813,bejis_2022,train,2022-08-11T01:00:00.000000000,2022-08-13T21:00:00.000000000,0.0,0.0
2814,bejis_2022,train,2022-08-11T02:00:00.000000000,2022-08-13T22:00:00.000000000,0.0,0.0
2815,bejis_2022,train,2022-08-11T03:00:00.000000000,2022-08-13T23:00:00.000000000,0.0,0.0
2816,bejis_2022,train,2022-08-11T04:00:00.000000000,2022-08-14T00:00:00.000000000,0.0,0.0
2817,bejis_2022,train,2022-08-11T05:00:00.000000000,2022-08-14T01:00:00.000000000,6.141666412353516,73.69999694824219
2818,bejis_2022,train,2022-08-11T07:00:00.000000000,2022-08-14T02:00:00.000000000,6.141666412353516,73.69999694824219
2819,bejis_2022,train,2022-08-11T08:00:00.000000000,2022-08-14T03:00:00.000000000,6.141666412353516,73.69999694824219
2820,bejis_2022,train,2022-08-11T09:00:00.000000000,2022-08-14T04:00:00.000000000,6.141666412353516,73.69999694824219
2821,bejis_2022,train,2022-08-11T11:00:00.000000000,2022-08-14T05:00:00.000000000,6.141666412353516,73.69999694824219
2822,bejis_2022,train,2022-08-11T12:00:00.000000000,2022-08-14T06:00:00.000000000,6.141666412353516,73.69999694824219
2823,bejis_2022,train,2022-08-11T14:00:00.000000000,2022-08-14T07:00:00.000000000,6.141666412353516,73.69999694824219
2824,bejis_2022,train,2022-08-11T15:00:00.000000000,2022-08-14T08:00:00.000000000,6.141666412353516,73.69999694824219
2825,bejis_2022,train,2022-08-11T16:00:00.000000000,2022-08-14T09:00:00.000000000,6.141666412353516,73.69999694824219
2826,bejis_2022,train,2022-08-11T17:00:00.000000000,2022-08-14T10:00:00.000000000,6.141666412353516,73.69999694824219
2827,bejis_2022,train,2022-08-11T18:00:00.000000000,2022-08-14T11:00:00.000000000,6.141666412353516,73.69999694824219
2828,bejis_2022,train,2022-08-11T19:00:00.000000000,2022-08-14T12:00:00.000000000,6.141666412353516,73.69999694824219
2829,bejis_2022,train,2022-08-11T22:00:00.000000000,2022-08-14T13:00:00.000000000,0.0,0.0
2830,bejis_2022,train,2022-08-11T23:00:00.000000000,2022-08-14T14:00:00.000000000,0.0,0.0
2831,bejis_2022,train,2022-08-12T00:00:00.000000000,2022-08-14T15:00:00.000000000,0.0,0.0
2832,bejis_2022,train,2022-08-12T01:00:00.000000000,2022-08-14T16:00:00.000000000,0.0,0.0
2833,bejis_2022,train,2022-08-12T02:00:00.000000000,2022-08-14T17:00:00.000000000,0.0,0.0
2834,bejis_2022,train,2022-08-12T03:00:00.000000000,2022-08-14T18:00:00.000000000,0.0,0.0
2835,bejis_2022,train,2022-08-12T04:00:00.000000000,2022-08-14T19:00:00.000000000,0.0,0.0
2836,bejis_2022,train,2022-08-12T05:00:00.000000000,2022-08-14T20:00:00.000000000,0.0,0.0
2837,bejis_2022,train,2022-08-12T06:00:00.000000000,2022-08-14T21:00:00.000000000,0.0,0.0
2838,bejis_2022,train,2022-08-12T07:00:00.000000000,2022-08-14T22:00:00.000000000,0.0,0.0
2839,bejis_2022,train,2022-08-12T08:00:00.000000000,2022-08-14T23:00:00.000000000,0.0,0.0
2840,bejis_2022,train,2022-08-12T09:00:00.000000000,2022-08-15T00:00:00.000000000,0.0,0.0
2841,bejis_2022,train,2022-08-12T10:00:00.000000000,2022-08-15T01:00:00.000000000,0.0,0.0
2842,bejis_2022,train,2022-08-12T11:00:00.000000000,2022-08-15T02:00:00.000000000,0.0,0.0
2843,bejis_2022,train,2022-08-12T12:00:00.000000000,2022-08-15T03:00:00.000000000,0.0,0.0
2844,bejis_2022,train,2022-08-12T13:00:00.000000000,2022-08-15T04:00:00.000000000,0.0,0.0
2845,bejis_2022,train,2022-08-12T14:00:00.000000000,2022-08-15T06:00:00.000000000,0.0,0.0
2846,bejis_2022,train,2022-08-12T15:00:00.000000000,2022-08-15T07:00:00.000000000,0.0,0.0
2847,bejis_2022,train,2022-08-12T16:00:00.000000000,2022-08-15T09:00:00.000000000,0.0,0.0
2848,bejis_2022,train,2022-08-12T17:00:00.000000000,2022-08-15T10:00:00.000000000,0.0,0.0
2849,bejis_2022,train,2022-08-12T18:00:00.000000000,2022-08-15T12:00:00.000000000,0.0,0.0
2850,bejis_2022,train,2022-08-12T19:00:00.000000000,2022-08-15T13:00:00.000000000,0.0,0.0
2851,bejis_2022,train,2022-08-12T20:00:00.000000000,2022-08-15T14:00:00.000000000,103.3166732788086,1239.800048828125
2852,bejis_2022,train,2022-08-12T21:00:00.000000000,2022-08-15T15:00:00.000000000,189.81666564941406,1239.800048828125
2853,bejis_2022,train,2022-08-12T23:00:00.000000000,2022-08-15T16:00:00.000000000,394.3416748046875,2454.300048828125
2854,bejis_2022,train,2022-08-13T00:00:00.000000000,2022-08-15T18:00:00.000000000,545.24169921875,2454.300048828125
2855,bejis_2022,train,2022-08-13T01:00:00.000000000,2022-08-15T19:00:00.000000000,584.1666870117188,2454.300048828125
2856,bejis_2022,train,2022-08-13T02:00:00.000000000,2022-08-15T20:00:00.000000000,630.4750366210938,2454.300048828125
2857,bejis_2022,train,2022-08-13T03:00:00.000000000,2022-08-15T21:00:00.000000000,667.8333740234375,2454.300048828125
2858,bejis_2022,train,2022-08-13T04:00:00.000000000,2022-08-15T22:00:00.000000000,733.1500854492188,2454.300048828125
2859,bejis_2022,train,2022-08-13T05:00:00.000000000,2022-08-15T23:00:00.000000000,845.2916870117188,2454.300048828125
2860,bejis_2022,train,2022-08-13T06:00:00.000000000,2022-08-16T00:00:00.000000000,900.1083374023438,2454.300048828125
2861,bejis_2022,train,2022-08-13T08:00:00.000000000,2022-08-16T02:00:00.000000000,959.6000366210938,2454.300048828125
2862,bejis_2022,train,2022-08-13T09:00:00.000000000,2022-08-16T03:00:00.000000000,1082.783447265625,2454.300048828125
2863,bejis_2022,train,2022-08-13T10:00:00.000000000,2022-08-16T04:00:00.000000000,1014.6000366210938,2454.300048828125
2864,bejis_2022,train,2022-08-13T11:00:00.000000000,2022-08-16T05:00:00.000000000,953.550048828125,2454.300048828125
2865,bejis_2022,train,2022-08-13T12:00:00.000000000,2022-08-16T06:00:00.000000000,777.8916625976562,1810.800048828125
2866,bejis_2022,train,2022-08-13T13:00:00.000000000,2022-08-16T07:00:00.000000000,716.433349609375,1478.199951171875
2867,bejis_2022,train,2022-08-13T14:00:00.000000000,2022-08-16T09:00:00.000000000,785.25,1478.199951171875
2868,bejis_2022,train,2022-08-13T17:00:00.000000000,2022-08-16T10:00:00.000000000,849.9667358398438,1478.199951171875
2869,bejis_2022,train,2022-08-13T18:00:00.000000000,2022-08-16T11:00:00.000000000,812.6083374023438,1478.199951171875
2870,bejis_2022,train,2022-08-13T19:00:00.000000000,2022-08-16T12:00:00.000000000,764.1583862304688,1478.199951171875
2871,bejis_2022,train,2022-08-13T20:00:00.000000000,2022-08-16T13:00:00.000000000,1183.191650390625,6374.10009765625
2872,bejis_2022,train,2022-08-13T21:00:00.000000000,2022-08-16T14:00:00.000000000,1128.375,6374.10009765625
2873,bejis_2022,train,2022-08-13T22:00:00.000000000,2022-08-16T17:00:00.000000000,1198.5166015625,6374.10009765625
2874,bejis_2022,train,2022-08-13T23:00:00.000000000,2022-08-16T18:00:00.000000000,1325.7332763671875,6374.10009765625
2875,bejis_2022,train,2022-08-14T00:00:00.000000000,2022-08-16T19:00:00.000000000,1764.0916748046875,6374.10009765625
2876,bejis_2022,train,2022-08-14T01:00:00.000000000,2022-08-16T20:00:00.000000000,3510.116455078125,21257.69921875
2877,bejis_2022,train,2022-08-14T02:00:00.000000000,2022-08-16T21:00:00.000000000,4329.75830078125,21257.69921875
2878,bejis_2022,train,2022-08-14T03:00:00.000000000,2022-08-16T22:00:00.000000000,4299.69140625,21257.69921875
2879,bejis_2022,train,2022-08-14T04:00:00.000000000,2022-08-16T23:00:00.000000000,4257.11669921875,21257.69921875
2880,bejis_2022,train,2022-08-14T05:00:00.000000000,2022-08-17T00:00:00.000000000,5059.05029296875,21257.69921875
2881,bejis_2022,train,2022-08-14T06:00:00.000000000,2022-08-17T01:00:00.000000000,6104.783203125,21257.69921875
2882,bejis_2022,train,2022-08-14T07:00:00.000000000,2022-08-17T02:00:00.000000000,7185.50830078125,21257.69921875
2883,bejis_2022,train,2022-08-14T08:00:00.000000000,2022-08-17T03:00:00.000000000,7564.41650390625,21257.69921875
2884,bejis_2022,train,2022-08-14T09:00:00.000000000,2022-08-17T04:00:00.000000000,8340.8916015625,21257.69921875
2885,bejis_2022,train,2022-08-14T10:00:00.000000000,2022-08-17T05:00:00.000000000,8851.0751953125,21257.69921875
2886,bejis_2022,train,2022-08-14T11:00:00.000000000,2022-08-17T06:00:00.000000000,8847.81640625,21257.69921875
2887,bejis_2022,train,2022-08-14T12:00:00.000000000,2022-08-17T07:00:00.000000000,8523.724609375,21257.69921875
2888,bejis_2022,train,2022-08-14T13:00:00.000000000,2022-08-17T08:00:00.000000000,7594.74072265625,13171.099609375
2889,bejis_2022,train,2022-08-14T14:00:00.000000000,2022-08-17T09:00:00.000000000,7878.20068359375,13583.599609375
2890,bejis_2022,train,2022-08-14T15:00:00.000000000,2022-08-17T10:00:00.000000000,8781.3330078125,13583.599609375
2891,bejis_2022,train,2022-08-14T16:00:00.000000000,2022-08-17T11:00:00.000000000,8769.75,13583.599609375
2892,bejis_2022,train,2022-08-14T17:00:00.000000000,2022-08-17T12:00:00.000000000,7856.79150390625,13583.599609375
2893,bejis_2022,train,2022-08-14T18:00:00.000000000,2022-08-17T13:00:00.000000000,6811.05859375,13583.599609375
2894,bejis_2022,train,2022-08-14T19:00:00.000000000,2022-08-17T14:00:00.000000000,5713.46630859375,13583.599609375
2895,bejis_2022,train,2022-08-14T20:00:00.000000000,2022-08-17T15:00:00.000000000,5187.30859375,13583.599609375
2896,bejis_2022,train,2022-08-14T21:00:00.000000000,2022-08-17T16:00:00.000000000,5560.5,13796.0
2897,bejis_2022,train,2022-08-14T22:00:00.000000000,2022-08-17T17:00:00.000000000,5810.88330078125,13796.0
2898,bejis_2022,train,2022-08-14T23:00:00.000000000,2022-08-17T18:00:00.000000000,6395.5,13796.0
2899,bejis_2022,train,2022-08-15T00:00:00.000000000,2022-08-17T19:00:00.000000000,6662.85009765625,13796.0
2900,bejis_2022,train,2022-08-15T01:00:00.000000000,2022-08-17T20:00:00.000000000,5820.35791015625,13796.0
2901,bejis_2022,train,2022-08-15T02:00:00.000000000,2022-08-17T21:00:00.000000000,4688.39208984375,13796.0
2902,bejis_2022,train,2022-08-15T03:00:00.000000000,2022-08-17T22:00:00.000000000,3725.883544921875,13796.0
2903,bejis_2022,train,2022-08-15T04:00:00.000000000,2022-08-17T23:00:00.000000000,3672.300048828125,13796.0
2904,bejis_2022,train,2022-08-15T06:00:00.000000000,2022-08-18T00:00:00.000000000,3683.691650390625,13796.0
2905,bejis_2022,train,2022-08-15T07:00:00.000000000,2022-08-18T01:00:00.000000000,3690.083251953125,13796.0
2906,bejis_2022,train,2022-08-15T09:00:00.000000000,2022-08-18T02:00:00.000000000,3690.083251953125,13796.0
2907,bejis_2022,train,2022-08-15T10:00:00.000000000,2022-08-18T03:00:00.000000000,3308.3916015625,13796.0
2908,bejis_2022,train,2022-08-15T12:00:00.000000000,2022-08-18T04:00:00.000000000,2158.724853515625,10682.400390625
2909,bejis_2022,train,2022-08-15T13:00:00.000000000,2022-08-18T05:00:00.000000000,1268.5250244140625,9981.099609375
2910,bejis_2022,train,2022-08-15T14:00:00.000000000,2022-08-18T06:00:00.000000000,436.7666320800781,5001.0
2911,bejis_2022,train,2022-08-15T15:00:00.000000000,2022-08-18T07:00:00.000000000,20.016666412353516,136.6999969482422
2912,bejis_2022,train,2022-08-15T16:00:00.000000000,2022-08-18T09:00:00.000000000,30.433334350585938,136.6999969482422
2913,bejis_2022,train,2022-08-15T18:00:00.000000000,2022-08-18T10:00:00.000000000,30.433334350585938,136.6999969482422
2914,bejis_2022,train,2022-08-15T19:00:00.000000000,2022-08-18T12:00:00.000000000,72.4000015258789,503.6000061035156
2915,bejis_2022,train,2022-08-15T20:00:00.000000000,2022-08-18T13:00:00.000000000,212.6333465576172,1682.800048828125
2916,bejis_2022,train,2022-08-15T21:00:00.000000000,2022-08-18T17:00:00.000000000,1082.5916748046875,10576.2001953125
2917,bejis_2022,train,2022-08-15T22:00:00.000000000,2022-08-18T18:00:00.000000000,1776.11669921875,10576.2001953125
2918,bejis_2022,train,2022-08-15T23:00:00.000000000,2022-08-18T19:00:00.000000000,2142.541748046875,10576.2001953125
2919,bejis_2022,train,2022-08-16T00:00:00.000000000,2022-08-18T20:00:00.000000000,2465.033447265625,10576.2001953125
2920,bejis_2022,train,2022-08-16T02:00:00.000000000,2022-08-18T21:00:00.000000000,2677.52490234375,10576.2001953125
2921,bejis_2022,train,2022-08-16T03:00:00.000000000,2022-08-18T22:00:00.000000000,2828.258056640625,10576.2001953125
2922,bejis_2022,train,2022-08-16T04:00:00.000000000,2022-08-18T23:00:00.000000000,2960.608154296875,10576.2001953125
2923,bejis_2022,train,2022-08-16T05:00:00.000000000,2022-08-19T00:00:00.000000000,3012.258544921875,10576.2001953125
2924,bejis_2022,train,2022-08-16T06:00:00.000000000,2022-08-19T01:00:00.000000000,3058.883056640625,10576.2001953125
2925,bejis_2022,train,2022-08-16T07:00:00.000000000,2022-08-19T02:00:00.000000000,3123.75,10576.2001953125
2926,bejis_2022,train,2022-08-16T09:00:00.000000000,2022-08-19T03:00:00.000000000,3319.883056640625,10576.2001953125
2927,bejis_2022,train,2022-08-16T10:00:00.000000000,2022-08-19T04:00:00.000000000,3401.016357421875,10576.2001953125
2928,bejis_2022,train,2022-08-16T11:00:00.000000000,2022-08-19T05:00:00.000000000,2705.449951171875,8399.0
2929,bejis_2022,train,2022-08-16T12:00:00.000000000,2022-08-19T06:00:00.000000000,2102.833251953125,4397.10009765625
2930,bejis_2022,train,2022-08-16T13:00:00.000000000,2022-08-19T07:00:00.000000000,1803.3583984375,3896.699951171875
2931,bejis_2022,train,2022-08-16T14:00:00.000000000,2022-08-19T08:00:00.000000000,1586.8499755859375,2857.199951171875
2932,bejis_2022,train,2022-08-16T17:00:00.000000000,2022-08-19T09:00:00.000000000,1534.625,2857.199951171875
2933,bejis_2022,train,2022-08-16T18:00:00.000000000,2022-08-19T10:00:00.000000000,1619.5665283203125,2857.199951171875
2934,bejis_2022,train,2022-08-16T19:00:00.000000000,2022-08-19T11:00:00.000000000,1786.1666259765625,3587.39990234375
2935,bejis_2022,train,2022-08-16T20:00:00.000000000,2022-08-19T12:00:00.000000000,2329.808349609375,7143.5
2936,bejis_2022,train,2022-08-16T21:00:00.000000000,2022-08-19T13:00:00.000000000,2851.016845703125,7143.5
2937,bejis_2022,train,2022-08-16T22:00:00.000000000,2022-08-19T14:00:00.000000000,3219.599609375,7143.5
2938,bejis_2022,train,2022-08-16T23:00:00.000000000,2022-08-19T15:00:00.000000000,3097.508544921875,7143.5
2939,bejis_2022,train,2022-08-17T00:00:00.000000000,2022-08-19T16:00:00.000000000,2947.658203125,7143.5
2940,bejis_2022,train,2022-08-17T01:00:00.000000000,2022-08-19T17:00:00.000000000,2765.300048828125,7143.5
2941,bejis_2022,train,2022-08-17T02:00:00.000000000,2022-08-19T18:00:00.000000000,2668.0,7143.5
2942,bejis_2022,train,2022-08-17T03:00:00.000000000,2022-08-19T19:00:00.000000000,2601.050048828125,7143.5
2943,bejis_2022,train,2022-08-17T04:00:00.000000000,2022-08-19T20:00:00.000000000,2492.833251953125,7143.5
2944,bejis_2022,train,2022-08-17T05:00:00.000000000,2022-08-19T21:00:00.000000000,2332.566650390625,7143.5
2945,bejis_2022,train,2022-08-17T06:00:00.000000000,2022-08-19T22:00:00.000000000,2096.891845703125,7143.5
2946,bejis_2022,train,2022-08-17T07:00:00.000000000,2022-08-19T23:00:00.000000000,1797.9417724609375,7143.5
2947,bejis_2022,train,2022-08-17T08:00:00.000000000,2022-08-20T00:00:00.000000000,1202.6500244140625,6939.0
2948,bejis_2022,train,2022-08-17T09:00:00.000000000,2022-08-20T01:00:00.000000000,624.3999633789062,5201.39990234375
2949,bejis_2022,train,2022-08-17T10:00:00.000000000,2022-08-20T02:00:00.000000000,190.95001220703125,1392.0999755859375
2950,bejis_2022,train,2022-08-17T11:00:00.000000000,2022-08-20T03:00:00.000000000,74.94166564941406,858.2000122070312
2951,bejis_2022,train,2022-08-17T12:00:00.000000000,2022-08-20T04:00:00.000000000,3.424999952316284,41.099998474121094
2952,bejis_2022,train,2022-08-17T13:00:00.000000000,2022-08-20T05:00:00.000000000,0.0,0.0
2953,bejis_2022,train,2022-08-17T14:00:00.000000000,2022-08-20T06:00:00.000000000,0.0,0.0
2954,bejis_2022,train,2022-08-17T15:00:00.000000000,2022-08-20T07:00:00.000000000,0.0,0.0
2955,bejis_2022,train,2022-08-17T16:00:00.000000000,2022-08-20T08:00:00.000000000,0.0,0.0
2956,bejis_2022,train,2022-08-17T17:00:00.000000000,2022-08-20T09:00:00.000000000,0.0,0.0
2957,bejis_2022,train,2022-08-17T18:00:00.000000000,2022-08-20T10:00:00.000000000,0.0,0.0
2958,bejis_2022,train,2022-08-17T19:00:00.000000000,2022-08-20T11:00:00.000000000,0.0,0.0
2959,bejis_2022,train,2022-08-17T20:00:00.000000000,2022-08-20T12:00:00.000000000,0.0,0.0
2960,bejis_2022,train,2022-08-17T21:00:00.000000000,2022-08-20T15:00:00.000000000,0.0,0.0
2961,bejis_2022,train,2022-08-17T22:00:00.000000000,2022-08-20T16:00:00.000000000,0.0,0.0
2962,bejis_2022,train,2022-08-17T23:00:00.000000000,2022-08-20T17:00:00.000000000,0.0,0.0
2963,bejis_2022,train,2022-08-18T00:00:00.000000000,2022-08-20T18:00:00.000000000,0.0,0.0
2964,bejis_2022,train,2022-08-18T01:00:00.000000000,2022-08-20T19:00:00.000000000,0.0,0.0
2965,bejis_2022,train,2022-08-18T02:00:00.000000000,2022-08-20T20:00:00.000000000,0.0,0.0
2966,bejis_2022,train,2022-08-18T03:00:00.000000000,2022-08-20T21:00:00.000000000,0.0,0.0
2967,bejis_2022,train,2022-08-18T04:00:00.000000000,2022-08-20T22:00:00.000000000,0.0,0.0
2968,bejis_2022,train,2022-08-18T05:00:00.000000000,2022-08-20T23:00:00.000000000,0.0,0.0
2969,bejis_2022,train,2022-08-18T06:00:00.000000000,2022-08-21T00:00:00.000000000,0.0,0.0
2970,bejis_2022,train,2022-08-18T07:00:00.000000000,2022-08-21T01:00:00.000000000,0.0,0.0
2971,bejis_2022,train,2022-08-18T09:00:00.000000000,2022-08-21T02:00:00.000000000,0.0,0.0
2972,bejis_2022,train,2022-08-18T10:00:00.000000000,2022-08-21T03:00:00.000000000,0.0,0.0
2973,bejis_2022,train,2022-08-18T12:00:00.000000000,2022-08-21T04:00:00.000000000,0.0,0.0
2974,bejis_2022,train,2022-08-18T13:00:00.000000000,2022-08-21T05:00:00.000000000,0.0,0.0
2975,bejis_2022,train,2022-08-18T17:00:00.000000000,2022-08-21T06:00:00.000000000,0.0,0.0
2976,bejis_2022,train,2022-08-18T18:00:00.000000000,2022-08-21T07:00:00.000000000,0.0,0.0
2977,bejis_2022,train,2022-08-18T19:00:00.000000000,2022-08-21T08:00:00.000000000,4.733333110809326,56.79999923706055
2978,bejis_2022,train,2022-08-18T20:00:00.000000000,2022-08-21T09:00:00.000000000,21.558332443237305,201.89999389648438
2979,bejis_2022,train,2022-08-18T21:00:00.000000000,2022-08-21T10:00:00.000000000,43.22499465942383,260.0
2980,bejis_2022,train,2022-08-18T22:00:00.000000000,2022-08-21T11:00:00.000000000,43.22499465942383,260.0
2981,bejis_2022,train,2022-08-18T23:00:00.000000000,2022-08-21T12:00:00.000000000,43.22499465942383,260.0
2982,bejis_2022,train,2022-08-19T00:00:00.000000000,2022-08-21T13:00:00.000000000,43.22499465942383,260.0
2983,bejis_2022,train,2022-08-19T01:00:00.000000000,2022-08-21T14:00:00.000000000,43.22500228881836,260.0
2984,bejis_2022,train,2022-08-19T02:00:00.000000000,2022-08-21T15:00:00.000000000,43.22499465942383,260.0
2985,bejis_2022,train,2022-08-19T03:00:00.000000000,2022-08-21T16:00:00.000000000,43.22500228881836,260.0
2986,bejis_2022,train,2022-08-19T04:00:00.000000000,2022-08-21T17:00:00.000000000,43.22499465942383,260.0
2987,bejis_2022,train,2022-08-19T05:00:00.000000000,2022-08-21T18:00:00.000000000,43.22500228881836,260.0
2988,bejis_2022,train,2022-08-19T06:00:00.000000000,2022-08-21T19:00:00.000000000,43.22499465942383,260.0
2989,bejis_2022,train,2022-08-19T07:00:00.000000000,2022-08-21T20:00:00.000000000,38.49166488647461,260.0
2990,bejis_2022,train,2022-08-19T08:00:00.000000000,2022-08-21T21:00:00.000000000,21.66666603088379,260.0
2991,bejis_2022,train,2022-08-19T09:00:00.000000000,2022-08-21T22:00:00.000000000,0.0,0.0
2992,bejis_2022,train,2022-08-19T10:00:00.000000000,2022-08-21T23:00:00.000000000,0.0,0.0
2993,flix_2019,train,2019-06-23T00:00:00.000000000,2019-06-25T11:00:00.000000000,0.0,0.0
2994,flix_2019,train,2019-06-23T01:00:00.000000000,2019-06-25T12:00:00.000000000,0.0,0.0
2995,flix_2019,train,2019-06-23T02:00:00.000000000,2019-06-25T13:00:00.000000000,0.0,0.0
2996,flix_2019,train,2019-06-23T03:00:00.000000000,2019-06-25T14:00:00.000000000,0.0,0.0
2997,flix_2019,train,2019-06-23T04:00:00.000000000,2019-06-25T15:00:00.000000000,0.0,0.0
2998,flix_2019,train,2019-06-23T05:00:00.000000000,2019-06-25T16:00:00.000000000,0.0,0.0
2999,flix_2019,train,2019-06-23T06:00:00.000000000,2019-06-25T17:00:00.000000000,0.0,0.0
3000,flix_2019,train,2019-06-23T07:00:00.000000000,2019-06-25T18:00:00.000000000,0.0,0.0
3001,flix_2019,train,2019-06-23T08:00:00.000000000,2019-06-25T19:00:00.000000000,0.0,0.0
3002,flix_2019,train,2019-06-23T09:00:00.000000000,2019-06-25T20:00:00.000000000,0.0,0.0
3003,flix_2019,train,2019-06-23T10:00:00.000000000,2019-06-25T21:00:00.000000000,0.0,0.0
3004,flix_2019,train,2019-06-23T11:00:00.000000000,2019-06-25T22:00:00.000000000,0.0,0.0
3005,flix_2019,train,2019-06-23T12:00:00.000000000,2019-06-25T23:00:00.000000000,0.0,0.0
3006,flix_2019,train,2019-06-23T13:00:00.000000000,2019-06-26T00:00:00.000000000,0.0,0.0
3007,flix_2019,train,2019-06-23T14:00:00.000000000,2019-06-26T01:00:00.000000000,0.0,0.0
3008,flix_2019,train,2019-06-23T15:00:00.000000000,2019-06-26T02:00:00.000000000,0.0,0.0
3009,flix_2019,train,2019-06-23T16:00:00.000000000,2019-06-26T03:00:00.000000000,0.0,0.0
3010,flix_2019,train,2019-06-23T17:00:00.000000000,2019-06-26T05:00:00.000000000,0.0,0.0
3011,flix_2019,train,2019-06-23T18:00:00.000000000,2019-06-26T06:00:00.000000000,0.0,0.0
3012,flix_2019,train,2019-06-23T19:00:00.000000000,2019-06-26T07:00:00.000000000,0.0,0.0
3013,flix_2019,train,2019-06-23T20:00:00.000000000,2019-06-26T08:00:00.000000000,0.0,0.0
3014,flix_2019,train,2019-06-23T21:00:00.000000000,2019-06-26T09:00:00.000000000,0.0,0.0
3015,flix_2019,train,2019-06-23T22:00:00.000000000,2019-06-26T10:00:00.000000000,0.0,0.0
3016,flix_2019,train,2019-06-23T23:00:00.000000000,2019-06-26T11:00:00.000000000,0.0,0.0
3017,flix_2019,train,2019-06-24T00:00:00.000000000,2019-06-26T12:00:00.000000000,44.27499771118164,531.2999877929688
3018,flix_2019,train,2019-06-24T01:00:00.000000000,2019-06-26T13:00:00.000000000,228.32501220703125,2208.60009765625
3019,flix_2019,train,2019-06-24T02:00:00.000000000,2019-06-26T14:00:00.000000000,856.925048828125,7543.2001953125
3020,flix_2019,train,2019-06-24T03:00:00.000000000,2019-06-26T15:00:00.000000000,1094.875,7543.2001953125
3021,flix_2019,train,2019-06-24T04:00:00.000000000,2019-06-26T16:00:00.000000000,1795.2666015625,8404.7001953125
3022,flix_2019,train,2019-06-24T05:00:00.000000000,2019-06-26T17:00:00.000000000,2421.208251953125,8404.7001953125
3023,flix_2019,train,2019-06-24T06:00:00.000000000,2019-06-26T18:00:00.000000000,2579.783447265625,8404.7001953125
3024,flix_2019,train,2019-06-24T07:00:00.000000000,2019-06-26T19:00:00.000000000,2732.0,8404.7001953125
3025,flix_2019,train,2019-06-24T08:00:00.000000000,2019-06-26T20:00:00.000000000,2757.650146484375,8404.7001953125
3026,flix_2019,train,2019-06-24T09:00:00.000000000,2019-06-26T21:00:00.000000000,2832.066650390625,8404.7001953125
3027,flix_2019,train,2019-06-24T10:00:00.000000000,2019-06-26T22:00:00.000000000,2893.516845703125,8404.7001953125
3028,flix_2019,train,2019-06-24T11:00:00.000000000,2019-06-26T23:00:00.000000000,2919.758056640625,8404.7001953125
3029,flix_2019,train,2019-06-24T12:00:00.000000000,2019-06-27T00:00:00.000000000,2875.483154296875,8404.7001953125
3030,flix_2019,train,2019-06-24T13:00:00.000000000,2019-06-27T01:00:00.000000000,2691.433349609375,8404.7001953125
3031,flix_2019,train,2019-06-24T14:00:00.000000000,2019-06-27T02:00:00.000000000,2062.83349609375,8404.7001953125
3032,flix_2019,train,2019-06-24T15:00:00.000000000,2019-06-27T03:00:00.000000000,1824.88330078125,8404.7001953125
3033,flix_2019,train,2019-06-24T16:00:00.000000000,2019-06-27T04:00:00.000000000,1124.4915771484375,7511.2998046875
3034,flix_2019,train,2019-06-24T17:00:00.000000000,2019-06-27T06:00:00.000000000,498.5499572753906,1902.9000244140625
3035,flix_2019,train,2019-06-24T18:00:00.000000000,2019-06-27T07:00:00.000000000,339.9749755859375,1826.5999755859375
3036,flix_2019,train,2019-06-24T19:00:00.000000000,2019-06-27T09:00:00.000000000,233.19166564941406,893.0
3037,flix_2019,train,2019-06-24T20:00:00.000000000,2019-06-27T10:00:00.000000000,589.058349609375,4578.2001953125
3038,flix_2019,train,2019-06-24T21:00:00.000000000,2019-06-27T11:00:00.000000000,1042.5833740234375,6335.2998046875
3039,flix_2019,train,2019-06-24T22:00:00.000000000,2019-06-27T12:00:00.000000000,1795.9000244140625,9777.2001953125
3040,flix_2019,train,2019-06-24T23:00:00.000000000,2019-06-27T13:00:00.000000000,2732.566650390625,11554.900390625
3041,flix_2019,train,2019-06-25T00:00:00.000000000,2019-06-27T14:00:00.000000000,3650.18359375,11554.900390625
3042,flix_2019,train,2019-06-25T01:00:00.000000000,2019-06-27T15:00:00.000000000,5339.05029296875,20266.400390625
3043,flix_2019,train,2019-06-25T02:00:00.000000000,2019-06-27T16:00:00.000000000,6179.94189453125,20266.400390625
3044,flix_2019,train,2019-06-25T03:00:00.000000000,2019-06-27T17:00:00.000000000,6381.55029296875,20266.400390625
3045,flix_2019,train,2019-06-25T04:00:00.000000000,2019-06-27T18:00:00.000000000,6391.67529296875,20266.400390625
3046,flix_2019,train,2019-06-25T05:00:00.000000000,2019-06-27T19:00:00.000000000,6391.67529296875,20266.400390625
3047,flix_2019,train,2019-06-25T06:00:00.000000000,2019-06-27T20:00:00.000000000,6391.67529296875,20266.400390625
3048,flix_2019,train,2019-06-25T07:00:00.000000000,2019-06-27T21:00:00.000000000,6346.2421875,20266.400390625
3049,flix_2019,train,2019-06-25T08:00:00.000000000,2019-06-27T22:00:00.000000000,5964.72509765625,20266.400390625
3050,flix_2019,train,2019-06-25T09:00:00.000000000,2019-06-27T23:00:00.000000000,5436.78369140625,20266.400390625
3051,flix_2019,train,2019-06-25T10:00:00.000000000,2019-06-28T00:00:00.000000000,4622.01708984375,20266.400390625
3052,flix_2019,train,2019-06-25T11:00:00.000000000,2019-06-28T01:00:00.000000000,3659.1083984375,20266.400390625
3053,flix_2019,train,2019-06-25T12:00:00.000000000,2019-06-28T02:00:00.000000000,2741.491943359375,20266.400390625
3054,flix_2019,train,2019-06-25T13:00:00.000000000,2019-06-28T03:00:00.000000000,1052.625,10090.7001953125
3055,flix_2019,train,2019-06-25T14:00:00.000000000,2019-06-28T04:00:00.000000000,211.73333740234375,2419.300048828125
3056,flix_2019,train,2019-06-25T15:00:00.000000000,2019-06-28T05:00:00.000000000,10.125,121.5
3057,flix_2019,train,2019-06-25T16:00:00.000000000,2019-06-28T06:00:00.000000000,0.0,0.0
3058,flix_2019,train,2019-06-25T17:00:00.000000000,2019-06-28T07:00:00.000000000,0.0,0.0
3059,flix_2019,train,2019-06-25T18:00:00.000000000,2019-06-28T08:00:00.000000000,0.0,0.0
3060,flix_2019,train,2019-06-25T19:00:00.000000000,2019-06-28T09:00:00.000000000,0.0,0.0
3061,flix_2019,train,2019-06-25T20:00:00.000000000,2019-06-28T10:00:00.000000000,0.0,0.0
3062,flix_2019,train,2019-06-25T21:00:00.000000000,2019-06-28T11:00:00.000000000,0.0,0.0
3063,flix_2019,train,2019-06-25T22:00:00.000000000,2019-06-28T12:00:00.000000000,0.0,0.0
3064,flix_2019,train,2019-06-25T23:00:00.000000000,2019-06-28T13:00:00.000000000,0.0,0.0
3065,flix_2019,train,2019-06-26T00:00:00.000000000,2019-06-28T14:00:00.000000000,0.0,0.0
3066,flix_2019,train,2019-06-26T01:00:00.000000000,2019-06-28T15:00:00.000000000,3.3916666507720947,40.70000076293945
3067,flix_2019,train,2019-06-26T02:00:00.000000000,2019-06-28T16:00:00.000000000,3.3916666507720947,40.70000076293945
3068,flix_2019,train,2019-06-26T03:00:00.000000000,2019-06-28T17:00:00.000000000,3.3916666507720947,40.70000076293945
3069,flix_2019,train,2019-06-26T05:00:00.000000000,2019-06-28T18:00:00.000000000,3.3916666507720947,40.70000076293945
3070,flix_2019,train,2019-06-26T06:00:00.000000000,2019-06-28T19:00:00.000000000,3.3916666507720947,40.70000076293945
3071,flix_2019,train,2019-06-26T07:00:00.000000000,2019-06-28T20:00:00.000000000,3.3916666507720947,40.70000076293945
3072,flix_2019,train,2019-06-26T08:00:00.000000000,2019-06-28T21:00:00.000000000,3.3916666507720947,40.70000076293945
3073,flix_2019,train,2019-06-26T09:00:00.000000000,2019-06-28T22:00:00.000000000,3.3916666507720947,40.70000076293945
3074,flix_2019,train,2019-06-26T10:00:00.000000000,2019-06-28T23:00:00.000000000,3.3916666507720947,40.70000076293945
3075,flix_2019,train,2019-06-26T11:00:00.000000000,2019-06-29T00:00:00.000000000,3.3916666507720947,40.70000076293945
3076,flix_2019,train,2019-06-26T12:00:00.000000000,2019-06-29T01:00:00.000000000,3.3916666507720947,40.70000076293945
3077,flix_2019,train,2019-06-26T13:00:00.000000000,2019-06-29T02:00:00.000000000,3.3916666507720947,40.70000076293945
3078,flix_2019,train,2019-06-26T14:00:00.000000000,2019-06-29T03:00:00.000000000,0.0,0.0
3079,flix_2019,train,2019-06-26T15:00:00.000000000,2019-06-29T04:00:00.000000000,0.0,0.0
3080,flix_2019,train,2019-06-26T16:00:00.000000000,2019-06-29T05:00:00.000000000,0.0,0.0
3081,flix_2019,train,2019-06-26T17:00:00.000000000,2019-06-29T06:00:00.000000000,0.0,0.0
3082,flix_2019,train,2019-06-26T18:00:00.000000000,2019-06-29T07:00:00.000000000,0.0,0.0
3083,flix_2019,train,2019-06-26T19:00:00.000000000,2019-06-29T08:00:00.000000000,0.0,0.0
3084,flix_2019,train,2019-06-26T20:00:00.000000000,2019-06-29T09:00:00.000000000,0.0,0.0
3085,flix_2019,train,2019-06-26T21:00:00.000000000,2019-06-29T10:00:00.000000000,0.0,0.0
3086,flix_2019,train,2019-06-26T22:00:00.000000000,2019-06-29T11:00:00.000000000,0.0,0.0
3087,flix_2019,train,2019-06-26T23:00:00.000000000,2019-06-29T12:00:00.000000000,0.0,0.0
3088,flix_2019,train,2019-06-27T00:00:00.000000000,2019-06-29T13:00:00.000000000,0.0,0.0
3089,flix_2019,train,2019-06-27T01:00:00.000000000,2019-06-29T14:00:00.000000000,0.0,0.0
3090,flix_2019,train,2019-06-27T02:00:00.000000000,2019-06-29T15:00:00.000000000,0.0,0.0
3091,flix_2019,train,2019-06-27T03:00:00.000000000,2019-06-29T16:00:00.000000000,0.0,0.0
3092,flix_2019,train,2019-06-27T04:00:00.000000000,2019-06-29T17:00:00.000000000,0.0,0.0
3093,flix_2019,train,2019-06-27T06:00:00.000000000,2019-06-29T18:00:00.000000000,0.0,0.0
3094,flix_2019,train,2019-06-27T07:00:00.000000000,2019-06-29T19:00:00.000000000,0.0,0.0
3095,flix_2019,train,2019-06-27T09:00:00.000000000,2019-06-29T20:00:00.000000000,0.0,0.0
3096,flix_2019,train,2019-06-27T10:00:00.000000000,2019-06-29T21:00:00.000000000,0.0,0.0
3097,flix_2019,train,2019-06-27T11:00:00.000000000,2019-06-29T22:00:00.000000000,0.0,0.0
3098,flix_2019,train,2019-06-27T12:00:00.000000000,2019-06-29T23:00:00.000000000,0.0,0.0
3099,flix_2019,train,2019-06-27T13:00:00.000000000,2019-06-30T00:00:00.000000000,0.0,0.0
3100,flix_2019,train,2019-06-27T14:00:00.000000000,2019-06-30T01:00:00.000000000,0.0,0.0
3101,flix_2019,train,2019-06-27T15:00:00.000000000,2019-06-30T02:00:00.000000000,0.0,0.0
3102,flix_2019,train,2019-06-27T16:00:00.000000000,2019-06-30T03:00:00.000000000,0.0,0.0
3103,flix_2019,train,2019-06-27T17:00:00.000000000,2019-06-30T04:00:00.000000000,0.0,0.0
3104,flix_2019,train,2019-06-27T18:00:00.000000000,2019-06-30T05:00:00.000000000,0.0,0.0
3105,flix_2019,train,2019-06-27T19:00:00.000000000,2019-06-30T06:00:00.000000000,0.0,0.0
3106,flix_2019,train,2019-06-27T20:00:00.000000000,2019-06-30T07:00:00.000000000,0.0,0.0
3107,flix_2019,train,2019-06-27T21:00:00.000000000,2019-06-30T08:00:00.000000000,0.0,0.0
3108,flix_2019,train,2019-06-27T22:00:00.000000000,2019-06-30T09:00:00.000000000,0.0,0.0
3109,flix_2019,train,2019-06-27T23:00:00.000000000,2019-06-30T10:00:00.000000000,0.0,0.0
3110,flix_2019,train,2019-06-28T00:00:00.000000000,2019-06-30T11:00:00.000000000,0.0,0.0
3111,flix_2019,train,2019-06-28T01:00:00.000000000,2019-06-30T12:00:00.000000000,0.0,0.0
3112,flix_2019,train,2019-06-28T02:00:00.000000000,2019-06-30T13:00:00.000000000,0.0,0.0
3113,flix_2019,train,2019-06-28T03:00:00.000000000,2019-06-30T14:00:00.000000000,0.0,0.0
3114,flix_2019,train,2019-06-28T04:00:00.000000000,2019-06-30T15:00:00.000000000,0.0,0.0
3115,flix_2019,train,2019-06-28T05:00:00.000000000,2019-06-30T16:00:00.000000000,0.0,0.0
3116,flix_2019,train,2019-06-28T06:00:00.000000000,2019-06-30T17:00:00.000000000,0.0,0.0
3117,flix_2019,train,2019-06-28T07:00:00.000000000,2019-06-30T18:00:00.000000000,0.0,0.0
3118,flix_2019,train,2019-06-28T08:00:00.000000000,2019-06-30T19:00:00.000000000,0.0,0.0
3119,flix_2019,train,2019-06-28T09:00:00.000000000,2019-06-30T20:00:00.000000000,0.0,0.0
3120,flix_2019,train,2019-06-28T10:00:00.000000000,2019-06-30T21:00:00.000000000,0.0,0.0
3121,flix_2019,train,2019-06-28T11:00:00.000000000,2019-06-30T22:00:00.000000000,0.0,0.0
3122,flix_2019,train,2019-06-28T12:00:00.000000000,2019-06-30T23:00:00.000000000,0.0,0.0
3123,flix_2019,train,2019-06-28T13:00:00.000000000,2019-07-01T00:00:00.000000000,0.0,0.0
3124,flix_2019,train,2019-06-28T14:00:00.000000000,2019-07-01T01:00:00.000000000,0.0,0.0
3125,flix_2019,train,2019-06-28T15:00:00.000000000,2019-07-01T02:00:00.000000000,0.0,0.0
3126,flix_2019,train,2019-06-28T16:00:00.000000000,2019-07-01T03:00:00.000000000,0.0,0.0
3127,flix_2019,train,2019-06-28T17:00:00.000000000,2019-07-01T04:00:00.000000000,0.0,0.0
3128,flix_2019,train,2019-06-28T18:00:00.000000000,2019-07-01T05:00:00.000000000,0.0,0.0
3129,flix_2019,train,2019-06-28T19:00:00.000000000,2019-07-01T06:00:00.000000000,0.0,0.0
3130,flix_2019,train,2019-06-28T20:00:00.000000000,2019-07-01T07:00:00.000000000,0.0,0.0
3131,flix_2019,train,2019-06-28T21:00:00.000000000,2019-07-01T08:00:00.000000000,0.0,0.0
3132,flix_2019,train,2019-06-28T22:00:00.000000000,2019-07-01T10:00:00.000000000,0.0,0.0
3133,flix_2019,train,2019-06-28T23:00:00.000000000,2019-07-01T11:00:00.000000000,0.0,0.0
3134,flix_2019,train,2019-06-29T00:00:00.000000000,2019-07-01T12:00:00.000000000,0.0,0.0
3135,flix_2019,train,2019-06-29T01:00:00.000000000,2019-07-01T13:00:00.000000000,0.0,0.0
3136,flix_2019,train,2019-06-29T02:00:00.000000000,2019-07-01T14:00:00.000000000,0.0,0.0
3137,flix_2019,train,2019-06-29T03:00:00.000000000,2019-07-01T15:00:00.000000000,0.0,0.0
3138,flix_2019,train,2019-06-29T04:00:00.000000000,2019-07-01T16:00:00.000000000,0.0,0.0
3139,flix_2019,train,2019-06-29T05:00:00.000000000,2019-07-01T17:00:00.000000000,0.0,0.0
3140,flix_2019,train,2019-06-29T06:00:00.000000000,2019-07-01T18:00:00.000000000,0.0,0.0
3141,flix_2019,train,2019-06-29T07:00:00.000000000,2019-07-01T19:00:00.000000000,0.0,0.0
3142,flix_2019,train,2019-06-29T08:00:00.000000000,2019-07-01T20:00:00.000000000,0.0,0.0
3143,flix_2019,train,2019-06-29T09:00:00.000000000,2019-07-01T21:00:00.000000000,0.0,0.0
3144,flix_2019,train,2019-06-29T10:00:00.000000000,2019-07-01T22:00:00.000000000,0.0,0.0
3145,flix_2019,train,2019-06-29T11:00:00.000000000,2019-07-01T23:00:00.000000000,0.0,0.0
3146,flix_2019,train,2019-06-29T12:00:00.000000000,2019-07-02T00:00:00.000000000,0.0,0.0
3147,flix_2019,train,2019-06-29T13:00:00.000000000,2019-07-02T03:00:00.000000000,0.0,0.0
3148,flix_2019,train,2019-06-29T14:00:00.000000000,2019-07-02T04:00:00.000000000,0.0,0.0
3149,flix_2019,train,2019-06-29T15:00:00.000000000,2019-07-02T05:00:00.000000000,0.0,0.0
3150,flix_2019,train,2019-06-29T16:00:00.000000000,2019-07-02T06:00:00.000000000,0.0,0.0
3151,flix_2019,train,2019-06-29T17:00:00.000000000,2019-07-02T07:00:00.000000000,0.0,0.0
3152,flix_2019,train,2019-06-29T18:00:00.000000000,2019-07-02T08:00:00.000000000,0.0,0.0
3153,flix_2019,train,2019-06-29T19:00:00.000000000,2019-07-02T09:00:00.000000000,0.0,0.0
3154,flix_2019,train,2019-06-29T20:00:00.000000000,2019-07-02T10:00:00.000000000,0.0,0.0
3155,flix_2019,train,2019-06-29T21:00:00.000000000,2019-07-02T11:00:00.000000000,0.0,0.0
3156,flix_2019,train,2019-06-29T22:00:00.000000000,2019-07-02T12:00:00.000000000,0.0,0.0
3157,flix_2019,train,2019-06-29T23:00:00.000000000,2019-07-02T14:00:00.000000000,0.0,0.0
3158,flix_2019,train,2019-06-30T00:00:00.000000000,2019-07-02T16:00:00.000000000,0.0,0.0
3159,flix_2019,train,2019-06-30T01:00:00.000000000,2019-07-02T17:00:00.000000000,0.0,0.0
3160,flix_2019,train,2019-06-30T02:00:00.000000000,2019-07-02T18:00:00.000000000,0.0,0.0
3161,flix_2019,train,2019-06-30T03:00:00.000000000,2019-07-02T19:00:00.000000000,0.0,0.0
3162,flix_2019,train,2019-06-30T04:00:00.000000000,2019-07-02T20:00:00.000000000,0.0,0.0
3163,flix_2019,train,2019-06-30T05:00:00.000000000,2019-07-02T21:00:00.000000000,0.0,0.0
3164,flix_2019,train,2019-06-30T06:00:00.000000000,2019-07-02T22:00:00.000000000,0.0,0.0
3165,flix_2019,train,2019-06-30T07:00:00.000000000,2019-07-02T23:00:00.000000000,0.0,0.0
3166,flix_2019,train,2019-06-30T08:00:00.000000000,2019-07-03T00:00:00.000000000,0.0,0.0
3167,flix_2019,train,2019-06-30T09:00:00.000000000,2019-07-03T01:00:00.000000000,0.0,0.0
3168,flix_2019,train,2019-06-30T10:00:00.000000000,2019-07-03T02:00:00.000000000,0.0,0.0
3169,flix_2019,train,2019-06-30T11:00:00.000000000,2019-07-03T03:00:00.000000000,0.0,0.0
3170,flix_2019,train,2019-06-30T12:00:00.000000000,2019-07-03T04:00:00.000000000,0.0,0.0
3171,flix_2019,train,2019-06-30T13:00:00.000000000,2019-07-03T05:00:00.000000000,0.0,0.0
3172,flix_2019,train,2019-06-30T14:00:00.000000000,2019-07-03T06:00:00.000000000,0.0,0.0
3173,flix_2019,train,2019-06-30T15:00:00.000000000,2019-07-03T07:00:00.000000000,0.0,0.0
3174,flix_2019,train,2019-06-30T16:00:00.000000000,2019-07-03T08:00:00.000000000,0.0,0.0
3175,flix_2019,train,2019-06-30T17:00:00.000000000,2019-07-03T09:00:00.000000000,0.0,0.0
3176,flix_2019,train,2019-06-30T18:00:00.000000000,2019-07-03T10:00:00.000000000,0.0,0.0
3177,flix_2019,train,2019-06-30T19:00:00.000000000,2019-07-03T11:00:00.000000000,0.0,0.0
3178,flix_2019,train,2019-06-30T20:00:00.000000000,2019-07-03T12:00:00.000000000,0.0,0.0
3179,flix_2019,train,2019-06-30T21:00:00.000000000,2019-07-03T13:00:00.000000000,0.0,0.0
3180,flix_2019,train,2019-06-30T22:00:00.000000000,2019-07-03T14:00:00.000000000,0.0,0.0
3181,flix_2019,train,2019-06-30T23:00:00.000000000,2019-07-03T15:00:00.000000000,0.0,0.0
3182,flix_2019,train,2019-07-01T00:00:00.000000000,2019-07-03T16:00:00.000000000,0.0,0.0
3183,flix_2019,train,2019-07-01T01:00:00.000000000,2019-07-03T17:00:00.000000000,0.0,0.0
3184,flix_2019,train,2019-07-01T02:00:00.000000000,2019-07-03T18:00:00.000000000,0.0,0.0
3185,flix_2019,train,2019-07-01T03:00:00.000000000,2019-07-03T19:00:00.000000000,0.0,0.0
3186,flix_2019,train,2019-07-01T04:00:00.000000000,2019-07-03T21:00:00.000000000,0.0,0.0
3187,flix_2019,train,2019-07-01T05:00:00.000000000,2019-07-03T23:00:00.000000000,0.0,0.0
3188,flix_2019,train,2019-07-01T06:00:00.000000000,2019-07-04T00:00:00.000000000,0.0,0.0
3189,flix_2019,train,2019-07-01T07:00:00.000000000,2019-07-04T01:00:00.000000000,0.0,0.0
3190,flix_2019,train,2019-07-01T08:00:00.000000000,2019-07-04T02:00:00.000000000,0.0,0.0
3191,flix_2019,train,2019-07-01T10:00:00.000000000,2019-07-04T03:00:00.000000000,0.0,0.0
3192,flix_2019,train,2019-07-01T11:00:00.000000000,2019-07-04T04:00:00.000000000,0.0,0.0
3193,flix_2019,train,2019-07-01T12:00:00.000000000,2019-07-04T05:00:00.000000000,0.0,0.0
3194,flix_2019,train,2019-07-01T13:00:00.000000000,2019-07-04T06:00:00.000000000,0.0,0.0
3195,flix_2019,train,2019-07-01T14:00:00.000000000,2019-07-04T07:00:00.000000000,0.0,0.0
3196,flix_2019,train,2019-07-01T15:00:00.000000000,2019-07-04T08:00:00.000000000,0.0,0.0
3197,flix_2019,train,2019-07-01T16:00:00.000000000,2019-07-04T09:00:00.000000000,0.0,0.0
3198,flix_2019,train,2019-07-01T17:00:00.000000000,2019-07-04T10:00:00.000000000,0.0,0.0
3199,flix_2019,train,2019-07-01T18:00:00.000000000,2019-07-04T11:00:00.000000000,0.0,0.0
3200,flix_2019,train,2019-07-01T19:00:00.000000000,2019-07-04T12:00:00.000000000,0.0,0.0
3201,flix_2019,train,2019-07-01T20:00:00.000000000,2019-07-04T13:00:00.000000000,0.0,0.0
3202,flix_2019,train,2019-07-01T21:00:00.000000000,2019-07-04T14:00:00.000000000,0.0,0.0
3203,flix_2019,train,2019-07-01T22:00:00.000000000,2019-07-04T15:00:00.000000000,0.0,0.0
3204,flix_2019,train,2019-07-01T23:00:00.000000000,2019-07-04T16:00:00.000000000,0.0,0.0
3205,flix_2019,train,2019-07-02T00:00:00.000000000,2019-07-04T17:00:00.000000000,0.0,0.0
3206,flix_2019,train,2019-07-02T03:00:00.000000000,2019-07-04T18:00:00.000000000,0.0,0.0
3207,flix_2019,train,2019-07-02T04:00:00.000000000,2019-07-04T19:00:00.000000000,0.0,0.0
3208,flix_2019,train,2019-07-02T05:00:00.000000000,2019-07-04T20:00:00.000000000,0.0,0.0
3209,flix_2019,train,2019-07-02T06:00:00.000000000,2019-07-04T21:00:00.000000000,0.0,0.0
3210,flix_2019,train,2019-07-02T07:00:00.000000000,2019-07-04T22:00:00.000000000,0.0,0.0
3211,flix_2019,train,2019-07-02T08:00:00.000000000,2019-07-04T23:00:00.000000000,0.0,0.0
3212,flix_2019,train,2019-07-02T09:00:00.000000000,2019-07-05T00:00:00.000000000,0.0,0.0
3213,flix_2019,train,2019-07-02T10:00:00.000000000,2019-07-05T01:00:00.000000000,0.0,0.0
3214,flix_2019,train,2019-07-02T11:00:00.000000000,2019-07-05T02:00:00.000000000,0.0,0.0
3215,flix_2019,train,2019-07-02T12:00:00.000000000,2019-07-05T03:00:00.000000000,0.0,0.0
3216,flix_2019,train,2019-07-02T14:00:00.000000000,2019-07-05T04:00:00.000000000,0.0,0.0
3217,flix_2019,train,2019-07-02T16:00:00.000000000,2019-07-05T05:00:00.000000000,0.0,0.0
3218,flix_2019,train,2019-07-02T17:00:00.000000000,2019-07-05T06:00:00.000000000,0.0,0.0
3219,flix_2019,train,2019-07-02T18:00:00.000000000,2019-07-05T07:00:00.000000000,0.0,0.0
3220,flix_2019,train,2019-07-02T19:00:00.000000000,2019-07-05T08:00:00.000000000,0.0,0.0
3221,flix_2019,train,2019-07-02T20:00:00.000000000,2019-07-05T09:00:00.000000000,0.0,0.0
3222,flix_2019,train,2019-07-02T21:00:00.000000000,2019-07-05T10:00:00.000000000,0.0,0.0
3223,flix_2019,train,2019-07-02T22:00:00.000000000,2019-07-05T11:00:00.000000000,0.0,0.0
3224,flix_2019,train,2019-07-02T23:00:00.000000000,2019-07-05T12:00:00.000000000,0.0,0.0
3225,flix_2019,train,2019-07-03T00:00:00.000000000,2019-07-05T13:00:00.000000000,0.0,0.0
3226,flix_2019,train,2019-07-03T01:00:00.000000000,2019-07-05T14:00:00.000000000,0.0,0.0
3227,flix_2019,train,2019-07-03T02:00:00.000000000,2019-07-05T15:00:00.000000000,0.0,0.0
3228,flix_2019,train,2019-07-03T03:00:00.000000000,2019-07-05T16:00:00.000000000,0.0,0.0
3229,flix_2019,train,2019-07-03T04:00:00.000000000,2019-07-05T17:00:00.000000000,0.0,0.0
3230,flix_2019,train,2019-07-03T05:00:00.000000000,2019-07-05T18:00:00.000000000,0.0,0.0
3231,flix_2019,train,2019-07-03T06:00:00.000000000,2019-07-05T19:00:00.000000000,0.0,0.0
3232,flix_2019,train,2019-07-03T07:00:00.000000000,2019-07-05T20:00:00.000000000,0.0,0.0
3233,flix_2019,train,2019-07-03T08:00:00.000000000,2019-07-05T21:00:00.000000000,0.0,0.0
3234,flix_2019,train,2019-07-03T09:00:00.000000000,2019-07-05T22:00:00.000000000,0.0,0.0
3235,flix_2019,train,2019-07-03T10:00:00.000000000,2019-07-05T23:00:00.000000000,0.0,0.0
3236,flix_2019,train,2019-07-03T11:00:00.000000000,2019-07-06T00:00:00.000000000,0.0,0.0
3237,flix_2019,train,2019-07-03T12:00:00.000000000,2019-07-06T01:00:00.000000000,0.0,0.0
3238,flix_2019,train,2019-07-03T13:00:00.000000000,2019-07-06T02:00:00.000000000,0.0,0.0
3239,flix_2019,train,2019-07-03T14:00:00.000000000,2019-07-06T03:00:00.000000000,0.0,0.0
3240,flix_2019,train,2019-07-03T15:00:00.000000000,2019-07-06T04:00:00.000000000,0.0,0.0
3241,flix_2019,train,2019-07-03T16:00:00.000000000,2019-07-06T05:00:00.000000000,0.0,0.0
3242,flix_2019,train,2019-07-03T17:00:00.000000000,2019-07-06T06:00:00.000000000,0.0,0.0
3243,flix_2019,train,2019-07-03T18:00:00.000000000,2019-07-06T07:00:00.000000000,0.0,0.0
3244,flix_2019,train,2019-07-03T19:00:00.000000000,2019-07-06T08:00:00.000000000,0.0,0.0
3245,flix_2019,train,2019-07-03T21:00:00.000000000,2019-07-06T09:00:00.000000000,0.0,0.0
3246,flix_2019,train,2019-07-03T23:00:00.000000000,2019-07-06T10:00:00.000000000,0.0,0.0
3247,flix_2019,train,2019-07-04T00:00:00.000000000,2019-07-06T11:00:00.000000000,0.0,0.0
3248,flix_2019,train,2019-07-04T01:00:00.000000000,2019-07-06T12:00:00.000000000,0.0,0.0
3249,flix_2019,train,2019-07-04T02:00:00.000000000,2019-07-06T13:00:00.000000000,0.0,0.0
3250,flix_2019,train,2019-07-04T03:00:00.000000000,2019-07-06T14:00:00.000000000,0.0,0.0
3251,flix_2019,train,2019-07-04T04:00:00.000000000,2019-07-06T15:00:00.000000000,0.0,0.0
3252,flix_2019,train,2019-07-04T05:00:00.000000000,2019-07-06T16:00:00.000000000,0.0,0.0
3253,flix_2019,train,2019-07-04T06:00:00.000000000,2019-07-06T17:00:00.000000000,0.0,0.0
3254,flix_2019,train,2019-07-04T07:00:00.000000000,2019-07-06T18:00:00.000000000,0.0,0.0
3255,flix_2019,train,2019-07-04T08:00:00.000000000,2019-07-06T19:00:00.000000000,0.0,0.0
3256,flix_2019,train,2019-07-04T09:00:00.000000000,2019-07-06T20:00:00.000000000,0.0,0.0
3257,flix_2019,train,2019-07-04T10:00:00.000000000,2019-07-06T21:00:00.000000000,0.0,0.0
3258,flix_2019,train,2019-07-04T11:00:00.000000000,2019-07-06T22:00:00.000000000,0.0,0.0
3259,flix_2019,train,2019-07-04T12:00:00.000000000,2019-07-06T23:00:00.000000000,0.0,0.0
3260,hellin_2021,train,2021-07-23T00:00:00.000000000,2021-07-25T11:00:00.000000000,291.5,729.0
3261,hellin_2021,train,2021-07-23T01:00:00.000000000,2021-07-25T12:00:00.000000000,251.1083221435547,729.0
3262,hellin_2021,train,2021-07-23T02:00:00.000000000,2021-07-25T13:00:00.000000000,215.4083251953125,729.0
3263,hellin_2021,train,2021-07-23T03:00:00.000000000,2021-07-25T14:00:00.000000000,186.80833435058594,729.0
3264,hellin_2021,train,2021-07-23T04:00:00.000000000,2021-07-25T15:00:00.000000000,143.43333435058594,729.0
3265,hellin_2021,train,2021-07-23T05:00:00.000000000,2021-07-25T16:00:00.000000000,90.2249984741211,729.0
3266,hellin_2021,train,2021-07-23T06:00:00.000000000,2021-07-25T17:00:00.000000000,29.475000381469727,353.70001220703125
3267,hellin_2021,train,2021-07-23T07:00:00.000000000,2021-07-25T18:00:00.000000000,0.0,0.0
3268,hellin_2021,train,2021-07-23T08:00:00.000000000,2021-07-25T19:00:00.000000000,0.0,0.0
3269,hellin_2021,train,2021-07-23T09:00:00.000000000,2021-07-25T20:00:00.000000000,0.0,0.0
3270,hellin_2021,train,2021-07-23T10:00:00.000000000,2021-07-25T21:00:00.000000000,0.0,0.0
3271,hellin_2021,train,2021-07-23T11:00:00.000000000,2021-07-25T22:00:00.000000000,0.0,0.0
3272,hellin_2021,train,2021-07-23T12:00:00.000000000,2021-07-25T23:00:00.000000000,0.0,0.0
3273,hellin_2021,train,2021-07-23T13:00:00.000000000,2021-07-26T00:00:00.000000000,0.0,0.0
3274,hellin_2021,train,2021-07-23T14:00:00.000000000,2021-07-26T01:00:00.000000000,0.0,0.0
3275,hellin_2021,train,2021-07-23T15:00:00.000000000,2021-07-26T02:00:00.000000000,0.0,0.0
3276,hellin_2021,train,2021-07-23T16:00:00.000000000,2021-07-26T03:00:00.000000000,0.0,0.0
3277,hellin_2021,train,2021-07-23T17:00:00.000000000,2021-07-26T04:00:00.000000000,0.0,0.0
3278,hellin_2021,train,2021-07-23T18:00:00.000000000,2021-07-26T05:00:00.000000000,0.0,0.0
3279,hellin_2021,train,2021-07-23T19:00:00.000000000,2021-07-26T06:00:00.000000000,0.0,0.0
3280,hellin_2021,train,2021-07-23T20:00:00.000000000,2021-07-26T07:00:00.000000000,0.0,0.0
3281,hellin_2021,train,2021-07-23T21:00:00.000000000,2021-07-26T08:00:00.000000000,0.0,0.0
3282,hellin_2021,train,2021-07-23T22:00:00.000000000,2021-07-26T09:00:00.000000000,0.0,0.0
3283,hellin_2021,train,2021-07-23T23:00:00.000000000,2021-07-26T10:00:00.000000000,0.0,0.0
3284,hellin_2021,train,2021-07-24T00:00:00.000000000,2021-07-26T11:00:00.000000000,0.0,0.0
3285,hellin_2021,train,2021-07-24T01:00:00.000000000,2021-07-26T12:00:00.000000000,0.0,0.0
3286,hellin_2021,train,2021-07-24T02:00:00.000000000,2021-07-26T13:00:00.000000000,0.0,0.0
3287,hellin_2021,train,2021-07-24T03:00:00.000000000,2021-07-26T14:00:00.000000000,0.0,0.0
3288,hellin_2021,train,2021-07-24T04:00:00.000000000,2021-07-26T15:00:00.000000000,0.0,0.0
3289,hellin_2021,train,2021-07-24T05:00:00.000000000,2021-07-26T16:00:00.000000000,0.0,0.0
3290,hellin_2021,train,2021-07-24T06:00:00.000000000,2021-07-26T17:00:00.000000000,0.0,0.0
3291,hellin_2021,train,2021-07-24T07:00:00.000000000,2021-07-26T18:00:00.000000000,0.0,0.0
3292,hellin_2021,train,2021-07-24T08:00:00.000000000,2021-07-26T19:00:00.000000000,0.0,0.0
3293,hellin_2021,train,2021-07-24T09:00:00.000000000,2021-07-26T20:00:00.000000000,0.0,0.0
3294,hellin_2021,train,2021-07-24T10:00:00.000000000,2021-07-26T21:00:00.000000000,0.0,0.0
3295,hellin_2021,train,2021-07-24T11:00:00.000000000,2021-07-26T22:00:00.000000000,0.0,0.0
3296,hellin_2021,train,2021-07-24T12:00:00.000000000,2021-07-26T23:00:00.000000000,0.0,0.0
3297,hellin_2021,train,2021-07-24T13:00:00.000000000,2021-07-27T00:00:00.000000000,0.0,0.0
3298,hellin_2021,train,2021-07-24T14:00:00.000000000,2021-07-27T01:00:00.000000000,0.0,0.0
3299,hellin_2021,train,2021-07-24T15:00:00.000000000,2021-07-27T02:00:00.000000000,0.0,0.0
3300,hellin_2021,train,2021-07-24T16:00:00.000000000,2021-07-27T03:00:00.000000000,0.0,0.0
3301,hellin_2021,train,2021-07-24T17:00:00.000000000,2021-07-27T04:00:00.000000000,0.0,0.0
3302,hellin_2021,train,2021-07-24T18:00:00.000000000,2021-07-27T05:00:00.000000000,0.0,0.0
3303,hellin_2021,train,2021-07-24T19:00:00.000000000,2021-07-27T06:00:00.000000000,0.0,0.0
3304,hellin_2021,train,2021-07-24T20:00:00.000000000,2021-07-27T07:00:00.000000000,0.0,0.0
3305,hellin_2021,train,2021-07-24T21:00:00.000000000,2021-07-27T08:00:00.000000000,0.0,0.0
3306,hellin_2021,train,2021-07-24T22:00:00.000000000,2021-07-27T09:00:00.000000000,0.0,0.0
3307,hellin_2021,train,2021-07-24T23:00:00.000000000,2021-07-27T10:00:00.000000000,0.0,0.0
3308,hellin_2021,train,2021-07-25T00:00:00.000000000,2021-07-27T11:00:00.000000000,0.0,0.0
3309,hellin_2021,train,2021-07-25T01:00:00.000000000,2021-07-27T12:00:00.000000000,0.0,0.0
3310,hellin_2021,train,2021-07-25T02:00:00.000000000,2021-07-27T13:00:00.000000000,0.0,0.0
3311,hellin_2021,train,2021-07-25T03:00:00.000000000,2021-07-27T14:00:00.000000000,0.0,0.0
3312,hellin_2021,train,2021-07-25T04:00:00.000000000,2021-07-27T15:00:00.000000000,0.0,0.0
3313,hellin_2021,train,2021-07-25T05:00:00.000000000,2021-07-27T16:00:00.000000000,0.0,0.0
3314,hellin_2021,train,2021-07-25T06:00:00.000000000,2021-07-27T17:00:00.000000000,0.0,0.0
3315,hellin_2021,train,2021-07-25T07:00:00.000000000,2021-07-27T18:00:00.000000000,0.0,0.0
3316,hellin_2021,train,2021-07-25T08:00:00.000000000,2021-07-27T19:00:00.000000000,0.0,0.0
3317,hellin_2021,train,2021-07-25T09:00:00.000000000,2021-07-27T20:00:00.000000000,0.0,0.0
3318,hellin_2021,train,2021-07-25T10:00:00.000000000,2021-07-27T21:00:00.000000000,0.0,0.0
3319,hellin_2021,train,2021-07-25T11:00:00.000000000,2021-07-27T22:00:00.000000000,0.0,0.0
3320,hellin_2021,train,2021-07-25T12:00:00.000000000,2021-07-27T23:00:00.000000000,0.0,0.0
3321,hellin_2021,train,2021-07-25T13:00:00.000000000,2021-07-28T00:00:00.000000000,0.0,0.0
3322,hellin_2021,train,2021-07-25T14:00:00.000000000,2021-07-28T01:00:00.000000000,0.0,0.0
3323,hellin_2021,train,2021-07-25T15:00:00.000000000,2021-07-28T02:00:00.000000000,0.0,0.0
3324,hellin_2021,train,2021-07-25T16:00:00.000000000,2021-07-28T03:00:00.000000000,0.0,0.0
3325,hellin_2021,train,2021-07-25T17:00:00.000000000,2021-07-28T04:00:00.000000000,0.0,0.0
3326,hellin_2021,train,2021-07-25T18:00:00.000000000,2021-07-28T05:00:00.000000000,0.0,0.0
3327,hellin_2021,train,2021-07-25T19:00:00.000000000,2021-07-28T06:00:00.000000000,0.0,0.0
3328,hellin_2021,train,2021-07-25T20:00:00.000000000,2021-07-28T07:00:00.000000000,0.0,0.0
3329,hellin_2021,train,2021-07-25T21:00:00.000000000,2021-07-28T08:00:00.000000000,0.0,0.0
3330,hellin_2021,train,2021-07-25T22:00:00.000000000,2021-07-28T09:00:00.000000000,0.0,0.0
3331,hellin_2021,train,2021-07-25T23:00:00.000000000,2021-07-28T10:00:00.000000000,0.0,0.0
3332,hellin_2021,train,2021-07-26T00:00:00.000000000,2021-07-28T11:00:00.000000000,0.0,0.0
3333,hellin_2021,train,2021-07-26T01:00:00.000000000,2021-07-28T12:00:00.000000000,0.0,0.0
3334,hellin_2021,train,2021-07-26T02:00:00.000000000,2021-07-28T13:00:00.000000000,0.0,0.0
3335,hellin_2021,train,2021-07-26T03:00:00.000000000,2021-07-28T14:00:00.000000000,0.0,0.0
3336,hellin_2021,train,2021-07-26T04:00:00.000000000,2021-07-28T15:00:00.000000000,0.0,0.0
3337,hellin_2021,train,2021-07-26T05:00:00.000000000,2021-07-28T16:00:00.000000000,0.0,0.0
3338,hellin_2021,train,2021-07-26T06:00:00.000000000,2021-07-28T17:00:00.000000000,0.0,0.0
3339,hellin_2021,train,2021-07-26T07:00:00.000000000,2021-07-28T18:00:00.000000000,0.0,0.0
3340,hellin_2021,train,2021-07-26T08:00:00.000000000,2021-07-28T19:00:00.000000000,0.0,0.0
3341,hellin_2021,train,2021-07-26T09:00:00.000000000,2021-07-28T20:00:00.000000000,0.0,0.0
3342,hellin_2021,train,2021-07-26T10:00:00.000000000,2021-07-28T21:00:00.000000000,0.0,0.0
3343,hellin_2021,train,2021-07-26T11:00:00.000000000,2021-07-28T22:00:00.000000000,0.0,0.0
3344,hellin_2021,train,2021-07-26T12:00:00.000000000,2021-07-28T23:00:00.000000000,0.0,0.0
3345,hellin_2021,train,2021-07-26T13:00:00.000000000,2021-07-29T00:00:00.000000000,0.0,0.0
3346,hellin_2021,train,2021-07-26T14:00:00.000000000,2021-07-29T01:00:00.000000000,0.0,0.0
3347,hellin_2021,train,2021-07-26T15:00:00.000000000,2021-07-29T02:00:00.000000000,0.0,0.0
3348,hellin_2021,train,2021-07-26T16:00:00.000000000,2021-07-29T03:00:00.000000000,0.0,0.0
3349,hellin_2021,train,2021-07-26T17:00:00.000000000,2021-07-29T04:00:00.000000000,0.0,0.0
3350,hellin_2021,train,2021-07-26T18:00:00.000000000,2021-07-29T05:00:00.000000000,0.0,0.0
3351,hellin_2021,train,2021-07-26T19:00:00.000000000,2021-07-29T07:00:00.000000000,0.0,0.0
3352,hellin_2021,train,2021-07-26T20:00:00.000000000,2021-07-29T08:00:00.000000000,0.0,0.0
3353,hellin_2021,train,2021-07-26T21:00:00.000000000,2021-07-29T09:00:00.000000000,0.0,0.0
3354,hellin_2021,train,2021-07-26T22:00:00.000000000,2021-07-29T10:00:00.000000000,0.0,0.0
3355,hellin_2021,train,2021-07-26T23:00:00.000000000,2021-07-29T11:00:00.000000000,0.0,0.0
3356,hellin_2021,train,2021-07-27T00:00:00.000000000,2021-07-29T12:00:00.000000000,0.0,0.0
3357,hellin_2021,train,2021-07-27T01:00:00.000000000,2021-07-29T13:00:00.000000000,0.0,0.0
3358,hellin_2021,train,2021-07-27T02:00:00.000000000,2021-07-29T14:00:00.000000000,0.0,0.0
3359,hellin_2021,train,2021-07-27T03:00:00.000000000,2021-07-29T15:00:00.000000000,0.0,0.0
3360,hellin_2021,train,2021-07-27T04:00:00.000000000,2021-07-29T16:00:00.000000000,0.0,0.0
3361,hellin_2021,train,2021-07-27T05:00:00.000000000,2021-07-29T19:00:00.000000000,0.0,0.0
3362,hellin_2021,train,2021-07-27T06:00:00.000000000,2021-07-29T20:00:00.000000000,0.0,0.0
3363,hellin_2021,train,2021-07-27T07:00:00.000000000,2021-07-29T21:00:00.000000000,0.0,0.0
3364,hellin_2021,train,2021-07-27T08:00:00.000000000,2021-07-29T22:00:00.000000000,0.0,0.0
3365,hellin_2021,train,2021-07-27T09:00:00.000000000,2021-07-29T23:00:00.000000000,0.0,0.0
3366,hellin_2021,train,2021-07-27T10:00:00.000000000,2021-07-30T00:00:00.000000000,0.0,0.0
3367,hellin_2021,train,2021-07-27T11:00:00.000000000,2021-07-30T01:00:00.000000000,0.0,0.0
3368,hellin_2021,train,2021-07-27T12:00:00.000000000,2021-07-30T02:00:00.000000000,0.0,0.0
3369,hellin_2021,train,2021-07-27T13:00:00.000000000,2021-07-30T03:00:00.000000000,0.0,0.0
3370,hellin_2021,train,2021-07-27T14:00:00.000000000,2021-07-30T04:00:00.000000000,0.0,0.0
3371,hellin_2021,train,2021-07-27T15:00:00.000000000,2021-07-30T05:00:00.000000000,0.0,0.0
3372,hellin_2021,train,2021-07-27T16:00:00.000000000,2021-07-30T06:00:00.000000000,0.0,0.0
3373,hellin_2021,train,2021-07-27T17:00:00.000000000,2021-07-30T07:00:00.000000000,0.0,0.0
3374,hellin_2021,train,2021-07-27T18:00:00.000000000,2021-07-30T08:00:00.000000000,0.0,0.0
3375,hellin_2021,train,2021-07-27T19:00:00.000000000,2021-07-30T09:00:00.000000000,0.0,0.0
3376,hellin_2021,train,2021-07-27T20:00:00.000000000,2021-07-30T10:00:00.000000000,0.0,0.0
3377,hellin_2021,train,2021-07-27T21:00:00.000000000,2021-07-30T11:00:00.000000000,0.0,0.0
3378,hellin_2021,train,2021-07-27T22:00:00.000000000,2021-07-30T12:00:00.000000000,0.0,0.0
3379,hellin_2021,train,2021-07-27T23:00:00.000000000,2021-07-30T13:00:00.000000000,0.0,0.0
3380,hellin_2021,train,2021-07-28T00:00:00.000000000,2021-07-30T16:00:00.000000000,0.0,0.0
3381,hellin_2021,train,2021-07-28T01:00:00.000000000,2021-07-30T18:00:00.000000000,0.0,0.0
3382,hellin_2021,train,2021-07-28T02:00:00.000000000,2021-07-30T20:00:00.000000000,0.0,0.0
3383,hellin_2021,train,2021-07-28T03:00:00.000000000,2021-07-30T22:00:00.000000000,0.0,0.0
3384,hellin_2021,train,2021-07-28T04:00:00.000000000,2021-07-31T00:00:00.000000000,0.0,0.0
3385,hellin_2021,train,2021-07-28T05:00:00.000000000,2021-07-31T02:00:00.000000000,0.0,0.0
3386,hellin_2021,train,2021-07-28T06:00:00.000000000,2021-07-31T03:00:00.000000000,0.0,0.0
3387,hellin_2021,train,2021-07-28T07:00:00.000000000,2021-07-31T04:00:00.000000000,0.0,0.0
3388,hellin_2021,train,2021-07-28T08:00:00.000000000,2021-07-31T08:00:00.000000000,0.0,0.0
3389,hellin_2021,train,2021-07-28T09:00:00.000000000,2021-07-31T09:00:00.000000000,0.0,0.0
3390,hellin_2021,train,2021-07-28T10:00:00.000000000,2021-07-31T10:00:00.000000000,0.0,0.0
3391,hellin_2021,train,2021-07-28T11:00:00.000000000,2021-07-31T11:00:00.000000000,0.0,0.0
3392,hellin_2021,train,2021-07-28T12:00:00.000000000,2021-07-31T12:00:00.000000000,0.0,0.0
3393,hellin_2021,train,2021-07-28T13:00:00.000000000,2021-07-31T13:00:00.000000000,0.0,0.0
3394,hellin_2021,train,2021-07-28T14:00:00.000000000,2021-07-31T14:00:00.000000000,0.0,0.0
3395,hellin_2021,train,2021-07-28T15:00:00.000000000,2021-07-31T15:00:00.000000000,0.0,0.0
3396,hellin_2021,train,2021-07-28T16:00:00.000000000,2021-07-31T16:00:00.000000000,0.0,0.0
3397,hellin_2021,train,2021-07-28T17:00:00.000000000,2021-07-31T17:00:00.000000000,0.0,0.0
3398,hellin_2021,train,2021-07-28T18:00:00.000000000,2021-07-31T18:00:00.000000000,0.0,0.0
3399,hellin_2021,train,2021-07-28T19:00:00.000000000,2021-07-31T19:00:00.000000000,0.0,0.0
3400,hellin_2021,train,2021-07-28T20:00:00.000000000,2021-07-31T20:00:00.000000000,0.0,0.0
3401,hellin_2021,train,2021-07-28T21:00:00.000000000,2021-07-31T21:00:00.000000000,0.0,0.0
3402,hellin_2021,train,2021-07-28T22:00:00.000000000,2021-07-31T22:00:00.000000000,0.0,0.0
3403,hellin_2021,train,2021-07-28T23:00:00.000000000,2021-07-31T23:00:00.000000000,0.0,0.0
3404,hellin_2021,train,2021-07-29T00:00:00.000000000,2021-08-01T00:00:00.000000000,0.0,0.0
3405,hellin_2021,train,2021-07-29T01:00:00.000000000,2021-08-01T01:00:00.000000000,0.0,0.0
3406,hellin_2021,train,2021-07-29T02:00:00.000000000,2021-08-01T02:00:00.000000000,0.0,0.0
3407,hellin_2021,train,2021-07-29T03:00:00.000000000,2021-08-01T03:00:00.000000000,0.0,0.0
3408,hellin_2021,train,2021-07-29T04:00:00.000000000,2021-08-01T04:00:00.000000000,0.0,0.0
3409,hellin_2021,train,2021-07-29T05:00:00.000000000,2021-08-01T05:00:00.000000000,0.0,0.0
3410,hellin_2021,train,2021-07-29T07:00:00.000000000,2021-08-01T06:00:00.000000000,0.0,0.0
3411,hellin_2021,train,2021-07-29T08:00:00.000000000,2021-08-01T07:00:00.000000000,0.0,0.0
3412,hellin_2021,train,2021-07-29T09:00:00.000000000,2021-08-01T08:00:00.000000000,0.0,0.0
3413,hellin_2021,train,2021-07-29T10:00:00.000000000,2021-08-01T09:00:00.000000000,0.0,0.0
3414,hellin_2021,train,2021-07-29T11:00:00.000000000,2021-08-01T10:00:00.000000000,0.0,0.0
3415,hellin_2021,train,2021-07-29T12:00:00.000000000,2021-08-01T11:00:00.000000000,0.0,0.0
3416,hellin_2021,train,2021-07-29T13:00:00.000000000,2021-08-01T12:00:00.000000000,0.0,0.0
3417,hellin_2021,train,2021-07-29T14:00:00.000000000,2021-08-01T13:00:00.000000000,0.0,0.0
3418,hellin_2021,train,2021-07-29T15:00:00.000000000,2021-08-01T14:00:00.000000000,0.0,0.0
3419,hellin_2021,train,2021-07-29T16:00:00.000000000,2021-08-01T15:00:00.000000000,0.0,0.0
3420,hellin_2021,train,2021-07-29T19:00:00.000000000,2021-08-01T16:00:00.000000000,0.0,0.0
3421,hellin_2021,train,2021-07-29T20:00:00.000000000,2021-08-01T17:00:00.000000000,0.0,0.0
3422,hellin_2021,train,2021-07-29T21:00:00.000000000,2021-08-01T18:00:00.000000000,0.0,0.0
3423,hellin_2021,train,2021-07-29T22:00:00.000000000,2021-08-01T19:00:00.000000000,0.0,0.0
3424,hellin_2021,train,2021-07-29T23:00:00.000000000,2021-08-01T20:00:00.000000000,0.0,0.0
3425,hellin_2021,train,2021-07-30T00:00:00.000000000,2021-08-01T21:00:00.000000000,0.0,0.0
3426,hellin_2021,train,2021-07-30T01:00:00.000000000,2021-08-01T22:00:00.000000000,0.0,0.0
3427,hellin_2021,train,2021-07-30T02:00:00.000000000,2021-08-01T23:00:00.000000000,0.0,0.0
3428,hellin_2021,train,2021-07-30T03:00:00.000000000,2021-08-02T00:00:00.000000000,0.0,0.0
3429,hellin_2021,train,2021-07-30T04:00:00.000000000,2021-08-02T01:00:00.000000000,0.0,0.0
3430,hellin_2021,train,2021-07-30T05:00:00.000000000,2021-08-02T02:00:00.000000000,0.0,0.0
3431,hellin_2021,train,2021-07-30T06:00:00.000000000,2021-08-02T03:00:00.000000000,0.0,0.0
3432,hellin_2021,train,2021-07-30T07:00:00.000000000,2021-08-02T04:00:00.000000000,0.0,0.0
3433,hellin_2021,train,2021-07-30T08:00:00.000000000,2021-08-02T05:00:00.000000000,0.0,0.0
3434,hellin_2021,train,2021-07-30T09:00:00.000000000,2021-08-02T06:00:00.000000000,0.0,0.0
3435,hellin_2021,train,2021-07-30T10:00:00.000000000,2021-08-02T07:00:00.000000000,0.0,0.0
3436,hellin_2021,train,2021-07-30T11:00:00.000000000,2021-08-02T08:00:00.000000000,0.0,0.0
3437,hellin_2021,train,2021-07-30T12:00:00.000000000,2021-08-02T09:00:00.000000000,0.0,0.0
3438,hellin_2021,train,2021-07-30T13:00:00.000000000,2021-08-02T10:00:00.000000000,0.0,0.0
3439,hellin_2021,train,2021-07-30T16:00:00.000000000,2021-08-02T11:00:00.000000000,0.0,0.0
3440,hellin_2021,train,2021-07-30T18:00:00.000000000,2021-08-02T12:00:00.000000000,0.0,0.0
3441,hellin_2021,train,2021-07-30T20:00:00.000000000,2021-08-02T13:00:00.000000000,0.0,0.0
3442,hellin_2021,train,2021-07-30T22:00:00.000000000,2021-08-02T14:00:00.000000000,0.0,0.0
3443,hellin_2021,train,2021-07-31T00:00:00.000000000,2021-08-02T15:00:00.000000000,0.0,0.0
3444,hellin_2021,train,2021-07-31T02:00:00.000000000,2021-08-02T16:00:00.000000000,0.0,0.0
3445,hellin_2021,train,2021-07-31T03:00:00.000000000,2021-08-02T17:00:00.000000000,0.0,0.0
3446,hellin_2021,train,2021-07-31T04:00:00.000000000,2021-08-02T18:00:00.000000000,0.0,0.0
3447,hellin_2021,train,2021-07-31T08:00:00.000000000,2021-08-02T19:00:00.000000000,0.0,0.0
3448,hellin_2021,train,2021-07-31T09:00:00.000000000,2021-08-02T21:00:00.000000000,0.0,0.0
3449,hellin_2021,train,2021-07-31T10:00:00.000000000,2021-08-02T22:00:00.000000000,0.0,0.0
3450,hellin_2021,train,2021-07-31T11:00:00.000000000,2021-08-02T23:00:00.000000000,0.0,0.0
3451,hellin_2021,train,2021-07-31T12:00:00.000000000,2021-08-03T00:00:00.000000000,0.0,0.0
3452,hellin_2021,train,2021-07-31T13:00:00.000000000,2021-08-03T01:00:00.000000000,0.0,0.0
3453,hellin_2021,train,2021-07-31T14:00:00.000000000,2021-08-03T02:00:00.000000000,0.0,0.0
3454,hellin_2021,train,2021-07-31T15:00:00.000000000,2021-08-03T03:00:00.000000000,0.0,0.0
3455,hellin_2021,train,2021-07-31T16:00:00.000000000,2021-08-03T04:00:00.000000000,0.0,0.0
3456,hellin_2021,train,2021-07-31T17:00:00.000000000,2021-08-03T05:00:00.000000000,0.0,0.0
3457,hellin_2021,train,2021-07-31T18:00:00.000000000,2021-08-03T06:00:00.000000000,0.0,0.0
3458,hellin_2021,train,2021-07-31T19:00:00.000000000,2021-08-03T07:00:00.000000000,0.0,0.0
3459,hellin_2021,train,2021-07-31T20:00:00.000000000,2021-08-03T08:00:00.000000000,0.0,0.0
3460,hellin_2021,train,2021-07-31T21:00:00.000000000,2021-08-03T09:00:00.000000000,0.0,0.0
3461,hellin_2021,train,2021-07-31T22:00:00.000000000,2021-08-03T10:00:00.000000000,0.0,0.0
3462,hellin_2021,train,2021-07-31T23:00:00.000000000,2021-08-03T11:00:00.000000000,0.0,0.0
3463,hellin_2021,train,2021-08-01T00:00:00.000000000,2021-08-03T12:00:00.000000000,0.0,0.0
3464,hellin_2021,train,2021-08-01T01:00:00.000000000,2021-08-03T13:00:00.000000000,0.0,0.0
3465,hellin_2021,train,2021-08-01T02:00:00.000000000,2021-08-03T14:00:00.000000000,0.0,0.0
3466,hellin_2021,train,2021-08-01T03:00:00.000000000,2021-08-03T15:00:00.000000000,0.0,0.0
3467,hellin_2021,train,2021-08-01T04:00:00.000000000,2021-08-03T16:00:00.000000000,0.0,0.0
3468,hellin_2021,train,2021-08-01T05:00:00.000000000,2021-08-03T17:00:00.000000000,0.0,0.0
3469,hellin_2021,train,2021-08-01T06:00:00.000000000,2021-08-03T18:00:00.000000000,0.0,0.0
3470,hellin_2021,train,2021-08-01T07:00:00.000000000,2021-08-03T19:00:00.000000000,0.0,0.0
3471,hellin_2021,train,2021-08-01T08:00:00.000000000,2021-08-03T20:00:00.000000000,0.0,0.0
3472,hellin_2021,train,2021-08-01T09:00:00.000000000,2021-08-03T21:00:00.000000000,0.0,0.0
3473,hellin_2021,train,2021-08-01T10:00:00.000000000,2021-08-03T22:00:00.000000000,0.0,0.0
3474,hellin_2021,train,2021-08-01T11:00:00.000000000,2021-08-03T23:00:00.000000000,0.0,0.0
3475,hellin_2021,train,2021-08-01T12:00:00.000000000,2021-08-04T00:00:00.000000000,0.0,0.0
3476,hellin_2021,train,2021-08-01T13:00:00.000000000,2021-08-04T01:00:00.000000000,0.0,0.0
3477,hellin_2021,train,2021-08-01T14:00:00.000000000,2021-08-04T02:00:00.000000000,0.0,0.0
3478,hellin_2021,train,2021-08-01T15:00:00.000000000,2021-08-04T03:00:00.000000000,0.0,0.0
3479,hellin_2021,train,2021-08-01T16:00:00.000000000,2021-08-04T04:00:00.000000000,0.0,0.0
3480,hellin_2021,train,2021-08-01T17:00:00.000000000,2021-08-04T05:00:00.000000000,0.0,0.0
3481,hellin_2021,train,2021-08-01T18:00:00.000000000,2021-08-04T06:00:00.000000000,0.0,0.0
3482,hellin_2021,train,2021-08-01T19:00:00.000000000,2021-08-04T07:00:00.000000000,0.0,0.0
3483,hellin_2021,train,2021-08-01T20:00:00.000000000,2021-08-04T08:00:00.000000000,0.0,0.0
3484,hellin_2021,train,2021-08-01T21:00:00.000000000,2021-08-04T09:00:00.000000000,0.0,0.0
3485,hellin_2021,train,2021-08-01T22:00:00.000000000,2021-08-04T10:00:00.000000000,0.0,0.0
3486,hellin_2021,train,2021-08-01T23:00:00.000000000,2021-08-04T11:00:00.000000000,0.0,0.0
3487,hellin_2021,train,2021-08-02T00:00:00.000000000,2021-08-04T12:00:00.000000000,0.0,0.0
3488,hellin_2021,train,2021-08-02T01:00:00.000000000,2021-08-04T13:00:00.000000000,0.0,0.0
3489,hellin_2021,train,2021-08-02T02:00:00.000000000,2021-08-04T14:00:00.000000000,0.0,0.0
3490,hellin_2021,train,2021-08-02T03:00:00.000000000,2021-08-04T15:00:00.000000000,0.0,0.0
3491,hellin_2021,train,2021-08-02T04:00:00.000000000,2021-08-04T16:00:00.000000000,0.0,0.0
3492,hellin_2021,train,2021-08-02T05:00:00.000000000,2021-08-04T17:00:00.000000000,0.0,0.0
3493,hellin_2021,train,2021-08-02T06:00:00.000000000,2021-08-04T18:00:00.000000000,0.0,0.0
3494,hellin_2021,train,2021-08-02T07:00:00.000000000,2021-08-04T19:00:00.000000000,0.0,0.0
3495,hellin_2021,train,2021-08-02T08:00:00.000000000,2021-08-04T20:00:00.000000000,0.0,0.0
3496,hellin_2021,train,2021-08-02T09:00:00.000000000,2021-08-04T21:00:00.000000000,0.0,0.0
3497,hellin_2021,train,2021-08-02T10:00:00.000000000,2021-08-04T22:00:00.000000000,0.0,0.0
3498,hellin_2021,train,2021-08-02T11:00:00.000000000,2021-08-04T23:00:00.000000000,0.0,0.0
3499,hellin_2021,train,2021-08-02T12:00:00.000000000,2021-08-05T00:00:00.000000000,0.0,0.0
3500,hellin_2021,train,2021-08-02T13:00:00.000000000,2021-08-05T01:00:00.000000000,0.0,0.0
3501,hellin_2021,train,2021-08-02T14:00:00.000000000,2021-08-05T02:00:00.000000000,0.0,0.0
3502,hellin_2021,train,2021-08-02T15:00:00.000000000,2021-08-05T03:00:00.000000000,0.0,0.0
3503,hellin_2021,train,2021-08-02T16:00:00.000000000,2021-08-05T04:00:00.000000000,0.0,0.0
3504,hellin_2021,train,2021-08-02T17:00:00.000000000,2021-08-05T05:00:00.000000000,0.0,0.0
3505,hellin_2021,train,2021-08-02T18:00:00.000000000,2021-08-05T06:00:00.000000000,0.0,0.0
3506,hellin_2021,train,2021-08-02T19:00:00.000000000,2021-08-05T07:00:00.000000000,0.0,0.0
3507,hellin_2021,train,2021-08-02T21:00:00.000000000,2021-08-05T08:00:00.000000000,0.0,0.0
3508,hellin_2021,train,2021-08-02T22:00:00.000000000,2021-08-05T09:00:00.000000000,0.0,0.0
3509,hellin_2021,train,2021-08-02T23:00:00.000000000,2021-08-05T10:00:00.000000000,0.0,0.0
3510,hellin_2021,train,2021-08-03T00:00:00.000000000,2021-08-05T11:00:00.000000000,0.0,0.0
3511,hellin_2021,train,2021-08-03T01:00:00.000000000,2021-08-05T12:00:00.000000000,0.0,0.0
3512,hellin_2021,train,2021-08-03T02:00:00.000000000,2021-08-05T13:00:00.000000000,0.0,0.0
3513,hellin_2021,train,2021-08-03T03:00:00.000000000,2021-08-05T14:00:00.000000000,0.0,0.0
3514,hellin_2021,train,2021-08-03T04:00:00.000000000,2021-08-05T15:00:00.000000000,0.0,0.0
3515,hellin_2021,train,2021-08-03T05:00:00.000000000,2021-08-05T16:00:00.000000000,0.0,0.0
3516,hellin_2021,train,2021-08-03T06:00:00.000000000,2021-08-05T17:00:00.000000000,0.0,0.0
3517,hellin_2021,train,2021-08-03T07:00:00.000000000,2021-08-05T18:00:00.000000000,0.0,0.0
3518,hellin_2021,train,2021-08-03T08:00:00.000000000,2021-08-05T19:00:00.000000000,0.0,0.0
3519,hellin_2021,train,2021-08-03T09:00:00.000000000,2021-08-05T20:00:00.000000000,0.0,0.0
3520,hellin_2021,train,2021-08-03T10:00:00.000000000,2021-08-05T21:00:00.000000000,0.0,0.0
3521,hellin_2021,train,2021-08-03T11:00:00.000000000,2021-08-05T22:00:00.000000000,0.0,0.0
3522,hellin_2021,train,2021-08-03T12:00:00.000000000,2021-08-05T23:00:00.000000000,0.0,0.0
3523,calabria_2021,train,2021-08-09T00:00:00.000000000,2021-08-11T11:00:00.000000000,1032.63330078125,2814.0
3524,calabria_2021,train,2021-08-09T01:00:00.000000000,2021-08-11T12:00:00.000000000,912.1083984375,2814.0
3525,calabria_2021,train,2021-08-09T02:00:00.000000000,2021-08-11T13:00:00.000000000,990.3082885742188,2814.0
3526,calabria_2021,train,2021-08-09T03:00:00.000000000,2021-08-11T14:00:00.000000000,913.183349609375,2814.0
3527,calabria_2021,train,2021-08-09T04:00:00.000000000,2021-08-11T15:00:00.000000000,908.5,2814.0
3528,calabria_2021,train,2021-08-09T05:00:00.000000000,2021-08-11T16:00:00.000000000,889.4249877929688,2814.0
3529,calabria_2021,train,2021-08-09T06:00:00.000000000,2021-08-11T17:00:00.000000000,783.86669921875,2446.699951171875
3530,calabria_2021,train,2021-08-09T07:00:00.000000000,2021-08-11T18:00:00.000000000,764.3916625976562,2213.0
3531,calabria_2021,train,2021-08-09T08:00:00.000000000,2021-08-11T19:00:00.000000000,898.5333862304688,2213.0
3532,calabria_2021,train,2021-08-09T09:00:00.000000000,2021-08-11T20:00:00.000000000,1016.675048828125,2213.0
3533,calabria_2021,train,2021-08-09T10:00:00.000000000,2021-08-11T21:00:00.000000000,1071.675048828125,2213.0
3534,calabria_2021,train,2021-08-09T11:00:00.000000000,2021-08-11T22:00:00.000000000,1085.4417724609375,2213.0
3535,calabria_2021,train,2021-08-09T12:00:00.000000000,2021-08-11T23:00:00.000000000,1106.2333984375,2213.0
3536,calabria_2021,train,2021-08-09T13:00:00.000000000,2021-08-12T00:00:00.000000000,1155.1666259765625,2213.0
3537,calabria_2021,train,2021-08-09T14:00:00.000000000,2021-08-12T01:00:00.000000000,1008.125,2213.0
3538,calabria_2021,train,2021-08-09T15:00:00.000000000,2021-08-12T02:00:00.000000000,1015.0249633789062,2213.0
3539,calabria_2021,train,2021-08-09T16:00:00.000000000,2021-08-12T03:00:00.000000000,977.63330078125,2213.0
3540,calabria_2021,train,2021-08-09T17:00:00.000000000,2021-08-12T05:00:00.000000000,812.708251953125,2213.0
3541,calabria_2021,train,2021-08-09T18:00:00.000000000,2021-08-12T06:00:00.000000000,683.7666015625,2213.0
3542,calabria_2021,train,2021-08-09T19:00:00.000000000,2021-08-12T07:00:00.000000000,499.3499450683594,1609.699951171875
3543,calabria_2021,train,2021-08-09T20:00:00.000000000,2021-08-12T08:00:00.000000000,383.4166564941406,1417.699951171875
3544,calabria_2021,train,2021-08-09T21:00:00.000000000,2021-08-12T10:00:00.000000000,265.2749938964844,748.7000122070312
3545,calabria_2021,train,2021-08-09T22:00:00.000000000,2021-08-12T11:00:00.000000000,230.2666473388672,748.7000122070312
3546,calabria_2021,train,2021-08-09T23:00:00.000000000,2021-08-12T12:00:00.000000000,177.0,587.2000122070312
3547,calabria_2021,train,2021-08-10T00:00:00.000000000,2021-08-12T13:00:00.000000000,171.8333282470703,587.2000122070312
3548,calabria_2021,train,2021-08-10T01:00:00.000000000,2021-08-12T14:00:00.000000000,129.19166564941406,261.5
3549,calabria_2021,train,2021-08-10T02:00:00.000000000,2021-08-12T15:00:00.000000000,110.75,261.5
3550,calabria_2021,train,2021-08-10T03:00:00.000000000,2021-08-12T16:00:00.000000000,103.8499984741211,261.5
3551,calabria_2021,train,2021-08-10T04:00:00.000000000,2021-08-12T17:00:00.000000000,82.05833435058594,239.89999389648438
3552,calabria_2021,train,2021-08-10T05:00:00.000000000,2021-08-12T18:00:00.000000000,69.24166870117188,239.89999389648438
3553,calabria_2021,train,2021-08-10T06:00:00.000000000,2021-08-12T19:00:00.000000000,69.24166870117188,239.89999389648438
3554,calabria_2021,train,2021-08-10T07:00:00.000000000,2021-08-12T20:00:00.000000000,69.24166870117188,239.89999389648438
3555,calabria_2021,train,2021-08-10T08:00:00.000000000,2021-08-12T21:00:00.000000000,51.0333366394043,239.89999389648438
3556,calabria_2021,train,2021-08-10T09:00:00.000000000,2021-08-12T22:00:00.000000000,51.0333366394043,239.89999389648438
3557,calabria_2021,train,2021-08-10T10:00:00.000000000,2021-08-12T23:00:00.000000000,35.04166793823242,187.5
3558,calabria_2021,train,2021-08-10T11:00:00.000000000,2021-08-13T00:00:00.000000000,25.91666603088379,187.5
3559,calabria_2021,train,2021-08-10T12:00:00.000000000,2021-08-13T01:00:00.000000000,10.291666984558105,75.5
3560,calabria_2021,train,2021-08-10T13:00:00.000000000,2021-08-13T02:00:00.000000000,4.0,48.0
3561,calabria_2021,train,2021-08-10T14:00:00.000000000,2021-08-13T03:00:00.000000000,4.0,48.0
3562,calabria_2021,train,2021-08-10T15:00:00.000000000,2021-08-13T04:00:00.000000000,4.0,48.0
3563,calabria_2021,train,2021-08-10T16:00:00.000000000,2021-08-13T05:00:00.000000000,4.0,48.0
3564,calabria_2021,train,2021-08-10T17:00:00.000000000,2021-08-13T06:00:00.000000000,4.0,48.0
3565,calabria_2021,train,2021-08-10T18:00:00.000000000,2021-08-13T07:00:00.000000000,4.0,48.0
3566,calabria_2021,train,2021-08-10T19:00:00.000000000,2021-08-13T08:00:00.000000000,9.59999942779541,67.19999694824219
3567,calabria_2021,train,2021-08-10T20:00:00.000000000,2021-08-13T09:00:00.000000000,56.60000228881836,564.0
3568,calabria_2021,train,2021-08-10T21:00:00.000000000,2021-08-13T10:00:00.000000000,76.28333282470703,564.0
3569,calabria_2021,train,2021-08-10T22:00:00.000000000,2021-08-13T11:00:00.000000000,247.6166534423828,2104.0
3570,calabria_2021,train,2021-08-10T23:00:00.000000000,2021-08-13T12:00:00.000000000,247.6166534423828,2104.0
3571,calabria_2021,train,2021-08-11T00:00:00.000000000,2021-08-13T13:00:00.000000000,247.6166534423828,2104.0
3572,calabria_2021,train,2021-08-11T01:00:00.000000000,2021-08-13T14:00:00.000000000,253.42498779296875,2104.0
3573,calabria_2021,train,2021-08-11T02:00:00.000000000,2021-08-13T15:00:00.000000000,253.42498779296875,2104.0
3574,calabria_2021,train,2021-08-11T03:00:00.000000000,2021-08-13T16:00:00.000000000,253.42498779296875,2104.0
3575,calabria_2021,train,2021-08-11T04:00:00.000000000,2021-08-13T17:00:00.000000000,253.42498779296875,2104.0
3576,calabria_2021,train,2021-08-11T05:00:00.000000000,2021-08-13T20:00:00.000000000,253.4250030517578,2104.0
3577,calabria_2021,train,2021-08-11T06:00:00.000000000,2021-08-13T21:00:00.000000000,253.42498779296875,2104.0
3578,calabria_2021,train,2021-08-11T07:00:00.000000000,2021-08-13T22:00:00.000000000,247.8249969482422,2104.0
3579,calabria_2021,train,2021-08-11T08:00:00.000000000,2021-08-13T23:00:00.000000000,200.8249969482422,2104.0
3580,calabria_2021,train,2021-08-11T09:00:00.000000000,2021-08-14T00:00:00.000000000,181.14166259765625,2104.0
3581,calabria_2021,train,2021-08-11T10:00:00.000000000,2021-08-14T01:00:00.000000000,5.808332920074463,69.69999694824219
3582,calabria_2021,train,2021-08-11T11:00:00.000000000,2021-08-14T02:00:00.000000000,5.808332920074463,69.69999694824219
3583,calabria_2021,train,2021-08-11T12:00:00.000000000,2021-08-14T03:00:00.000000000,5.808332920074463,69.69999694824219
3584,calabria_2021,train,2021-08-11T13:00:00.000000000,2021-08-14T04:00:00.000000000,0.0,0.0
3585,calabria_2021,train,2021-08-11T14:00:00.000000000,2021-08-14T05:00:00.000000000,37.625,451.5
3586,calabria_2021,train,2021-08-11T15:00:00.000000000,2021-08-14T06:00:00.000000000,111.20000457763672,882.9000244140625
3587,calabria_2021,train,2021-08-11T16:00:00.000000000,2021-08-14T07:00:00.000000000,134.59999084472656,882.9000244140625
3588,calabria_2021,train,2021-08-11T17:00:00.000000000,2021-08-14T08:00:00.000000000,134.59999084472656,882.9000244140625
3589,calabria_2021,train,2021-08-11T18:00:00.000000000,2021-08-14T09:00:00.000000000,141.39166259765625,882.9000244140625
3590,calabria_2021,train,2021-08-11T19:00:00.000000000,2021-08-14T10:00:00.000000000,148.31666564941406,882.9000244140625
3591,calabria_2021,train,2021-08-11T20:00:00.000000000,2021-08-14T11:00:00.000000000,148.31666564941406,882.9000244140625
3592,calabria_2021,train,2021-08-11T21:00:00.000000000,2021-08-14T12:00:00.000000000,180.34165954589844,882.9000244140625
3593,calabria_2021,train,2021-08-11T22:00:00.000000000,2021-08-14T13:00:00.000000000,180.34165954589844,882.9000244140625
3594,calabria_2021,train,2021-08-11T23:00:00.000000000,2021-08-14T14:00:00.000000000,180.3416748046875,882.9000244140625
3595,calabria_2021,train,2021-08-12T00:00:00.000000000,2021-08-14T15:00:00.000000000,193.12498474121094,882.9000244140625
3596,calabria_2021,train,2021-08-12T01:00:00.000000000,2021-08-14T16:00:00.000000000,193.125,882.9000244140625
3597,calabria_2021,train,2021-08-12T02:00:00.000000000,2021-08-14T17:00:00.000000000,155.5,882.9000244140625
3598,calabria_2021,train,2021-08-12T03:00:00.000000000,2021-08-14T18:00:00.000000000,81.92499542236328,384.29998779296875
3599,calabria_2021,train,2021-08-12T05:00:00.000000000,2021-08-14T19:00:00.000000000,58.524993896484375,384.29998779296875
3600,calabria_2021,train,2021-08-12T06:00:00.000000000,2021-08-14T20:00:00.000000000,58.52500534057617,384.29998779296875
3601,calabria_2021,train,2021-08-12T07:00:00.000000000,2021-08-14T21:00:00.000000000,51.733333587646484,384.29998779296875
3602,calabria_2021,train,2021-08-12T08:00:00.000000000,2021-08-14T22:00:00.000000000,44.80833053588867,384.29998779296875
3603,calabria_2021,train,2021-08-12T10:00:00.000000000,2021-08-14T23:00:00.000000000,44.80833053588867,384.29998779296875
3604,calabria_2021,train,2021-08-12T11:00:00.000000000,2021-08-15T00:00:00.000000000,12.783332824707031,153.39999389648438
3605,calabria_2021,train,2021-08-12T12:00:00.000000000,2021-08-15T01:00:00.000000000,12.783332824707031,153.39999389648438
3606,calabria_2021,train,2021-08-12T13:00:00.000000000,2021-08-15T02:00:00.000000000,12.783332824707031,153.39999389648438
3607,calabria_2021,train,2021-08-12T14:00:00.000000000,2021-08-15T03:00:00.000000000,0.0,0.0
3608,calabria_2021,train,2021-08-12T15:00:00.000000000,2021-08-15T04:00:00.000000000,0.0,0.0
3609,calabria_2021,train,2021-08-12T16:00:00.000000000,2021-08-15T05:00:00.000000000,0.0,0.0
3610,calabria_2021,train,2021-08-12T17:00:00.000000000,2021-08-15T06:00:00.000000000,0.0,0.0
3611,calabria_2021,train,2021-08-12T18:00:00.000000000,2021-08-15T07:00:00.000000000,0.0,0.0
3612,calabria_2021,train,2021-08-12T19:00:00.000000000,2021-08-15T08:00:00.000000000,0.0,0.0
3613,calabria_2021,train,2021-08-12T20:00:00.000000000,2021-08-15T09:00:00.000000000,13.333333015441895,160.0
3614,calabria_2021,train,2021-08-12T21:00:00.000000000,2021-08-15T10:00:00.000000000,29.26666831970215,191.1999969482422
3615,calabria_2021,train,2021-08-12T22:00:00.000000000,2021-08-15T11:00:00.000000000,29.26666831970215,191.1999969482422
3616,calabria_2021,train,2021-08-12T23:00:00.000000000,2021-08-15T12:00:00.000000000,29.26666831970215,191.1999969482422
3617,calabria_2021,train,2021-08-13T00:00:00.000000000,2021-08-15T13:00:00.000000000,29.26666831970215,191.1999969482422
3618,calabria_2021,train,2021-08-13T01:00:00.000000000,2021-08-15T14:00:00.000000000,29.26666831970215,191.1999969482422
3619,calabria_2021,train,2021-08-13T02:00:00.000000000,2021-08-15T15:00:00.000000000,29.26666831970215,191.1999969482422
3620,calabria_2021,train,2021-08-13T03:00:00.000000000,2021-08-15T16:00:00.000000000,29.26666831970215,191.1999969482422
3621,calabria_2021,train,2021-08-13T04:00:00.000000000,2021-08-15T17:00:00.000000000,29.26666831970215,191.1999969482422
3622,calabria_2021,train,2021-08-13T05:00:00.000000000,2021-08-15T18:00:00.000000000,29.26666831970215,191.1999969482422
3623,calabria_2021,train,2021-08-13T06:00:00.000000000,2021-08-15T19:00:00.000000000,29.26666831970215,191.1999969482422
3624,calabria_2021,train,2021-08-13T07:00:00.000000000,2021-08-15T20:00:00.000000000,29.26666831970215,191.1999969482422
3625,calabria_2021,train,2021-08-13T08:00:00.000000000,2021-08-15T21:00:00.000000000,15.933333396911621,191.1999969482422
3626,calabria_2021,train,2021-08-13T09:00:00.000000000,2021-08-15T22:00:00.000000000,0.0,0.0
3627,calabria_2021,train,2021-08-13T10:00:00.000000000,2021-08-15T23:00:00.000000000,0.0,0.0
3628,calabria_2021,train,2021-08-13T11:00:00.000000000,2021-08-16T00:00:00.000000000,0.0,0.0
3629,calabria_2021,train,2021-08-13T12:00:00.000000000,2021-08-16T01:00:00.000000000,0.0,0.0
3630,calabria_2021,train,2021-08-13T13:00:00.000000000,2021-08-16T02:00:00.000000000,0.0,0.0
3631,calabria_2021,train,2021-08-13T14:00:00.000000000,2021-08-16T03:00:00.000000000,0.0,0.0
3632,calabria_2021,train,2021-08-13T15:00:00.000000000,2021-08-16T04:00:00.000000000,0.0,0.0
3633,calabria_2021,train,2021-08-13T16:00:00.000000000,2021-08-16T05:00:00.000000000,0.0,0.0
3634,calabria_2021,train,2021-08-13T17:00:00.000000000,2021-08-16T06:00:00.000000000,0.0,0.0
3635,calabria_2021,train,2021-08-13T20:00:00.000000000,2021-08-16T07:00:00.000000000,0.0,0.0
3636,calabria_2021,train,2021-08-13T21:00:00.000000000,2021-08-16T08:00:00.000000000,12.691666603088379,152.3000030517578
3637,calabria_2021,train,2021-08-13T22:00:00.000000000,2021-08-16T09:00:00.000000000,39.616668701171875,323.1000061035156
3638,calabria_2021,train,2021-08-13T23:00:00.000000000,2021-08-16T10:00:00.000000000,54.55833435058594,323.1000061035156
3639,calabria_2021,train,2021-08-14T00:00:00.000000000,2021-08-16T11:00:00.000000000,62.591670989990234,323.1000061035156
3640,calabria_2021,train,2021-08-14T01:00:00.000000000,2021-08-16T12:00:00.000000000,62.591670989990234,323.1000061035156
3641,calabria_2021,train,2021-08-14T02:00:00.000000000,2021-08-16T13:00:00.000000000,78.18334197998047,323.1000061035156
3642,calabria_2021,train,2021-08-14T03:00:00.000000000,2021-08-16T14:00:00.000000000,84.0916748046875,323.1000061035156
3643,calabria_2021,train,2021-08-14T04:00:00.000000000,2021-08-16T15:00:00.000000000,84.0916748046875,323.1000061035156
3644,calabria_2021,train,2021-08-14T05:00:00.000000000,2021-08-16T16:00:00.000000000,84.0916748046875,323.1000061035156
3645,calabria_2021,train,2021-08-14T06:00:00.000000000,2021-08-16T17:00:00.000000000,84.0916748046875,323.1000061035156
3646,calabria_2021,train,2021-08-14T07:00:00.000000000,2021-08-16T18:00:00.000000000,93.70000457763672,323.1000061035156
3647,calabria_2021,train,2021-08-14T08:00:00.000000000,2021-08-16T19:00:00.000000000,185.35833740234375,1099.9000244140625
3648,calabria_2021,train,2021-08-14T09:00:00.000000000,2021-08-16T20:00:00.000000000,185.7416534423828,1099.9000244140625
3649,calabria_2021,train,2021-08-14T10:00:00.000000000,2021-08-16T21:00:00.000000000,175.36668395996094,1099.9000244140625
3650,calabria_2021,train,2021-08-14T11:00:00.000000000,2021-08-16T22:00:00.000000000,215.875,1099.9000244140625
3651,calabria_2021,train,2021-08-14T12:00:00.000000000,2021-08-16T23:00:00.000000000,230.9166717529297,1099.9000244140625
3652,calabria_2021,train,2021-08-14T13:00:00.000000000,2021-08-17T00:00:00.000000000,248.1999969482422,1099.9000244140625
3653,calabria_2021,train,2021-08-14T14:00:00.000000000,2021-08-17T03:00:00.000000000,232.6083221435547,1099.9000244140625
3654,calabria_2021,train,2021-08-14T15:00:00.000000000,2021-08-17T04:00:00.000000000,226.6999969482422,1099.9000244140625
3655,calabria_2021,train,2021-08-14T16:00:00.000000000,2021-08-17T05:00:00.000000000,235.3333282470703,1099.9000244140625
3656,calabria_2021,train,2021-08-14T17:00:00.000000000,2021-08-17T06:00:00.000000000,235.33335876464844,1099.9000244140625
3657,calabria_2021,train,2021-08-14T18:00:00.000000000,2021-08-17T07:00:00.000000000,235.33335876464844,1099.9000244140625
3658,calabria_2021,train,2021-08-14T19:00:00.000000000,2021-08-17T08:00:00.000000000,236.683349609375,1099.9000244140625
3659,calabria_2021,train,2021-08-14T20:00:00.000000000,2021-08-17T09:00:00.000000000,152.15000915527344,665.4000244140625
3660,calabria_2021,train,2021-08-14T21:00:00.000000000,2021-08-17T10:00:00.000000000,259.35833740234375,1443.4000244140625
3661,calabria_2021,train,2021-08-14T22:00:00.000000000,2021-08-17T11:00:00.000000000,338.1583557128906,1443.4000244140625
3662,calabria_2021,train,2021-08-14T23:00:00.000000000,2021-08-17T12:00:00.000000000,294.9750061035156,1443.4000244140625
3663,calabria_2021,train,2021-08-15T00:00:00.000000000,2021-08-17T13:00:00.000000000,513.8500366210938,2903.39990234375
3664,calabria_2021,train,2021-08-15T01:00:00.000000000,2021-08-17T14:00:00.000000000,1216.7750244140625,8642.5
3665,calabria_2021,train,2021-08-15T02:00:00.000000000,2021-08-17T15:00:00.000000000,2211.991455078125,11942.599609375
3666,calabria_2021,train,2021-08-15T03:00:00.000000000,2021-08-17T16:00:00.000000000,3594.399658203125,16588.900390625
3667,calabria_2021,train,2021-08-15T04:00:00.000000000,2021-08-17T17:00:00.000000000,4592.10009765625,16588.900390625
3668,calabria_2021,train,2021-08-15T05:00:00.000000000,2021-08-17T18:00:00.000000000,5000.51708984375,16588.900390625
3669,calabria_2021,train,2021-08-15T06:00:00.000000000,2021-08-18T05:00:00.000000000,5000.5166015625,16588.900390625
3670,calabria_2021,train,2021-08-15T07:00:00.000000000,2021-08-18T06:00:00.000000000,5033.71630859375,16588.900390625
3671,calabria_2021,train,2021-08-15T08:00:00.000000000,2021-08-18T07:00:00.000000000,5071.31640625,16588.900390625
3672,calabria_2021,train,2021-08-15T09:00:00.000000000,2021-08-18T08:00:00.000000000,5022.89990234375,16588.900390625
3673,calabria_2021,train,2021-08-15T10:00:00.000000000,2021-08-18T09:00:00.000000000,4940.92431640625,16588.900390625
3674,calabria_2021,train,2021-08-15T11:00:00.000000000,2021-08-18T10:00:00.000000000,4928.65771484375,16588.900390625
3675,calabria_2021,train,2021-08-15T12:00:00.000000000,2021-08-18T11:00:00.000000000,4686.70849609375,16588.900390625
3676,calabria_2021,train,2021-08-15T13:00:00.000000000,2021-08-18T12:00:00.000000000,3966.5,16588.900390625
3677,calabria_2021,train,2021-08-15T14:00:00.000000000,2021-08-18T13:00:00.000000000,2971.283203125,16588.900390625
3678,calabria_2021,train,2021-08-15T15:00:00.000000000,2021-08-18T14:00:00.000000000,1633.2999267578125,12076.0
3679,calabria_2021,train,2021-08-15T16:00:00.000000000,2021-08-18T15:00:00.000000000,634.625,4901.0
3680,calabria_2021,train,2021-08-15T17:00:00.000000000,2021-08-18T16:00:00.000000000,236.60833740234375,862.4000244140625
3681,calabria_2021,train,2021-08-15T18:00:00.000000000,2021-08-18T17:00:00.000000000,245.11668395996094,862.4000244140625
3682,calabria_2021,train,2021-08-15T19:00:00.000000000,2021-08-18T18:00:00.000000000,216.1500244140625,862.4000244140625
3683,calabria_2021,train,2021-08-15T20:00:00.000000000,2021-08-18T19:00:00.000000000,171.4250030517578,862.4000244140625
3684,calabria_2021,train,2021-08-15T21:00:00.000000000,2021-08-18T20:00:00.000000000,118.36666107177734,533.0999755859375
3685,calabria_2021,train,2021-08-15T22:00:00.000000000,2021-08-18T21:00:00.000000000,104.99166870117188,533.0999755859375
3686,calabria_2021,train,2021-08-15T23:00:00.000000000,2021-08-18T22:00:00.000000000,104.99166107177734,533.0999755859375
3687,calabria_2021,train,2021-08-16T00:00:00.000000000,2021-08-18T23:00:00.000000000,104.99166107177734,533.0999755859375
3688,calabria_2021,train,2021-08-16T01:00:00.000000000,2021-08-19T00:00:00.000000000,104.99166107177734,533.0999755859375
3689,calabria_2021,train,2021-08-16T02:00:00.000000000,2021-08-19T01:00:00.000000000,104.99166870117188,533.0999755859375
3690,calabria_2021,train,2021-08-16T03:00:00.000000000,2021-08-19T02:00:00.000000000,60.56666564941406,225.6999969482422
3691,calabria_2021,train,2021-08-16T04:00:00.000000000,2021-08-19T03:00:00.000000000,52.9083366394043,225.6999969482422
3692,calabria_2021,train,2021-08-16T05:00:00.000000000,2021-08-19T04:00:00.000000000,57.758331298828125,225.6999969482422
3693,calabria_2021,train,2021-08-16T06:00:00.000000000,2021-08-19T05:00:00.000000000,56.625,225.6999969482422
3694,calabria_2021,train,2021-08-16T07:00:00.000000000,2021-08-19T06:00:00.000000000,47.391666412353516,225.6999969482422
3695,calabria_2021,train,2021-08-16T08:00:00.000000000,2021-08-19T07:00:00.000000000,50.79166793823242,225.6999969482422
3696,calabria_2021,train,2021-08-16T09:00:00.000000000,2021-08-19T08:00:00.000000000,43.5916633605957,183.0
3697,calabria_2021,train,2021-08-16T10:00:00.000000000,2021-08-19T09:00:00.000000000,43.5916633605957,183.0
3698,calabria_2021,train,2021-08-16T11:00:00.000000000,2021-08-19T10:00:00.000000000,43.5916633605957,183.0
3699,calabria_2021,train,2021-08-16T12:00:00.000000000,2021-08-19T11:00:00.000000000,43.5916633605957,183.0
3700,calabria_2021,train,2021-08-16T13:00:00.000000000,2021-08-19T12:00:00.000000000,43.5916633605957,183.0
3701,calabria_2021,train,2021-08-16T14:00:00.000000000,2021-08-19T13:00:00.000000000,43.5916633605957,183.0
3702,calabria_2021,train,2021-08-16T15:00:00.000000000,2021-08-19T14:00:00.000000000,43.5916633605957,183.0
3703,calabria_2021,train,2021-08-16T16:00:00.000000000,2021-08-19T15:00:00.000000000,48.108333587646484,183.0
3704,calabria_2021,train,2021-08-16T17:00:00.000000000,2021-08-19T16:00:00.000000000,32.858333587646484,139.3000030517578
3705,calabria_2021,train,2021-08-16T18:00:00.000000000,2021-08-19T17:00:00.000000000,25.483335494995117,139.3000030517578
3706,calabria_2021,train,2021-08-16T19:00:00.000000000,2021-08-19T18:00:00.000000000,19.524999618530273,139.3000030517578
3707,calabria_2021,train,2021-08-16T20:00:00.000000000,2021-08-19T19:00:00.000000000,16.125,139.3000030517578
3708,calabria_2021,train,2021-08-16T21:00:00.000000000,2021-08-19T20:00:00.000000000,4.516666889190674,54.20000076293945
3709,calabria_2021,train,2021-08-16T22:00:00.000000000,2021-08-19T21:00:00.000000000,4.516666889190674,54.20000076293945
3710,calabria_2021,train,2021-08-16T23:00:00.000000000,2021-08-19T22:00:00.000000000,4.516666889190674,54.20000076293945
3711,calabria_2021,train,2021-08-17T00:00:00.000000000,2021-08-19T23:00:00.000000000,4.516666889190674,54.20000076293945
3712,calabria_2021,train,2021-08-17T03:00:00.000000000,2021-08-20T00:00:00.000000000,4.516666889190674,54.20000076293945
3713,calabria_2021,train,2021-08-17T04:00:00.000000000,2021-08-20T01:00:00.000000000,4.516666889190674,54.20000076293945
3714,calabria_2021,train,2021-08-17T05:00:00.000000000,2021-08-20T02:00:00.000000000,4.516666889190674,54.20000076293945
3715,calabria_2021,train,2021-08-17T06:00:00.000000000,2021-08-20T03:00:00.000000000,0.0,0.0
3716,calabria_2021,train,2021-08-17T07:00:00.000000000,2021-08-20T04:00:00.000000000,0.0,0.0
3717,calabria_2021,train,2021-08-17T08:00:00.000000000,2021-08-20T05:00:00.000000000,0.0,0.0
3718,calabria_2021,train,2021-08-17T09:00:00.000000000,2021-08-20T06:00:00.000000000,0.0,0.0
3719,calabria_2021,train,2021-08-17T10:00:00.000000000,2021-08-20T07:00:00.000000000,0.0,0.0
3720,calabria_2021,train,2021-08-17T11:00:00.000000000,2021-08-20T08:00:00.000000000,0.0,0.0
3721,calabria_2021,train,2021-08-17T12:00:00.000000000,2021-08-20T09:00:00.000000000,0.0,0.0
3722,calabria_2021,train,2021-08-17T13:00:00.000000000,2021-08-20T12:00:00.000000000,0.0,0.0
3723,calabria_2021,train,2021-08-17T14:00:00.000000000,2021-08-20T13:00:00.000000000,0.0,0.0
3724,calabria_2021,train,2021-08-17T15:00:00.000000000,2021-08-20T14:00:00.000000000,0.0,0.0
3725,calabria_2021,train,2021-08-17T16:00:00.000000000,2021-08-20T15:00:00.000000000,0.0,0.0
3726,calabria_2021,train,2021-08-17T17:00:00.000000000,2021-08-20T16:00:00.000000000,0.0,0.0
3727,calabria_2021,train,2021-08-17T18:00:00.000000000,2021-08-20T17:00:00.000000000,0.0,0.0
3728,calabria_2021,train,2021-08-18T05:00:00.000000000,2021-08-20T18:00:00.000000000,0.0,0.0
3729,calabria_2021,train,2021-08-18T06:00:00.000000000,2021-08-20T19:00:00.000000000,0.0,0.0
3730,calabria_2021,train,2021-08-18T07:00:00.000000000,2021-08-20T20:00:00.000000000,0.0,0.0
3731,calabria_2021,train,2021-08-18T08:00:00.000000000,2021-08-20T21:00:00.000000000,0.0,0.0
3732,calabria_2021,train,2021-08-18T09:00:00.000000000,2021-08-20T22:00:00.000000000,0.0,0.0
3733,calabria_2021,train,2021-08-18T10:00:00.000000000,2021-08-20T23:00:00.000000000,0.0,0.0
3734,calabria_2021,train,2021-08-18T11:00:00.000000000,2021-08-21T00:00:00.000000000,0.0,0.0
3735,calabria_2021,train,2021-08-18T12:00:00.000000000,2021-08-21T01:00:00.000000000,0.0,0.0
3736,calabria_2021,train,2021-08-18T13:00:00.000000000,2021-08-21T02:00:00.000000000,0.0,0.0
3737,calabria_2021,train,2021-08-18T14:00:00.000000000,2021-08-21T03:00:00.000000000,0.0,0.0
3738,calabria_2021,train,2021-08-18T15:00:00.000000000,2021-08-21T04:00:00.000000000,0.0,0.0
3739,calabria_2021,train,2021-08-18T16:00:00.000000000,2021-08-21T05:00:00.000000000,0.0,0.0
3740,calabria_2021,train,2021-08-18T17:00:00.000000000,2021-08-21T06:00:00.000000000,0.0,0.0
3741,calabria_2021,train,2021-08-18T18:00:00.000000000,2021-08-21T07:00:00.000000000,0.0,0.0
3742,calabria_2021,train,2021-08-18T19:00:00.000000000,2021-08-21T08:00:00.000000000,0.0,0.0
3743,calabria_2021,train,2021-08-18T20:00:00.000000000,2021-08-21T09:00:00.000000000,0.0,0.0
3744,calabria_2021,train,2021-08-18T21:00:00.000000000,2021-08-21T10:00:00.000000000,0.0,0.0
3745,calabria_2021,train,2021-08-18T22:00:00.000000000,2021-08-21T11:00:00.000000000,0.0,0.0
3746,calabria_2021,train,2021-08-18T23:00:00.000000000,2021-08-21T12:00:00.000000000,0.0,0.0
3747,calabria_2021,train,2021-08-19T00:00:00.000000000,2021-08-21T13:00:00.000000000,0.0,0.0
3748,calabria_2021,train,2021-08-19T01:00:00.000000000,2021-08-21T14:00:00.000000000,0.0,0.0
3749,calabria_2021,train,2021-08-19T02:00:00.000000000,2021-08-21T16:00:00.000000000,0.0,0.0
3750,calabria_2021,train,2021-08-19T03:00:00.000000000,2021-08-21T17:00:00.000000000,0.0,0.0
3751,calabria_2021,train,2021-08-19T04:00:00.000000000,2021-08-21T18:00:00.000000000,0.0,0.0
3752,calabria_2021,train,2021-08-19T05:00:00.000000000,2021-08-21T19:00:00.000000000,0.0,0.0
3753,calabria_2021,train,2021-08-19T06:00:00.000000000,2021-08-21T20:00:00.000000000,0.0,0.0
3754,calabria_2021,train,2021-08-19T07:00:00.000000000,2021-08-21T21:00:00.000000000,0.0,0.0
3755,calabria_2021,train,2021-08-19T08:00:00.000000000,2021-08-21T22:00:00.000000000,0.0,0.0
3756,calabria_2021,train,2021-08-19T09:00:00.000000000,2021-08-21T23:00:00.000000000,0.0,0.0
3757,calabria_2021,train,2021-08-19T10:00:00.000000000,2021-08-22T00:00:00.000000000,0.0,0.0
3758,calabria_2021,train,2021-08-19T11:00:00.000000000,2021-08-22T01:00:00.000000000,0.0,0.0
3759,calabria_2021,train,2021-08-19T12:00:00.000000000,2021-08-22T02:00:00.000000000,0.0,0.0
3760,calabria_2021,train,2021-08-19T13:00:00.000000000,2021-08-22T03:00:00.000000000,0.0,0.0
3761,calabria_2021,train,2021-08-19T14:00:00.000000000,2021-08-22T05:00:00.000000000,0.0,0.0
3762,calabria_2021,train,2021-08-19T15:00:00.000000000,2021-08-22T07:00:00.000000000,0.0,0.0
3763,calabria_2021,train,2021-08-19T16:00:00.000000000,2021-08-22T08:00:00.000000000,0.0,0.0
3764,calabria_2021,train,2021-08-19T17:00:00.000000000,2021-08-22T09:00:00.000000000,0.0,0.0
3765,calabria_2021,train,2021-08-19T18:00:00.000000000,2021-08-22T13:00:00.000000000,0.0,0.0
3766,calabria_2021,train,2021-08-19T19:00:00.000000000,2021-08-22T14:00:00.000000000,0.0,0.0
3767,calabria_2021,train,2021-08-19T20:00:00.000000000,2021-08-22T15:00:00.000000000,0.0,0.0
3768,calabria_2021,train,2021-08-19T21:00:00.000000000,2021-08-22T16:00:00.000000000,0.0,0.0
3769,calabria_2021,train,2021-08-19T22:00:00.000000000,2021-08-22T17:00:00.000000000,0.0,0.0
3770,calabria_2021,train,2021-08-19T23:00:00.000000000,2021-08-22T18:00:00.000000000,0.0,0.0
3771,calabria_2021,train,2021-08-20T00:00:00.000000000,2021-08-22T19:00:00.000000000,0.0,0.0
3772,calabria_2021,train,2021-08-20T01:00:00.000000000,2021-08-22T20:00:00.000000000,0.0,0.0
3773,calabria_2021,train,2021-08-20T02:00:00.000000000,2021-08-22T21:00:00.000000000,0.0,0.0
3774,calabria_2021,train,2021-08-20T03:00:00.000000000,2021-08-22T22:00:00.000000000,0.0,0.0
3775,calabria_2021,train,2021-08-20T04:00:00.000000000,2021-08-22T23:00:00.000000000,0.0,0.0
3776,mugla_2021,train,2021-07-30T00:00:00.000000000,2021-08-01T11:00:00.000000000,3422.4833984375,7496.2001953125
3777,mugla_2021,train,2021-07-30T01:00:00.000000000,2021-08-01T12:00:00.000000000,3699.975341796875,7496.2001953125
3778,mugla_2021,train,2021-07-30T02:00:00.000000000,2021-08-01T13:00:00.000000000,3726.566650390625,7496.2001953125
3779,mugla_2021,train,2021-07-30T03:00:00.000000000,2021-08-01T14:00:00.000000000,4141.625,7613.89990234375
3780,mugla_2021,train,2021-07-30T04:00:00.000000000,2021-08-01T15:00:00.000000000,4523.86669921875,8402.900390625
3781,mugla_2021,train,2021-07-30T05:00:00.000000000,2021-08-01T16:00:00.000000000,4621.83349609375,8402.900390625
3782,mugla_2021,train,2021-07-30T06:00:00.000000000,2021-08-01T17:00:00.000000000,4679.2998046875,8402.900390625
3783,mugla_2021,train,2021-07-30T07:00:00.000000000,2021-08-01T18:00:00.000000000,4638.29150390625,8402.900390625
3784,mugla_2021,train,2021-07-30T08:00:00.000000000,2021-08-01T19:00:00.000000000,4488.47509765625,8402.900390625
3785,mugla_2021,train,2021-07-30T09:00:00.000000000,2021-08-01T20:00:00.000000000,4211.4248046875,8402.900390625
3786,mugla_2021,train,2021-07-30T10:00:00.000000000,2021-08-01T21:00:00.000000000,3980.550048828125,8402.900390625
3787,mugla_2021,train,2021-07-30T11:00:00.000000000,2021-08-01T22:00:00.000000000,3730.041748046875,8402.900390625
3788,mugla_2021,train,2021-07-30T12:00:00.000000000,2021-08-01T23:00:00.000000000,3127.650390625,8402.900390625
3789,mugla_2021,train,2021-07-30T13:00:00.000000000,2021-08-02T00:00:00.000000000,2661.650146484375,8402.900390625
3790,mugla_2021,train,2021-07-30T14:00:00.000000000,2021-08-02T01:00:00.000000000,2413.216796875,8402.900390625
3791,mugla_2021,train,2021-07-30T15:00:00.000000000,2021-08-02T02:00:00.000000000,1778.7252197265625,8402.900390625
3792,mugla_2021,train,2021-07-30T16:00:00.000000000,2021-08-02T03:00:00.000000000,1078.4832763671875,4130.39990234375
3793,mugla_2021,train,2021-07-30T17:00:00.000000000,2021-08-02T04:00:00.000000000,879.1083374023438,4130.39990234375
3794,mugla_2021,train,2021-07-30T18:00:00.000000000,2021-08-02T05:00:00.000000000,808.8333129882812,4130.39990234375
3795,mugla_2021,train,2021-07-30T19:00:00.000000000,2021-08-02T06:00:00.000000000,1016.5750122070312,4130.39990234375
3796,mugla_2021,train,2021-07-30T20:00:00.000000000,2021-08-02T07:00:00.000000000,1223.6583251953125,6615.39990234375
3797,mugla_2021,train,2021-07-30T21:00:00.000000000,2021-08-02T08:00:00.000000000,1650.5499267578125,6615.39990234375
3798,mugla_2021,train,2021-07-30T22:00:00.000000000,2021-08-02T09:00:00.000000000,1978.85009765625,6615.39990234375
3799,mugla_2021,train,2021-07-30T23:00:00.000000000,2021-08-02T10:00:00.000000000,2471.291748046875,6615.39990234375
3800,mugla_2021,train,2021-07-31T00:00:00.000000000,2021-08-02T11:00:00.000000000,2907.166748046875,6615.39990234375
3801,mugla_2021,train,2021-07-31T01:00:00.000000000,2021-08-02T12:00:00.000000000,3600.841796875,8624.400390625
3802,mugla_2021,train,2021-07-31T02:00:00.000000000,2021-08-02T13:00:00.000000000,4261.64990234375,8624.400390625
3803,mugla_2021,train,2021-07-31T03:00:00.000000000,2021-08-02T14:00:00.000000000,4976.39990234375,8624.400390625
3804,mugla_2021,train,2021-07-31T04:00:00.000000000,2021-08-02T15:00:00.000000000,5421.55810546875,8624.400390625
3805,mugla_2021,train,2021-07-31T05:00:00.000000000,2021-08-02T16:00:00.000000000,6323.18359375,11073.5
3806,mugla_2021,train,2021-07-31T06:00:00.000000000,2021-08-02T17:00:00.000000000,7358.01611328125,12809.900390625
3807,mugla_2021,train,2021-07-31T07:00:00.000000000,2021-08-02T18:00:00.000000000,7991.0,12809.900390625
3808,mugla_2021,train,2021-07-31T08:00:00.000000000,2021-08-02T19:00:00.000000000,8148.658203125,12809.900390625
3809,mugla_2021,train,2021-07-31T09:00:00.000000000,2021-08-02T20:00:00.000000000,7912.50830078125,12809.900390625
3810,mugla_2021,train,2021-07-31T10:00:00.000000000,2021-08-02T21:00:00.000000000,7507.35009765625,12809.900390625
3811,mugla_2021,train,2021-07-31T11:00:00.000000000,2021-08-02T22:00:00.000000000,7009.92431640625,12809.900390625
3812,mugla_2021,train,2021-07-31T12:00:00.000000000,2021-08-02T23:00:00.000000000,6557.85009765625,12809.900390625
3813,mugla_2021,train,2021-07-31T13:00:00.000000000,2021-08-03T00:00:00.000000000,5839.14990234375,12809.900390625
3814,mugla_2021,train,2021-07-31T14:00:00.000000000,2021-08-03T01:00:00.000000000,5174.43310546875,12809.900390625
3815,mugla_2021,train,2021-07-31T15:00:00.000000000,2021-08-03T02:00:00.000000000,4459.68310546875,12809.900390625
3816,mugla_2021,train,2021-07-31T16:00:00.000000000,2021-08-03T03:00:00.000000000,4017.124755859375,12809.900390625
3817,mugla_2021,train,2021-07-31T17:00:00.000000000,2021-08-03T04:00:00.000000000,3094.333251953125,12809.900390625
3818,mugla_2021,train,2021-07-31T18:00:00.000000000,2021-08-03T05:00:00.000000000,2026.8416748046875,11022.7001953125
3819,mugla_2021,train,2021-07-31T19:00:00.000000000,2021-08-03T06:00:00.000000000,1108.2833251953125,8507.2998046875
3820,mugla_2021,train,2021-07-31T20:00:00.000000000,2021-08-03T07:00:00.000000000,618.8999633789062,3603.0
3821,mugla_2021,train,2021-07-31T21:00:00.000000000,2021-08-03T08:00:00.000000000,359.8499755859375,2634.699951171875
3822,mugla_2021,train,2021-07-31T22:00:00.000000000,2021-08-03T09:00:00.000000000,592.6083374023438,3660.10009765625
3823,mugla_2021,train,2021-07-31T23:00:00.000000000,2021-08-03T10:00:00.000000000,1197.2000732421875,7363.5
3824,mugla_2021,train,2021-08-01T00:00:00.000000000,2021-08-03T11:00:00.000000000,2058.533203125,10409.099609375
3825,mugla_2021,train,2021-08-01T01:00:00.000000000,2021-08-03T12:00:00.000000000,2923.616455078125,10409.099609375
3826,mugla_2021,train,2021-08-01T02:00:00.000000000,2021-08-03T13:00:00.000000000,4128.54150390625,14568.5
3827,mugla_2021,train,2021-08-01T03:00:00.000000000,2021-08-03T14:00:00.000000000,5636.25,18092.5
3828,mugla_2021,train,2021-08-01T04:00:00.000000000,2021-08-03T15:00:00.000000000,7402.68310546875,21228.400390625
3829,mugla_2021,train,2021-08-01T05:00:00.000000000,2021-08-03T16:00:00.000000000,8302.6083984375,21228.400390625
3830,mugla_2021,train,2021-08-01T06:00:00.000000000,2021-08-03T17:00:00.000000000,8819.0244140625,21228.400390625
3831,mugla_2021,train,2021-08-01T07:00:00.000000000,2021-08-03T18:00:00.000000000,9161.8662109375,21228.400390625
3832,mugla_2021,train,2021-08-01T08:00:00.000000000,2021-08-03T19:00:00.000000000,9129.5830078125,21228.400390625
3833,mugla_2021,train,2021-08-01T09:00:00.000000000,2021-08-03T20:00:00.000000000,9222.0673828125,21228.400390625
3834,mugla_2021,train,2021-08-01T10:00:00.000000000,2021-08-03T21:00:00.000000000,9093.9833984375,21228.400390625
3835,mugla_2021,train,2021-08-01T11:00:00.000000000,2021-08-03T22:00:00.000000000,8715.6005859375,21228.400390625
3836,mugla_2021,train,2021-08-01T12:00:00.000000000,2021-08-03T23:00:00.000000000,8333.783203125,21228.400390625
3837,mugla_2021,train,2021-08-01T13:00:00.000000000,2021-08-04T00:00:00.000000000,8002.55029296875,21228.400390625
3838,mugla_2021,train,2021-08-01T14:00:00.000000000,2021-08-04T01:00:00.000000000,7004.06689453125,21228.400390625
3839,mugla_2021,train,2021-08-01T15:00:00.000000000,2021-08-04T02:00:00.000000000,5646.37548828125,21228.400390625
3840,mugla_2021,train,2021-08-01T16:00:00.000000000,2021-08-04T03:00:00.000000000,3955.433349609375,10799.099609375
3841,mugla_2021,train,2021-08-01T17:00:00.000000000,2021-08-04T04:00:00.000000000,3059.758544921875,6406.2001953125
3842,mugla_2021,train,2021-08-01T18:00:00.000000000,2021-08-04T05:00:00.000000000,2578.408447265625,6406.2001953125
3843,mugla_2021,train,2021-08-01T19:00:00.000000000,2021-08-04T06:00:00.000000000,2300.49169921875,6406.2001953125
3844,mugla_2021,train,2021-08-01T20:00:00.000000000,2021-08-04T07:00:00.000000000,2390.474853515625,6406.2001953125
3845,mugla_2021,train,2021-08-01T21:00:00.000000000,2021-08-04T08:00:00.000000000,2540.599853515625,6406.2001953125
3846,mugla_2021,train,2021-08-01T22:00:00.000000000,2021-08-04T09:00:00.000000000,3163.133056640625,9593.5
3847,mugla_2021,train,2021-08-01T23:00:00.000000000,2021-08-04T10:00:00.000000000,3660.474853515625,9593.5
3848,mugla_2021,train,2021-08-02T00:00:00.000000000,2021-08-04T11:00:00.000000000,4418.04150390625,14918.099609375
3849,mugla_2021,train,2021-08-02T01:00:00.000000000,2021-08-04T12:00:00.000000000,5814.599609375,23164.900390625
3850,mugla_2021,train,2021-08-02T02:00:00.000000000,2021-08-04T13:00:00.000000000,7298.716796875,23164.900390625
3851,mugla_2021,train,2021-08-02T03:00:00.000000000,2021-08-04T14:00:00.000000000,8224.5498046875,23164.900390625
3852,mugla_2021,train,2021-08-02T04:00:00.000000000,2021-08-04T15:00:00.000000000,9173.17578125,23164.900390625
3853,mugla_2021,train,2021-08-02T05:00:00.000000000,2021-08-04T16:00:00.000000000,9786.9912109375,23164.900390625
3854,mugla_2021,train,2021-08-02T06:00:00.000000000,2021-08-04T17:00:00.000000000,11550.25,23164.900390625
3855,mugla_2021,train,2021-08-02T07:00:00.000000000,2021-08-04T18:00:00.000000000,13160.0576171875,23164.900390625
3856,mugla_2021,train,2021-08-02T08:00:00.000000000,2021-08-04T19:00:00.000000000,14745.44921875,23164.900390625
3857,mugla_2021,train,2021-08-02T09:00:00.000000000,2021-08-04T20:00:00.000000000,16141.06640625,23164.900390625
3858,mugla_2021,train,2021-08-02T10:00:00.000000000,2021-08-04T21:00:00.000000000,16643.93359375,23164.900390625
3859,mugla_2021,train,2021-08-02T11:00:00.000000000,2021-08-04T22:00:00.000000000,16810.458984375,23164.900390625
3860,mugla_2021,train,2021-08-02T12:00:00.000000000,2021-08-04T23:00:00.000000000,16600.931640625,23164.900390625
3861,mugla_2021,train,2021-08-02T13:00:00.000000000,2021-08-05T00:00:00.000000000,15493.0498046875,22351.80078125
3862,mugla_2021,train,2021-08-02T14:00:00.000000000,2021-08-05T01:00:00.000000000,14431.20703125,22351.80078125
3863,mugla_2021,train,2021-08-02T15:00:00.000000000,2021-08-05T02:00:00.000000000,14201.4912109375,22351.80078125
3864,mugla_2021,train,2021-08-02T16:00:00.000000000,2021-08-05T03:00:00.000000000,14352.6328125,22351.80078125
3865,mugla_2021,train,2021-08-02T17:00:00.000000000,2021-08-05T04:00:00.000000000,14257.6162109375,22351.80078125
3866,mugla_2021,train,2021-08-02T18:00:00.000000000,2021-08-05T05:00:00.000000000,13032.6591796875,22351.80078125
3867,mugla_2021,train,2021-08-02T19:00:00.000000000,2021-08-05T06:00:00.000000000,11880.7412109375,22351.80078125
3868,mugla_2021,train,2021-08-02T20:00:00.000000000,2021-08-05T07:00:00.000000000,10095.5244140625,20153.099609375
3869,mugla_2021,train,2021-08-02T21:00:00.000000000,2021-08-05T08:00:00.000000000,8972.5498046875,15627.900390625
3870,mugla_2021,train,2021-08-02T22:00:00.000000000,2021-08-05T09:00:00.000000000,7670.224609375,14134.2998046875
3871,mugla_2021,train,2021-08-02T23:00:00.000000000,2021-08-05T10:00:00.000000000,6771.11669921875,14134.2998046875
3872,mugla_2021,train,2021-08-03T00:00:00.000000000,2021-08-05T11:00:00.000000000,5737.466796875,14134.2998046875
3873,mugla_2021,train,2021-08-03T01:00:00.000000000,2021-08-05T12:00:00.000000000,5017.06640625,14134.2998046875
3874,mugla_2021,train,2021-08-03T02:00:00.000000000,2021-08-05T13:00:00.000000000,4717.7080078125,14134.2998046875
3875,mugla_2021,train,2021-08-03T03:00:00.000000000,2021-08-05T14:00:00.000000000,4321.11669921875,14134.2998046875
3876,mugla_2021,train,2021-08-03T04:00:00.000000000,2021-08-05T15:00:00.000000000,3581.291748046875,6880.39990234375
3877,mugla_2021,train,2021-08-03T05:00:00.000000000,2021-08-05T16:00:00.000000000,3539.699951171875,6880.39990234375
3878,mugla_2021,train,2021-08-03T06:00:00.000000000,2021-08-05T17:00:00.000000000,3690.908203125,8694.900390625
3879,mugla_2021,train,2021-08-03T07:00:00.000000000,2021-08-05T18:00:00.000000000,3706.758544921875,8694.900390625
3880,mugla_2021,train,2021-08-03T08:00:00.000000000,2021-08-05T19:00:00.000000000,4707.02490234375,12932.400390625
3881,mugla_2021,train,2021-08-03T09:00:00.000000000,2021-08-05T20:00:00.000000000,4743.43310546875,12932.400390625
3882,mugla_2021,train,2021-08-03T10:00:00.000000000,2021-08-05T21:00:00.000000000,4925.57470703125,12932.400390625
3883,mugla_2021,train,2021-08-03T11:00:00.000000000,2021-08-05T22:00:00.000000000,5166.13330078125,12932.400390625
3884,mugla_2021,train,2021-08-03T12:00:00.000000000,2021-08-05T23:00:00.000000000,5425.875,12932.400390625
3885,mugla_2021,train,2021-08-03T13:00:00.000000000,2021-08-06T00:00:00.000000000,5533.11669921875,12932.400390625
3886,mugla_2021,train,2021-08-03T14:00:00.000000000,2021-08-06T01:00:00.000000000,5661.5,12932.400390625
3887,mugla_2021,train,2021-08-03T15:00:00.000000000,2021-08-06T02:00:00.000000000,5361.81640625,12932.400390625
3888,mugla_2021,train,2021-08-03T16:00:00.000000000,2021-08-06T03:00:00.000000000,5006.77490234375,12932.400390625
3889,mugla_2021,train,2021-08-03T17:00:00.000000000,2021-08-06T04:00:00.000000000,4540.03369140625,12932.400390625
3890,mugla_2021,train,2021-08-03T18:00:00.000000000,2021-08-06T05:00:00.000000000,3815.458251953125,12932.400390625
3891,mugla_2021,train,2021-08-03T19:00:00.000000000,2021-08-06T06:00:00.000000000,3276.791748046875,12932.400390625
3892,mugla_2021,train,2021-08-03T20:00:00.000000000,2021-08-06T07:00:00.000000000,2475.175048828125,7114.2998046875
3893,mugla_2021,train,2021-08-03T21:00:00.000000000,2021-08-06T08:00:00.000000000,2558.091552734375,8109.2998046875
3894,mugla_2021,train,2021-08-03T22:00:00.000000000,2021-08-06T09:00:00.000000000,2874.808349609375,8109.2998046875
3895,mugla_2021,train,2021-08-03T23:00:00.000000000,2021-08-06T10:00:00.000000000,2707.550048828125,8109.2998046875
3896,mugla_2021,train,2021-08-04T00:00:00.000000000,2021-08-06T11:00:00.000000000,2447.808349609375,8109.2998046875
3897,mugla_2021,train,2021-08-04T01:00:00.000000000,2021-08-06T12:00:00.000000000,2397.64990234375,8109.2998046875
3898,mugla_2021,train,2021-08-04T02:00:00.000000000,2021-08-06T13:00:00.000000000,2231.291748046875,8109.2998046875
3899,mugla_2021,train,2021-08-04T03:00:00.000000000,2021-08-06T14:00:00.000000000,2887.258544921875,9669.900390625
3900,mugla_2021,train,2021-08-04T04:00:00.000000000,2021-08-06T15:00:00.000000000,3267.666748046875,9669.900390625
3901,mugla_2021,train,2021-08-04T05:00:00.000000000,2021-08-06T16:00:00.000000000,3252.9501953125,9669.900390625
3902,mugla_2021,train,2021-08-04T06:00:00.000000000,2021-08-06T17:00:00.000000000,3267.425048828125,9669.900390625
3903,mugla_2021,train,2021-08-04T07:00:00.000000000,2021-08-06T18:00:00.000000000,3453.508544921875,9669.900390625
3904,mugla_2021,train,2021-08-04T08:00:00.000000000,2021-08-06T19:00:00.000000000,3506.2666015625,9669.900390625
3905,mugla_2021,train,2021-08-04T09:00:00.000000000,2021-08-06T20:00:00.000000000,3061.616455078125,9669.900390625
3906,mugla_2021,train,2021-08-04T10:00:00.000000000,2021-08-06T21:00:00.000000000,2709.283447265625,9669.900390625
3907,mugla_2021,train,2021-08-04T11:00:00.000000000,2021-08-06T22:00:00.000000000,2712.1083984375,9669.900390625
3908,mugla_2021,train,2021-08-04T12:00:00.000000000,2021-08-06T23:00:00.000000000,2788.625,9669.900390625
3909,mugla_2021,train,2021-08-04T13:00:00.000000000,2021-08-07T00:00:00.000000000,2677.13330078125,9669.900390625
3910,mugla_2021,train,2021-08-04T14:00:00.000000000,2021-08-07T01:00:00.000000000,2402.375,9669.900390625
3911,mugla_2021,train,2021-08-04T15:00:00.000000000,2021-08-07T02:00:00.000000000,1624.625,5560.7998046875
3912,mugla_2021,train,2021-08-04T16:00:00.000000000,2021-08-07T03:00:00.000000000,1204.5167236328125,3946.10009765625
3913,mugla_2021,train,2021-08-04T17:00:00.000000000,2021-08-07T04:00:00.000000000,1204.5167236328125,3946.10009765625
3914,mugla_2021,train,2021-08-04T18:00:00.000000000,2021-08-07T05:00:00.000000000,1190.041748046875,3946.10009765625
3915,mugla_2021,train,2021-08-04T19:00:00.000000000,2021-08-07T06:00:00.000000000,1003.9583129882812,3946.10009765625
3916,mugla_2021,train,2021-08-04T20:00:00.000000000,2021-08-07T07:00:00.000000000,712.7916870117188,2773.5
3917,mugla_2021,train,2021-08-04T21:00:00.000000000,2021-08-07T08:00:00.000000000,495.3250427246094,1758.300048828125
3918,mugla_2021,train,2021-08-04T22:00:00.000000000,2021-08-07T09:00:00.000000000,348.8000183105469,918.2000122070312
3919,mugla_2021,train,2021-08-04T23:00:00.000000000,2021-08-07T10:00:00.000000000,272.6750183105469,918.2000122070312
3920,mugla_2021,train,2021-08-05T00:00:00.000000000,2021-08-07T11:00:00.000000000,271.9750061035156,909.7999877929688
3921,mugla_2021,train,2021-08-05T01:00:00.000000000,2021-08-07T12:00:00.000000000,573.9417114257812,4196.2001953125
3922,mugla_2021,train,2021-08-05T02:00:00.000000000,2021-08-07T13:00:00.000000000,1075.875,6332.10009765625
3923,mugla_2021,train,2021-08-05T03:00:00.000000000,2021-08-07T14:00:00.000000000,1515.1666259765625,6332.10009765625
3924,mugla_2021,train,2021-08-05T04:00:00.000000000,2021-08-07T15:00:00.000000000,1896.9417724609375,6332.10009765625
3925,mugla_2021,train,2021-08-05T05:00:00.000000000,2021-08-07T16:00:00.000000000,2129.258544921875,6332.10009765625
3926,mugla_2021,train,2021-08-05T06:00:00.000000000,2021-08-07T17:00:00.000000000,2319.433349609375,6332.10009765625
3927,mugla_2021,train,2021-08-05T07:00:00.000000000,2021-08-07T18:00:00.000000000,2476.45849609375,6332.10009765625
3928,mugla_2021,train,2021-08-05T08:00:00.000000000,2021-08-07T19:00:00.000000000,2528.9833984375,6332.10009765625
3929,mugla_2021,train,2021-08-05T09:00:00.000000000,2021-08-07T20:00:00.000000000,2597.691650390625,6332.10009765625
3930,mugla_2021,train,2021-08-05T10:00:00.000000000,2021-08-07T21:00:00.000000000,2635.4833984375,6332.10009765625
3931,mugla_2021,train,2021-08-05T11:00:00.000000000,2021-08-07T22:00:00.000000000,2654.025146484375,6332.10009765625
3932,mugla_2021,train,2021-08-05T12:00:00.000000000,2021-08-07T23:00:00.000000000,2599.44189453125,6332.10009765625
3933,mugla_2021,train,2021-08-05T13:00:00.000000000,2021-08-08T00:00:00.000000000,2255.83349609375,6332.10009765625
3934,mugla_2021,train,2021-08-05T14:00:00.000000000,2021-08-08T01:00:00.000000000,1731.25830078125,5608.39990234375
3935,mugla_2021,train,2021-08-05T15:00:00.000000000,2021-08-08T02:00:00.000000000,1281.300048828125,5100.7998046875
3936,mugla_2021,train,2021-08-05T16:00:00.000000000,2021-08-08T03:00:00.000000000,907.525146484375,2787.800048828125
3937,mugla_2021,train,2021-08-05T17:00:00.000000000,2021-08-08T04:00:00.000000000,693.9833984375,2282.10009765625
3938,mugla_2021,train,2021-08-05T18:00:00.000000000,2021-08-08T05:00:00.000000000,515.9749755859375,1884.300048828125
3939,mugla_2021,train,2021-08-05T19:00:00.000000000,2021-08-08T06:00:00.000000000,381.816650390625,1082.4000244140625
3940,mugla_2021,train,2021-08-05T20:00:00.000000000,2021-08-08T07:00:00.000000000,389.183349609375,1170.800048828125
3941,mugla_2021,train,2021-08-05T21:00:00.000000000,2021-08-08T08:00:00.000000000,342.7166748046875,1170.800048828125
3942,mugla_2021,train,2021-08-05T22:00:00.000000000,2021-08-08T09:00:00.000000000,312.73333740234375,1170.800048828125
3943,mugla_2021,train,2021-08-05T23:00:00.000000000,2021-08-08T10:00:00.000000000,294.1916809082031,1170.800048828125
3944,mugla_2021,train,2021-08-06T00:00:00.000000000,2021-08-08T11:00:00.000000000,272.9583435058594,1170.800048828125
3945,mugla_2021,train,2021-08-06T01:00:00.000000000,2021-08-08T12:00:00.000000000,266.8833312988281,1170.800048828125
3946,mugla_2021,train,2021-08-06T02:00:00.000000000,2021-08-08T13:00:00.000000000,263.7833251953125,1170.800048828125
3947,mugla_2021,train,2021-08-06T03:00:00.000000000,2021-08-08T14:00:00.000000000,257.4916687011719,1170.800048828125
3948,mugla_2021,train,2021-08-06T04:00:00.000000000,2021-08-08T15:00:00.000000000,242.30833435058594,1170.800048828125
3949,mugla_2021,train,2021-08-06T05:00:00.000000000,2021-08-08T16:00:00.000000000,223.53334045410156,1170.800048828125
3950,mugla_2021,train,2021-08-06T06:00:00.000000000,2021-08-08T17:00:00.000000000,211.36668395996094,1170.800048828125
3951,mugla_2021,train,2021-08-06T07:00:00.000000000,2021-08-08T18:00:00.000000000,188.5,1170.800048828125
3952,mugla_2021,train,2021-08-06T08:00:00.000000000,2021-08-08T19:00:00.000000000,90.9333267211914,433.29998779296875
3953,mugla_2021,train,2021-08-06T09:00:00.000000000,2021-08-08T20:00:00.000000000,55.033329010009766,433.29998779296875
3954,mugla_2021,train,2021-08-06T10:00:00.000000000,2021-08-08T21:00:00.000000000,47.22499465942383,433.29998779296875
3955,mugla_2021,train,2021-08-06T11:00:00.000000000,2021-08-08T22:00:00.000000000,47.22499465942383,433.29998779296875
3956,mugla_2021,train,2021-08-06T12:00:00.000000000,2021-08-08T23:00:00.000000000,47.22499465942383,433.29998779296875
3957,mugla_2021,train,2021-08-06T13:00:00.000000000,2021-08-09T00:00:00.000000000,47.22499465942383,433.29998779296875
3958,mugla_2021,train,2021-08-06T14:00:00.000000000,2021-08-09T01:00:00.000000000,47.22499465942383,433.29998779296875
3959,mugla_2021,train,2021-08-06T15:00:00.000000000,2021-08-09T02:00:00.000000000,36.108333587646484,433.29998779296875
3960,mugla_2021,train,2021-08-06T16:00:00.000000000,2021-08-09T03:00:00.000000000,0.0,0.0
3961,mugla_2021,train,2021-08-06T17:00:00.000000000,2021-08-09T04:00:00.000000000,0.0,0.0
3962,mugla_2021,train,2021-08-06T18:00:00.000000000,2021-08-09T05:00:00.000000000,0.0,0.0
3963,mugla_2021,train,2021-08-06T19:00:00.000000000,2021-08-09T06:00:00.000000000,0.0,0.0
3964,mugla_2021,train,2021-08-06T20:00:00.000000000,2021-08-09T07:00:00.000000000,0.0,0.0
3965,mugla_2021,train,2021-08-06T21:00:00.000000000,2021-08-09T08:00:00.000000000,0.0,0.0
3966,mugla_2021,train,2021-08-06T22:00:00.000000000,2021-08-09T09:00:00.000000000,0.0,0.0
3967,mugla_2021,train,2021-08-06T23:00:00.000000000,2021-08-09T10:00:00.000000000,0.0,0.0
3968,mugla_2021,train,2021-08-07T00:00:00.000000000,2021-08-09T11:00:00.000000000,0.0,0.0
3969,mugla_2021,train,2021-08-07T01:00:00.000000000,2021-08-09T12:00:00.000000000,19.46666717529297,233.60000610351562
3970,mugla_2021,train,2021-08-07T02:00:00.000000000,2021-08-09T13:00:00.000000000,62.59999465942383,517.5999755859375
3971,mugla_2021,train,2021-08-07T03:00:00.000000000,2021-08-09T14:00:00.000000000,70.44165802001953,517.5999755859375
3972,mugla_2021,train,2021-08-07T04:00:00.000000000,2021-08-09T15:00:00.000000000,76.04999542236328,517.5999755859375
3973,mugla_2021,train,2021-08-07T05:00:00.000000000,2021-08-09T16:00:00.000000000,76.04999542236328,517.5999755859375
3974,mugla_2021,train,2021-08-07T06:00:00.000000000,2021-08-09T17:00:00.000000000,76.04999542236328,517.5999755859375
3975,mugla_2021,train,2021-08-07T07:00:00.000000000,2021-08-09T18:00:00.000000000,76.04999542236328,517.5999755859375
3976,mugla_2021,train,2021-08-07T08:00:00.000000000,2021-08-09T19:00:00.000000000,76.04999542236328,517.5999755859375
3977,mugla_2021,train,2021-08-07T09:00:00.000000000,2021-08-09T20:00:00.000000000,76.04999542236328,517.5999755859375
3978,mugla_2021,train,2021-08-07T10:00:00.000000000,2021-08-09T21:00:00.000000000,76.04999542236328,517.5999755859375
3979,mugla_2021,train,2021-08-07T11:00:00.000000000,2021-08-09T22:00:00.000000000,76.04999542236328,517.5999755859375
3980,mugla_2021,train,2021-08-07T12:00:00.000000000,2021-08-09T23:00:00.000000000,76.04999542236328,517.5999755859375
3981,kabylie_2021,train,2021-08-10T00:00:00.000000000,2021-08-12T11:00:00.000000000,11437.5498046875,17954.69921875
3982,kabylie_2021,train,2021-08-10T01:00:00.000000000,2021-08-12T12:00:00.000000000,11442.33203125,17954.69921875
3983,kabylie_2021,train,2021-08-10T02:00:00.000000000,2021-08-12T13:00:00.000000000,11301.3330078125,17954.69921875
3984,kabylie_2021,train,2021-08-10T03:00:00.000000000,2021-08-12T14:00:00.000000000,11314.6494140625,17954.69921875
3985,kabylie_2021,train,2021-08-10T04:00:00.000000000,2021-08-12T15:00:00.000000000,12103.5341796875,19536.69921875
3986,kabylie_2021,train,2021-08-10T05:00:00.000000000,2021-08-12T16:00:00.000000000,12929.6171875,22434.30078125
3987,kabylie_2021,train,2021-08-10T06:00:00.000000000,2021-08-12T17:00:00.000000000,12643.8408203125,22434.30078125
3988,kabylie_2021,train,2021-08-10T07:00:00.000000000,2021-08-12T18:00:00.000000000,11836.1826171875,22434.30078125
3989,kabylie_2021,train,2021-08-10T08:00:00.000000000,2021-08-12T19:00:00.000000000,11143.03125,22434.30078125
3990,kabylie_2021,train,2021-08-10T09:00:00.000000000,2021-08-12T20:00:00.000000000,10171.7333984375,22434.30078125
3991,kabylie_2021,train,2021-08-10T10:00:00.000000000,2021-08-12T21:00:00.000000000,8764.875,22434.30078125
3992,kabylie_2021,train,2021-08-10T11:00:00.000000000,2021-08-12T22:00:00.000000000,7647.166015625,22434.30078125
3993,kabylie_2021,train,2021-08-10T12:00:00.000000000,2021-08-12T23:00:00.000000000,7399.80029296875,22434.30078125
3994,kabylie_2021,train,2021-08-10T13:00:00.000000000,2021-08-13T00:00:00.000000000,7325.466796875,22434.30078125
3995,kabylie_2021,train,2021-08-10T14:00:00.000000000,2021-08-13T01:00:00.000000000,7350.283203125,22434.30078125
3996,kabylie_2021,train,2021-08-10T15:00:00.000000000,2021-08-13T02:00:00.000000000,6519.07470703125,22434.30078125
3997,kabylie_2021,train,2021-08-10T16:00:00.000000000,2021-08-13T03:00:00.000000000,5166.33349609375,22434.30078125
3998,kabylie_2021,train,2021-08-10T17:00:00.000000000,2021-08-13T04:00:00.000000000,3630.608642578125,13044.7998046875
3999,kabylie_2021,train,2021-08-10T18:00:00.000000000,2021-08-13T05:00:00.000000000,2879.474853515625,5327.5
4000,kabylie_2021,train,2021-08-10T19:00:00.000000000,2021-08-13T06:00:00.000000000,2846.583251953125,5327.5
4001,kabylie_2021,train,2021-08-10T20:00:00.000000000,2021-08-13T07:00:00.000000000,3107.449951171875,5327.5
4002,kabylie_2021,train,2021-08-10T21:00:00.000000000,2021-08-13T08:00:00.000000000,3345.158203125,5327.5
4003,kabylie_2021,train,2021-08-10T22:00:00.000000000,2021-08-13T09:00:00.000000000,3518.574951171875,5327.5
4004,kabylie_2021,train,2021-08-10T23:00:00.000000000,2021-08-13T10:00:00.000000000,3825.999755859375,5327.5
4005,kabylie_2021,train,2021-08-11T00:00:00.000000000,2021-08-13T11:00:00.000000000,4391.18310546875,8722.400390625
4006,kabylie_2021,train,2021-08-11T01:00:00.000000000,2021-08-13T12:00:00.000000000,5083.94970703125,10442.2001953125
4007,kabylie_2021,train,2021-08-11T02:00:00.000000000,2021-08-13T13:00:00.000000000,5541.28271484375,10815.5
4008,kabylie_2021,train,2021-08-11T03:00:00.000000000,2021-08-13T14:00:00.000000000,5987.10791015625,10815.5
4009,kabylie_2021,train,2021-08-11T04:00:00.000000000,2021-08-13T15:00:00.000000000,6336.908203125,10815.5
4010,kabylie_2021,train,2021-08-11T05:00:00.000000000,2021-08-13T16:00:00.000000000,6707.56689453125,10815.5
4011,kabylie_2021,train,2021-08-11T06:00:00.000000000,2021-08-13T17:00:00.000000000,6994.38330078125,10815.5
4012,kabylie_2021,train,2021-08-11T07:00:00.000000000,2021-08-13T18:00:00.000000000,7105.57568359375,10815.5
4013,kabylie_2021,train,2021-08-11T08:00:00.000000000,2021-08-13T19:00:00.000000000,7023.04150390625,10815.5
4014,kabylie_2021,train,2021-08-11T09:00:00.000000000,2021-08-13T20:00:00.000000000,7120.79150390625,10815.5
4015,kabylie_2021,train,2021-08-11T10:00:00.000000000,2021-08-13T21:00:00.000000000,6996.48388671875,10815.5
4016,kabylie_2021,train,2021-08-11T11:00:00.000000000,2021-08-13T22:00:00.000000000,6688.64208984375,10815.5
4017,kabylie_2021,train,2021-08-11T12:00:00.000000000,2021-08-13T23:00:00.000000000,6016.55029296875,10815.5
4018,kabylie_2021,train,2021-08-11T13:00:00.000000000,2021-08-14T00:00:00.000000000,5160.658203125,10815.5
4019,kabylie_2021,train,2021-08-11T14:00:00.000000000,2021-08-14T01:00:00.000000000,4259.36669921875,10611.0
4020,kabylie_2021,train,2021-08-11T15:00:00.000000000,2021-08-14T02:00:00.000000000,3375.116943359375,8453.5
4021,kabylie_2021,train,2021-08-11T16:00:00.000000000,2021-08-14T03:00:00.000000000,2750.0,8453.5
4022,kabylie_2021,train,2021-08-11T17:00:00.000000000,2021-08-14T04:00:00.000000000,2052.716552734375,7473.0
4023,kabylie_2021,train,2021-08-11T18:00:00.000000000,2021-08-14T05:00:00.000000000,1429.9666748046875,5602.7001953125
4024,kabylie_2021,train,2021-08-11T19:00:00.000000000,2021-08-14T06:00:00.000000000,1084.6165771484375,5602.7001953125
4025,kabylie_2021,train,2021-08-11T20:00:00.000000000,2021-08-14T07:00:00.000000000,780.5416870117188,5602.7001953125
4026,kabylie_2021,train,2021-08-11T21:00:00.000000000,2021-08-14T08:00:00.000000000,419.8999938964844,1661.699951171875
4027,kabylie_2021,train,2021-08-11T22:00:00.000000000,2021-08-14T09:00:00.000000000,404.3500061035156,1475.0999755859375
4028,kabylie_2021,train,2021-08-11T23:00:00.000000000,2021-08-14T10:00:00.000000000,473.941650390625,1985.4000244140625
4029,kabylie_2021,train,2021-08-12T00:00:00.000000000,2021-08-14T11:00:00.000000000,1007.6416625976562,7061.7001953125
4030,kabylie_2021,train,2021-08-12T01:00:00.000000000,2021-08-14T12:00:00.000000000,1628.2833251953125,7619.2001953125
4031,kabylie_2021,train,2021-08-12T02:00:00.000000000,2021-08-14T13:00:00.000000000,2621.6416015625,11920.2998046875
4032,kabylie_2021,train,2021-08-12T03:00:00.000000000,2021-08-14T14:00:00.000000000,3338.116455078125,11920.2998046875
4033,kabylie_2021,train,2021-08-12T04:00:00.000000000,2021-08-14T15:00:00.000000000,3857.8583984375,11920.2998046875
4034,kabylie_2021,train,2021-08-12T05:00:00.000000000,2021-08-14T16:00:00.000000000,4140.33349609375,11920.2998046875
4035,kabylie_2021,train,2021-08-12T06:00:00.000000000,2021-08-14T17:00:00.000000000,4254.70849609375,11920.2998046875
4036,kabylie_2021,train,2021-08-12T07:00:00.000000000,2021-08-14T18:00:00.000000000,4299.44970703125,11920.2998046875
4037,kabylie_2021,train,2021-08-12T08:00:00.000000000,2021-08-14T19:00:00.000000000,4336.4501953125,11920.2998046875
4038,kabylie_2021,train,2021-08-12T09:00:00.000000000,2021-08-14T20:00:00.000000000,4311.89990234375,11920.2998046875
4039,kabylie_2021,train,2021-08-12T10:00:00.000000000,2021-08-14T21:00:00.000000000,4194.14111328125,11920.2998046875
4040,kabylie_2021,train,2021-08-12T11:00:00.000000000,2021-08-14T22:00:00.000000000,4028.69140625,11920.2998046875
4041,kabylie_2021,train,2021-08-12T12:00:00.000000000,2021-08-14T23:00:00.000000000,3440.216796875,11920.2998046875
4042,kabylie_2021,train,2021-08-12T13:00:00.000000000,2021-08-15T00:00:00.000000000,2805.283203125,11920.2998046875
4043,kabylie_2021,train,2021-08-12T14:00:00.000000000,2021-08-15T01:00:00.000000000,1811.9248046875,8597.7001953125
4044,kabylie_2021,train,2021-08-12T15:00:00.000000000,2021-08-15T02:00:00.000000000,1095.4500732421875,6236.89990234375
4045,kabylie_2021,train,2021-08-12T16:00:00.000000000,2021-08-15T03:00:00.000000000,575.7083129882812,3475.800048828125
4046,kabylie_2021,train,2021-08-12T17:00:00.000000000,2021-08-15T04:00:00.000000000,286.058349609375,1372.5
4047,kabylie_2021,train,2021-08-12T18:00:00.000000000,2021-08-15T05:00:00.000000000,171.683349609375,980.4000244140625
4048,kabylie_2021,train,2021-08-12T19:00:00.000000000,2021-08-15T06:00:00.000000000,126.9416732788086,980.4000244140625
4049,kabylie_2021,train,2021-08-12T20:00:00.000000000,2021-08-15T07:00:00.000000000,86.86666870117188,980.4000244140625
4050,kabylie_2021,train,2021-08-12T21:00:00.000000000,2021-08-15T08:00:00.000000000,5.166666507720947,62.0
4051,kabylie_2021,train,2021-08-12T22:00:00.000000000,2021-08-15T09:00:00.000000000,28.17500114440918,338.1000061035156
4052,kabylie_2021,train,2021-08-12T23:00:00.000000000,2021-08-15T10:00:00.000000000,84.20833587646484,672.4000244140625
4053,kabylie_2021,train,2021-08-13T00:00:00.000000000,2021-08-15T11:00:00.000000000,153.64166259765625,833.2000122070312
4054,kabylie_2021,train,2021-08-13T01:00:00.000000000,2021-08-15T12:00:00.000000000,265.1083068847656,1337.5999755859375
4055,kabylie_2021,train,2021-08-13T02:00:00.000000000,2021-08-15T13:00:00.000000000,348.5166320800781,1337.5999755859375
4056,kabylie_2021,train,2021-08-13T03:00:00.000000000,2021-08-15T14:00:00.000000000,414.441650390625,1337.5999755859375
4057,kabylie_2021,train,2021-08-13T04:00:00.000000000,2021-08-15T15:00:00.000000000,470.0000305175781,1337.5999755859375
4058,kabylie_2021,train,2021-08-13T05:00:00.000000000,2021-08-15T16:00:00.000000000,496.6333923339844,1337.5999755859375
4059,kabylie_2021,train,2021-08-13T06:00:00.000000000,2021-08-15T17:00:00.000000000,499.4333801269531,1337.5999755859375
4060,kabylie_2021,train,2021-08-13T07:00:00.000000000,2021-08-15T18:00:00.000000000,499.433349609375,1337.5999755859375
4061,kabylie_2021,train,2021-08-13T08:00:00.000000000,2021-08-15T19:00:00.000000000,499.433349609375,1337.5999755859375
4062,kabylie_2021,train,2021-08-13T09:00:00.000000000,2021-08-15T20:00:00.000000000,499.433349609375,1337.5999755859375
4063,kabylie_2021,train,2021-08-13T10:00:00.000000000,2021-08-15T21:00:00.000000000,471.2583312988281,1337.5999755859375
4064,kabylie_2021,train,2021-08-13T11:00:00.000000000,2021-08-15T22:00:00.000000000,415.2250061035156,1337.5999755859375
4065,kabylie_2021,train,2021-08-13T12:00:00.000000000,2021-08-15T23:00:00.000000000,367.5500183105469,1337.5999755859375
4066,kabylie_2021,train,2021-08-13T13:00:00.000000000,2021-08-16T00:00:00.000000000,280.2333679199219,1000.9000244140625
4067,kabylie_2021,train,2021-08-13T14:00:00.000000000,2021-08-16T01:00:00.000000000,196.82501220703125,791.0999755859375
4068,kabylie_2021,train,2021-08-13T15:00:00.000000000,2021-08-16T02:00:00.000000000,134.94166564941406,666.7000122070312
4069,kabylie_2021,train,2021-08-13T16:00:00.000000000,2021-08-16T03:00:00.000000000,82.5250015258789,319.6000061035156
4070,kabylie_2021,train,2021-08-13T17:00:00.000000000,2021-08-16T04:00:00.000000000,55.891666412353516,289.79998779296875
4071,kabylie_2021,train,2021-08-13T18:00:00.000000000,2021-08-16T05:00:00.000000000,53.091670989990234,289.79998779296875
4072,kabylie_2021,train,2021-08-13T19:00:00.000000000,2021-08-16T06:00:00.000000000,53.091670989990234,289.79998779296875
4073,kabylie_2021,train,2021-08-13T20:00:00.000000000,2021-08-16T07:00:00.000000000,53.0916633605957,289.79998779296875
4074,kabylie_2021,train,2021-08-13T21:00:00.000000000,2021-08-16T08:00:00.000000000,53.091670989990234,289.79998779296875
4075,kabylie_2021,train,2021-08-13T22:00:00.000000000,2021-08-16T09:00:00.000000000,95.3416748046875,507.0
4076,kabylie_2021,train,2021-08-13T23:00:00.000000000,2021-08-16T10:00:00.000000000,119.05001068115234,507.0
4077,kabylie_2021,train,2021-08-14T00:00:00.000000000,2021-08-16T11:00:00.000000000,107.71666717529297,507.0
4078,kabylie_2021,train,2021-08-14T01:00:00.000000000,2021-08-16T12:00:00.000000000,101.51666259765625,507.0
4079,kabylie_2021,train,2021-08-14T02:00:00.000000000,2021-08-16T13:00:00.000000000,121.73332977294922,507.0
4080,kabylie_2021,train,2021-08-14T03:00:00.000000000,2021-08-16T14:00:00.000000000,188.71665954589844,852.2999877929688
4081,kabylie_2021,train,2021-08-14T04:00:00.000000000,2021-08-16T15:00:00.000000000,233.8999786376953,852.2999877929688
4082,kabylie_2021,train,2021-08-14T05:00:00.000000000,2021-08-16T16:00:00.000000000,233.8999786376953,852.2999877929688
4083,kabylie_2021,train,2021-08-14T06:00:00.000000000,2021-08-16T17:00:00.000000000,233.8999786376953,852.2999877929688
4084,kabylie_2021,train,2021-08-14T07:00:00.000000000,2021-08-16T18:00:00.000000000,233.8999786376953,852.2999877929688
4085,kabylie_2021,train,2021-08-14T08:00:00.000000000,2021-08-16T19:00:00.000000000,386.6999816894531,1833.5999755859375
4086,kabylie_2021,train,2021-08-14T09:00:00.000000000,2021-08-16T20:00:00.000000000,409.8249816894531,1833.5999755859375
4087,kabylie_2021,train,2021-08-14T10:00:00.000000000,2021-08-16T21:00:00.000000000,367.5749816894531,1833.5999755859375
4088,kabylie_2021,train,2021-08-14T11:00:00.000000000,2021-08-16T22:00:00.000000000,343.8666687011719,1833.5999755859375
4089,kabylie_2021,train,2021-08-14T12:00:00.000000000,2021-08-16T23:00:00.000000000,340.3916320800781,1833.5999755859375
4090,kabylie_2021,train,2021-08-14T13:00:00.000000000,2021-08-17T00:00:00.000000000,322.4416809082031,1833.5999755859375
4091,kabylie_2021,train,2021-08-14T14:00:00.000000000,2021-08-17T01:00:00.000000000,302.2250061035156,1833.5999755859375
4092,kabylie_2021,train,2021-08-14T15:00:00.000000000,2021-08-17T02:00:00.000000000,231.1999969482422,1833.5999755859375
4093,kabylie_2021,train,2021-08-14T16:00:00.000000000,2021-08-17T03:00:00.000000000,182.875,1833.5999755859375
4094,kabylie_2021,train,2021-08-14T17:00:00.000000000,2021-08-17T04:00:00.000000000,182.875,1833.5999755859375
4095,kabylie_2021,train,2021-08-14T18:00:00.000000000,2021-08-17T05:00:00.000000000,182.875,1833.5999755859375
4096,kabylie_2021,train,2021-08-14T19:00:00.000000000,2021-08-17T06:00:00.000000000,182.875,1833.5999755859375
4097,kabylie_2021,train,2021-08-14T20:00:00.000000000,2021-08-17T07:00:00.000000000,30.07499885559082,277.5
4098,kabylie_2021,train,2021-08-14T21:00:00.000000000,2021-08-17T08:00:00.000000000,6.950000286102295,83.4000015258789
4099,kabylie_2021,train,2021-08-14T22:00:00.000000000,2021-08-17T09:00:00.000000000,6.950000286102295,83.4000015258789
4100,kabylie_2021,train,2021-08-14T23:00:00.000000000,2021-08-17T10:00:00.000000000,6.950000286102295,83.4000015258789
4101,kabylie_2021,train,2021-08-15T00:00:00.000000000,2021-08-17T11:00:00.000000000,0.0,0.0
4102,kabylie_2021,train,2021-08-15T01:00:00.000000000,2021-08-17T12:00:00.000000000,0.0,0.0
4103,kabylie_2021,train,2021-08-15T02:00:00.000000000,2021-08-17T13:00:00.000000000,0.0,0.0
4104,kabylie_2021,train,2021-08-15T03:00:00.000000000,2021-08-17T14:00:00.000000000,0.0,0.0
4105,kabylie_2021,train,2021-08-15T04:00:00.000000000,2021-08-17T15:00:00.000000000,0.0,0.0
4106,kabylie_2021,train,2021-08-15T05:00:00.000000000,2021-08-17T16:00:00.000000000,0.0,0.0
4107,kabylie_2021,train,2021-08-15T06:00:00.000000000,2021-08-17T17:00:00.000000000,0.0,0.0
4108,kabylie_2021,train,2021-08-15T07:00:00.000000000,2021-08-17T18:00:00.000000000,0.0,0.0
4109,kabylie_2021,train,2021-08-15T08:00:00.000000000,2021-08-17T19:00:00.000000000,0.0,0.0
4110,kabylie_2021,train,2021-08-15T09:00:00.000000000,2021-08-17T20:00:00.000000000,0.0,0.0
4111,kabylie_2021,train,2021-08-15T10:00:00.000000000,2021-08-17T21:00:00.000000000,0.0,0.0
4112,kabylie_2021,train,2021-08-15T11:00:00.000000000,2021-08-17T22:00:00.000000000,0.0,0.0
4113,kabylie_2021,train,2021-08-15T12:00:00.000000000,2021-08-17T23:00:00.000000000,0.0,0.0
4114,kabylie_2021,train,2021-08-15T13:00:00.000000000,2021-08-18T00:00:00.000000000,0.0,0.0
4115,kabylie_2021,train,2021-08-15T14:00:00.000000000,2021-08-18T01:00:00.000000000,0.0,0.0
4116,kabylie_2021,train,2021-08-15T15:00:00.000000000,2021-08-18T02:00:00.000000000,0.0,0.0
4117,kabylie_2021,train,2021-08-15T16:00:00.000000000,2021-08-18T03:00:00.000000000,0.0,0.0
4118,kabylie_2021,train,2021-08-15T17:00:00.000000000,2021-08-18T04:00:00.000000000,0.0,0.0
4119,kabylie_2021,train,2021-08-15T18:00:00.000000000,2021-08-18T05:00:00.000000000,0.0,0.0
4120,kabylie_2021,train,2021-08-15T19:00:00.000000000,2021-08-18T06:00:00.000000000,0.0,0.0
4121,kabylie_2021,train,2021-08-15T20:00:00.000000000,2021-08-18T07:00:00.000000000,0.0,0.0
4122,kabylie_2021,train,2021-08-15T21:00:00.000000000,2021-08-18T08:00:00.000000000,0.0,0.0
4123,kabylie_2021,train,2021-08-15T22:00:00.000000000,2021-08-18T09:00:00.000000000,0.0,0.0
4124,kabylie_2021,train,2021-08-15T23:00:00.000000000,2021-08-18T10:00:00.000000000,8.866666793823242,106.4000015258789
4125,kabylie_2021,train,2021-08-16T00:00:00.000000000,2021-08-18T11:00:00.000000000,18.383333206176758,114.19999694824219
4126,kabylie_2021,train,2021-08-16T01:00:00.000000000,2021-08-18T12:00:00.000000000,94.08333587646484,908.4000244140625
4127,kabylie_2021,train,2021-08-16T02:00:00.000000000,2021-08-18T13:00:00.000000000,155.375,908.4000244140625
4128,kabylie_2021,train,2021-08-16T03:00:00.000000000,2021-08-18T14:00:00.000000000,207.5333251953125,908.4000244140625
4129,kabylie_2021,train,2021-08-16T04:00:00.000000000,2021-08-18T15:00:00.000000000,207.5333251953125,908.4000244140625
4130,kabylie_2021,train,2021-08-16T05:00:00.000000000,2021-08-18T16:00:00.000000000,207.5333251953125,908.4000244140625
4131,kabylie_2021,train,2021-08-16T06:00:00.000000000,2021-08-18T17:00:00.000000000,207.5333251953125,908.4000244140625
4132,kabylie_2021,train,2021-08-16T07:00:00.000000000,2021-08-18T18:00:00.000000000,207.5333251953125,908.4000244140625
4133,kabylie_2021,train,2021-08-16T08:00:00.000000000,2021-08-18T19:00:00.000000000,207.53334045410156,908.4000244140625
4134,kabylie_2021,train,2021-08-16T09:00:00.000000000,2021-08-18T20:00:00.000000000,207.5333251953125,908.4000244140625
4135,kabylie_2021,train,2021-08-16T10:00:00.000000000,2021-08-18T21:00:00.000000000,207.5333251953125,908.4000244140625
4136,kabylie_2021,train,2021-08-16T11:00:00.000000000,2021-08-18T22:00:00.000000000,198.6666717529297,908.4000244140625
4137,kabylie_2021,train,2021-08-16T12:00:00.000000000,2021-08-18T23:00:00.000000000,189.15000915527344,908.4000244140625
4138,gironde_2022,train,2022-07-13T00:00:00.000000000,2022-07-15T11:00:00.000000000,5916.82470703125,11302.2998046875
4139,gironde_2022,train,2022-07-13T01:00:00.000000000,2022-07-15T12:00:00.000000000,5135.0,10563.0
4140,gironde_2022,train,2022-07-13T02:00:00.000000000,2022-07-15T13:00:00.000000000,4544.57470703125,10473.7001953125
4141,gironde_2022,train,2022-07-13T03:00:00.000000000,2022-07-15T14:00:00.000000000,4165.13330078125,7863.39990234375
4142,gironde_2022,train,2022-07-13T04:00:00.000000000,2022-07-15T15:00:00.000000000,4102.71630859375,7558.5
4143,gironde_2022,train,2022-07-13T05:00:00.000000000,2022-07-15T16:00:00.000000000,4281.1416015625,8726.2001953125
4144,gironde_2022,train,2022-07-13T06:00:00.000000000,2022-07-15T17:00:00.000000000,4467.533203125,9795.2001953125
4145,gironde_2022,train,2022-07-13T07:00:00.000000000,2022-07-15T18:00:00.000000000,5007.033203125,10416.400390625
4146,gironde_2022,train,2022-07-13T08:00:00.000000000,2022-07-15T19:00:00.000000000,5630.3828125,10416.400390625
4147,gironde_2022,train,2022-07-13T09:00:00.000000000,2022-07-15T20:00:00.000000000,6478.79931640625,11793.7998046875
4148,gironde_2022,train,2022-07-13T10:00:00.000000000,2022-07-15T21:00:00.000000000,7128.93310546875,11793.7998046875
4149,gironde_2022,train,2022-07-13T11:00:00.000000000,2022-07-15T22:00:00.000000000,7768.35888671875,11926.0
4150,gironde_2022,train,2022-07-13T12:00:00.000000000,2022-07-15T23:00:00.000000000,8459.4091796875,11926.0
4151,gironde_2022,train,2022-07-13T13:00:00.000000000,2022-07-16T00:00:00.000000000,9065.708984375,11926.0
4152,gironde_2022,train,2022-07-13T14:00:00.000000000,2022-07-16T01:00:00.000000000,9497.2666015625,11926.0
4153,gironde_2022,train,2022-07-13T15:00:00.000000000,2022-07-16T02:00:00.000000000,9513.6591796875,11926.0
4154,gironde_2022,train,2022-07-13T16:00:00.000000000,2022-07-16T03:00:00.000000000,9312.3837890625,11926.0
4155,gironde_2022,train,2022-07-13T17:00:00.000000000,2022-07-16T04:00:00.000000000,8951.9501953125,11926.0
4156,gironde_2022,train,2022-07-13T18:00:00.000000000,2022-07-16T05:00:00.000000000,8447.2333984375,11926.0
4157,gironde_2022,train,2022-07-13T19:00:00.000000000,2022-07-16T06:00:00.000000000,7797.18310546875,11926.0
4158,gironde_2022,train,2022-07-13T20:00:00.000000000,2022-07-16T07:00:00.000000000,7199.45849609375,11926.0
4159,gironde_2022,train,2022-07-13T21:00:00.000000000,2022-07-16T08:00:00.000000000,6478.84130859375,11926.0
4160,gironde_2022,train,2022-07-13T22:00:00.000000000,2022-07-16T09:00:00.000000000,5947.63330078125,11926.0
4161,gironde_2022,train,2022-07-13T23:00:00.000000000,2022-07-16T10:00:00.000000000,5288.85009765625,10960.2001953125
4162,gironde_2022,train,2022-07-14T00:00:00.000000000,2022-07-16T11:00:00.000000000,4782.07470703125,9196.0
4163,gironde_2022,train,2022-07-14T01:00:00.000000000,2022-07-16T12:00:00.000000000,4510.1416015625,8656.599609375
4164,gironde_2022,train,2022-07-14T02:00:00.000000000,2022-07-16T13:00:00.000000000,4216.64990234375,6117.10009765625
4165,gironde_2022,train,2022-07-14T03:00:00.000000000,2022-07-16T14:00:00.000000000,4154.52490234375,5932.7998046875
4166,gironde_2022,train,2022-07-14T04:00:00.000000000,2022-07-16T15:00:00.000000000,4151.95849609375,5932.7998046875
4167,gironde_2022,train,2022-07-14T05:00:00.000000000,2022-07-16T16:00:00.000000000,4088.949951171875,5932.7998046875
4168,gironde_2022,train,2022-07-14T06:00:00.000000000,2022-07-16T17:00:00.000000000,4115.86669921875,5932.7998046875
4169,gironde_2022,train,2022-07-14T07:00:00.000000000,2022-07-16T18:00:00.000000000,4375.39990234375,5932.7998046875
4170,gironde_2022,train,2022-07-14T08:00:00.000000000,2022-07-16T19:00:00.000000000,4586.6416015625,5932.7998046875
4171,gironde_2022,train,2022-07-14T09:00:00.000000000,2022-07-16T20:00:00.000000000,4644.74169921875,5932.7998046875
4172,gironde_2022,train,2022-07-14T10:00:00.000000000,2022-07-16T21:00:00.000000000,4612.1083984375,5932.7998046875
4173,gironde_2022,train,2022-07-14T11:00:00.000000000,2022-07-16T22:00:00.000000000,4525.40869140625,5932.7998046875
4174,gironde_2022,train,2022-07-14T12:00:00.000000000,2022-07-16T23:00:00.000000000,4285.35888671875,5932.7998046875
4175,gironde_2022,train,2022-07-14T13:00:00.000000000,2022-07-17T00:00:00.000000000,3935.341796875,5730.2001953125
4176,gironde_2022,train,2022-07-14T14:00:00.000000000,2022-07-17T01:00:00.000000000,3673.9169921875,5730.2001953125
4177,gironde_2022,train,2022-07-14T15:00:00.000000000,2022-07-17T02:00:00.000000000,3350.850341796875,5730.2001953125
4178,gironde_2022,train,2022-07-14T16:00:00.000000000,2022-07-17T03:00:00.000000000,3064.691650390625,5730.2001953125
4179,gironde_2022,train,2022-07-14T17:00:00.000000000,2022-07-17T04:00:00.000000000,2839.608154296875,5730.2001953125
4180,gironde_2022,train,2022-07-14T18:00:00.000000000,2022-07-17T05:00:00.000000000,2555.158447265625,5730.2001953125
4181,gironde_2022,train,2022-07-14T19:00:00.000000000,2022-07-17T06:00:00.000000000,2085.983154296875,4874.60009765625
4182,gironde_2022,train,2022-07-14T20:00:00.000000000,2022-07-17T07:00:00.000000000,1693.0999755859375,3843.60009765625
4183,gironde_2022,train,2022-07-14T21:00:00.000000000,2022-07-17T08:00:00.000000000,1414.0582275390625,3183.5
4184,gironde_2022,train,2022-07-14T22:00:00.000000000,2022-07-17T09:00:00.000000000,1226.4249267578125,2980.199951171875
4185,gironde_2022,train,2022-07-14T23:00:00.000000000,2022-07-17T10:00:00.000000000,1140.183349609375,1998.300048828125
4186,gironde_2022,train,2022-07-15T00:00:00.000000000,2022-07-17T11:00:00.000000000,1224.6666259765625,3012.10009765625
4187,gironde_2022,train,2022-07-15T01:00:00.000000000,2022-07-17T12:00:00.000000000,1321.1083984375,3012.10009765625
4188,gironde_2022,train,2022-07-15T02:00:00.000000000,2022-07-17T13:00:00.000000000,1501.716796875,4164.89990234375
4189,gironde_2022,train,2022-07-15T03:00:00.000000000,2022-07-17T14:00:00.000000000,1811.2584228515625,5209.2998046875
4190,gironde_2022,train,2022-07-15T04:00:00.000000000,2022-07-17T15:00:00.000000000,2260.333251953125,6623.2998046875
4191,gironde_2022,train,2022-07-15T05:00:00.000000000,2022-07-17T16:00:00.000000000,2730.541748046875,6623.2998046875
4192,gironde_2022,train,2022-07-15T06:00:00.000000000,2022-07-17T17:00:00.000000000,2958.599853515625,6623.2998046875
4193,gironde_2022,train,2022-07-15T07:00:00.000000000,2022-07-17T18:00:00.000000000,3094.7333984375,6623.2998046875
4194,gironde_2022,train,2022-07-15T08:00:00.000000000,2022-07-17T19:00:00.000000000,3236.724609375,6623.2998046875
4195,gironde_2022,train,2022-07-15T09:00:00.000000000,2022-07-17T20:00:00.000000000,3467.2744140625,6623.2998046875
4196,gironde_2022,train,2022-07-15T10:00:00.000000000,2022-07-17T21:00:00.000000000,3874.499755859375,6623.2998046875
4197,gironde_2022,train,2022-07-15T11:00:00.000000000,2022-07-17T22:00:00.000000000,4173.2333984375,6623.2998046875
4198,gironde_2022,train,2022-07-15T12:00:00.000000000,2022-07-17T23:00:00.000000000,4365.36669921875,6623.2998046875
4199,gironde_2022,train,2022-07-15T13:00:00.000000000,2022-07-18T00:00:00.000000000,4586.35009765625,6623.2998046875
4200,gironde_2022,train,2022-07-15T14:00:00.000000000,2022-07-18T01:00:00.000000000,4735.44970703125,6623.2998046875
4201,gironde_2022,train,2022-07-15T15:00:00.000000000,2022-07-18T02:00:00.000000000,4755.03369140625,6623.2998046875
4202,gironde_2022,train,2022-07-15T16:00:00.000000000,2022-07-18T03:00:00.000000000,4634.40869140625,6586.39990234375
4203,gironde_2022,train,2022-07-15T17:00:00.000000000,2022-07-18T04:00:00.000000000,4454.34228515625,5954.10009765625
4204,gironde_2022,train,2022-07-15T18:00:00.000000000,2022-07-18T05:00:00.000000000,4596.55859375,5954.10009765625
4205,gironde_2022,train,2022-07-15T19:00:00.000000000,2022-07-18T06:00:00.000000000,4860.09228515625,5954.10009765625
4206,gironde_2022,train,2022-07-15T20:00:00.000000000,2022-07-18T07:00:00.000000000,5282.78369140625,6936.2001953125
4207,gironde_2022,train,2022-07-15T21:00:00.000000000,2022-07-18T08:00:00.000000000,5959.091796875,11377.400390625
4208,gironde_2022,train,2022-07-15T22:00:00.000000000,2022-07-18T09:00:00.000000000,6291.82470703125,11377.400390625
4209,gironde_2022,train,2022-07-15T23:00:00.000000000,2022-07-18T10:00:00.000000000,6657.36669921875,11377.400390625
4210,gironde_2022,train,2022-07-16T00:00:00.000000000,2022-07-18T11:00:00.000000000,7225.63330078125,12136.900390625
4211,gironde_2022,train,2022-07-16T01:00:00.000000000,2022-07-18T12:00:00.000000000,7909.533203125,13748.5
4212,gironde_2022,train,2022-07-16T02:00:00.000000000,2022-07-18T13:00:00.000000000,8736.625,15879.2001953125
4213,gironde_2022,train,2022-07-16T03:00:00.000000000,2022-07-18T14:00:00.000000000,9748.8671875,17591.19921875
4214,gironde_2022,train,2022-07-16T04:00:00.000000000,2022-07-18T15:00:00.000000000,10510.9921875,17591.19921875
4215,gironde_2022,train,2022-07-16T05:00:00.000000000,2022-07-18T16:00:00.000000000,11153.9169921875,17591.19921875
4216,gironde_2022,train,2022-07-16T06:00:00.000000000,2022-07-18T17:00:00.000000000,11600.4921875,17591.19921875
4217,gironde_2022,train,2022-07-16T07:00:00.000000000,2022-07-18T18:00:00.000000000,12057.1328125,17591.19921875
4218,gironde_2022,train,2022-07-16T08:00:00.000000000,2022-07-18T19:00:00.000000000,12559.2587890625,17591.19921875
4219,gironde_2022,train,2022-07-16T09:00:00.000000000,2022-07-18T20:00:00.000000000,12787.8740234375,17591.19921875
4220,gironde_2022,train,2022-07-16T10:00:00.000000000,2022-07-18T21:00:00.000000000,13273.5,17591.19921875
4221,gironde_2022,train,2022-07-16T11:00:00.000000000,2022-07-18T22:00:00.000000000,13704.8427734375,17591.19921875
4222,gironde_2022,train,2022-07-16T12:00:00.000000000,2022-07-18T23:00:00.000000000,12930.0087890625,17591.19921875
4223,gironde_2022,train,2022-07-16T13:00:00.000000000,2022-07-19T00:00:00.000000000,11848.3662109375,17591.19921875
4224,gironde_2022,train,2022-07-16T14:00:00.000000000,2022-07-19T01:00:00.000000000,10525.099609375,17591.19921875
4225,gironde_2022,train,2022-07-16T15:00:00.000000000,2022-07-19T02:00:00.000000000,9059.166015625,15638.900390625
4226,gironde_2022,train,2022-07-16T16:00:00.000000000,2022-07-19T03:00:00.000000000,7865.724609375,15638.900390625
4227,gironde_2022,train,2022-07-16T17:00:00.000000000,2022-07-19T04:00:00.000000000,6854.0,15638.900390625
4228,gironde_2022,train,2022-07-16T18:00:00.000000000,2022-07-19T05:00:00.000000000,5983.13330078125,15638.900390625
4229,gironde_2022,train,2022-07-16T19:00:00.000000000,2022-07-19T06:00:00.000000000,5118.4833984375,15638.900390625
4230,gironde_2022,train,2022-07-16T20:00:00.000000000,2022-07-19T07:00:00.000000000,4038.341552734375,15638.900390625
4231,gironde_2022,train,2022-07-16T21:00:00.000000000,2022-07-19T08:00:00.000000000,2861.6083984375,15638.900390625
4232,gironde_2022,train,2022-07-16T22:00:00.000000000,2022-07-19T09:00:00.000000000,1558.36669921875,15092.7001953125
4233,gironde_2022,train,2022-07-16T23:00:00.000000000,2022-07-19T10:00:00.000000000,300.64166259765625,2838.89990234375
4234,gironde_2022,train,2022-07-17T00:00:00.000000000,2022-07-19T11:00:00.000000000,64.06666564941406,768.7999877929688
4235,gironde_2022,train,2022-07-17T01:00:00.000000000,2022-07-19T12:00:00.000000000,0.0,0.0
4236,gironde_2022,train,2022-07-17T02:00:00.000000000,2022-07-19T13:00:00.000000000,11.40000057220459,136.8000030517578
4237,gironde_2022,train,2022-07-17T03:00:00.000000000,2022-07-19T14:00:00.000000000,50.616668701171875,470.6000061035156
4238,gironde_2022,train,2022-07-17T04:00:00.000000000,2022-07-19T15:00:00.000000000,111.875,735.0999755859375
4239,gironde_2022,train,2022-07-17T05:00:00.000000000,2022-07-19T16:00:00.000000000,180.2583465576172,820.5999755859375
4240,gironde_2022,train,2022-07-17T06:00:00.000000000,2022-07-19T17:00:00.000000000,306.2583312988281,1512.0
4241,gironde_2022,train,2022-07-17T07:00:00.000000000,2022-07-19T18:00:00.000000000,418.3333435058594,1512.0
4242,gironde_2022,train,2022-07-17T08:00:00.000000000,2022-07-19T19:00:00.000000000,490.3416748046875,1512.0
4243,gironde_2022,train,2022-07-17T09:00:00.000000000,2022-07-19T20:00:00.000000000,490.3416748046875,1512.0
4244,gironde_2022,train,2022-07-17T10:00:00.000000000,2022-07-19T21:00:00.000000000,490.3416748046875,1512.0
4245,gironde_2022,train,2022-07-17T11:00:00.000000000,2022-07-19T22:00:00.000000000,490.3416442871094,1512.0
4246,gironde_2022,train,2022-07-17T12:00:00.000000000,2022-07-19T23:00:00.000000000,490.3416748046875,1512.0
4247,gironde_2022,train,2022-07-17T13:00:00.000000000,2022-07-20T00:00:00.000000000,490.3416748046875,1512.0
4248,gironde_2022,train,2022-07-17T14:00:00.000000000,2022-07-20T01:00:00.000000000,478.941650390625,1512.0
4249,gironde_2022,train,2022-07-17T15:00:00.000000000,2022-07-20T02:00:00.000000000,439.7249755859375,1512.0
4250,gironde_2022,train,2022-07-17T16:00:00.000000000,2022-07-20T03:00:00.000000000,378.4666748046875,1512.0
4251,gironde_2022,train,2022-07-17T17:00:00.000000000,2022-07-20T04:00:00.000000000,310.0833435058594,1512.0
4252,gironde_2022,train,2022-07-17T18:00:00.000000000,2022-07-20T05:00:00.000000000,184.0833282470703,1344.9000244140625
4253,gironde_2022,train,2022-07-17T19:00:00.000000000,2022-07-20T06:00:00.000000000,72.00833129882812,864.0999755859375
4254,gironde_2022,train,2022-07-17T20:00:00.000000000,2022-07-20T07:00:00.000000000,0.0,0.0
4255,gironde_2022,train,2022-07-17T21:00:00.000000000,2022-07-20T08:00:00.000000000,0.0,0.0
4256,gironde_2022,train,2022-07-17T22:00:00.000000000,2022-07-20T09:00:00.000000000,0.0,0.0
4257,gironde_2022,train,2022-07-17T23:00:00.000000000,2022-07-20T10:00:00.000000000,0.0,0.0
4258,gironde_2022,train,2022-07-18T00:00:00.000000000,2022-07-20T11:00:00.000000000,0.0,0.0
4259,gironde_2022,train,2022-07-18T01:00:00.000000000,2022-07-20T12:00:00.000000000,0.0,0.0
4260,gironde_2022,train,2022-07-18T02:00:00.000000000,2022-07-20T13:00:00.000000000,0.0,0.0
4261,gironde_2022,train,2022-07-18T03:00:00.000000000,2022-07-20T14:00:00.000000000,0.0,0.0
4262,gironde_2022,train,2022-07-18T04:00:00.000000000,2022-07-20T15:00:00.000000000,0.0,0.0
4263,gironde_2022,train,2022-07-18T05:00:00.000000000,2022-07-20T16:00:00.000000000,7.383333206176758,88.5999984741211
4264,gironde_2022,train,2022-07-18T06:00:00.000000000,2022-07-20T17:00:00.000000000,7.383333206176758,88.5999984741211
4265,gironde_2022,train,2022-07-18T07:00:00.000000000,2022-07-20T18:00:00.000000000,7.383333206176758,88.5999984741211
4266,gironde_2022,train,2022-07-18T08:00:00.000000000,2022-07-20T19:00:00.000000000,7.383333206176758,88.5999984741211
4267,gironde_2022,train,2022-07-18T09:00:00.000000000,2022-07-20T20:00:00.000000000,7.383333206176758,88.5999984741211
4268,gironde_2022,train,2022-07-18T10:00:00.000000000,2022-07-20T21:00:00.000000000,7.383333206176758,88.5999984741211
4269,gironde_2022,train,2022-07-18T11:00:00.000000000,2022-07-20T22:00:00.000000000,7.383333206176758,88.5999984741211
4270,gironde_2022,train,2022-07-18T12:00:00.000000000,2022-07-20T23:00:00.000000000,7.383333206176758,88.5999984741211
4271,gironde_2022,train,2022-07-18T13:00:00.000000000,2022-07-21T00:00:00.000000000,7.383333206176758,88.5999984741211
4272,gironde_2022,train,2022-07-18T14:00:00.000000000,2022-07-21T01:00:00.000000000,7.383333206176758,88.5999984741211
4273,gironde_2022,train,2022-07-18T15:00:00.000000000,2022-07-21T02:00:00.000000000,7.383333206176758,88.5999984741211
4274,gironde_2022,train,2022-07-18T16:00:00.000000000,2022-07-21T03:00:00.000000000,7.383333206176758,88.5999984741211
4275,gironde_2022,train,2022-07-18T17:00:00.000000000,2022-07-21T04:00:00.000000000,0.0,0.0
4276,gironde_2022,train,2022-07-18T18:00:00.000000000,2022-07-21T05:00:00.000000000,0.0,0.0
4277,gironde_2022,train,2022-07-18T19:00:00.000000000,2022-07-21T06:00:00.000000000,0.0,0.0
4278,gironde_2022,train,2022-07-18T20:00:00.000000000,2022-07-21T07:00:00.000000000,0.0,0.0
4279,gironde_2022,train,2022-07-18T21:00:00.000000000,2022-07-21T08:00:00.000000000,3.4750001430511475,41.70000076293945
4280,gironde_2022,train,2022-07-18T22:00:00.000000000,2022-07-21T09:00:00.000000000,72.6500015258789,830.0999755859375
4281,gironde_2022,train,2022-07-18T23:00:00.000000000,2022-07-21T10:00:00.000000000,195.59999084472656,1475.4000244140625
4282,gironde_2022,train,2022-07-19T00:00:00.000000000,2022-07-21T11:00:00.000000000,354.0416564941406,1901.300048828125
4283,gironde_2022,train,2022-07-19T01:00:00.000000000,2022-07-21T12:00:00.000000000,484.3666687011719,1901.300048828125
4284,gironde_2022,train,2022-07-19T02:00:00.000000000,2022-07-21T13:00:00.000000000,614.5916137695312,1901.300048828125
4285,gironde_2022,train,2022-07-19T03:00:00.000000000,2022-07-21T14:00:00.000000000,696.38330078125,1901.300048828125
4286,gironde_2022,train,2022-07-19T04:00:00.000000000,2022-07-21T15:00:00.000000000,710.1499633789062,1901.300048828125
4287,gironde_2022,train,2022-07-19T05:00:00.000000000,2022-07-21T16:00:00.000000000,710.1500854492188,1901.300048828125
4288,gironde_2022,train,2022-07-19T06:00:00.000000000,2022-07-21T17:00:00.000000000,710.1499633789062,1901.300048828125
4289,gironde_2022,train,2022-07-19T07:00:00.000000000,2022-07-21T18:00:00.000000000,710.1500854492188,1901.300048828125
4290,gironde_2022,train,2022-07-19T08:00:00.000000000,2022-07-21T19:00:00.000000000,710.1499633789062,1901.300048828125
4291,gironde_2022,train,2022-07-19T09:00:00.000000000,2022-07-21T20:00:00.000000000,706.6749877929688,1901.300048828125
4292,gironde_2022,train,2022-07-19T10:00:00.000000000,2022-07-21T21:00:00.000000000,637.5,1901.300048828125
4293,gironde_2022,train,2022-07-19T11:00:00.000000000,2022-07-21T22:00:00.000000000,514.550048828125,1901.300048828125
4294,gironde_2022,train,2022-07-19T12:00:00.000000000,2022-07-21T23:00:00.000000000,356.1083068847656,1563.9000244140625
4295,gironde_2022,train,2022-07-19T13:00:00.000000000,2022-07-22T00:00:00.000000000,225.7833251953125,1562.699951171875
4296,gironde_2022,train,2022-07-19T14:00:00.000000000,2022-07-22T01:00:00.000000000,95.5583267211914,981.5
4297,gironde_2022,train,2022-07-19T15:00:00.000000000,2022-07-22T02:00:00.000000000,13.766666412353516,165.1999969482422
4298,gironde_2022,train,2022-07-19T16:00:00.000000000,2022-07-22T03:00:00.000000000,0.0,0.0
4299,gironde_2022,train,2022-07-19T17:00:00.000000000,2022-07-22T04:00:00.000000000,0.0,0.0
4300,gironde_2022,train,2022-07-19T18:00:00.000000000,2022-07-22T05:00:00.000000000,0.0,0.0
4301,gironde_2022,train,2022-07-19T19:00:00.000000000,2022-07-22T06:00:00.000000000,0.0,0.0
4302,gironde_2022,train,2022-07-19T20:00:00.000000000,2022-07-22T07:00:00.000000000,0.0,0.0
4303,gironde_2022,train,2022-07-19T21:00:00.000000000,2022-07-22T08:00:00.000000000,0.0,0.0
4304,gironde_2022,train,2022-07-19T22:00:00.000000000,2022-07-22T09:00:00.000000000,0.0,0.0
4305,gironde_2022,train,2022-07-19T23:00:00.000000000,2022-07-22T10:00:00.000000000,0.0,0.0
4306,gironde_2022,train,2022-07-20T00:00:00.000000000,2022-07-22T11:00:00.000000000,0.0,0.0
4307,gironde_2022,train,2022-07-20T01:00:00.000000000,2022-07-22T12:00:00.000000000,0.0,0.0
4308,gironde_2022,train,2022-07-20T02:00:00.000000000,2022-07-22T13:00:00.000000000,0.0,0.0
4309,gironde_2022,train,2022-07-20T03:00:00.000000000,2022-07-22T14:00:00.000000000,0.0,0.0
4310,gironde_2022,train,2022-07-20T04:00:00.000000000,2022-07-22T15:00:00.000000000,0.0,0.0
4311,gironde_2022,train,2022-07-20T05:00:00.000000000,2022-07-22T16:00:00.000000000,0.0,0.0
4312,gironde_2022,train,2022-07-20T06:00:00.000000000,2022-07-22T17:00:00.000000000,0.0,0.0
4313,gironde_2022,train,2022-07-20T07:00:00.000000000,2022-07-22T18:00:00.000000000,0.0,0.0
4314,gironde_2022,train,2022-07-20T08:00:00.000000000,2022-07-22T19:00:00.000000000,0.0,0.0
4315,gironde_2022,train,2022-07-20T09:00:00.000000000,2022-07-22T20:00:00.000000000,0.0,0.0
4316,gironde_2022,train,2022-07-20T10:00:00.000000000,2022-07-22T21:00:00.000000000,0.0,0.0
4317,gironde_2022,train,2022-07-20T11:00:00.000000000,2022-07-22T22:00:00.000000000,0.0,0.0
4318,gironde_2022,train,2022-07-20T12:00:00.000000000,2022-07-22T23:00:00.000000000,0.0,0.0
4319,pedrogao_grande_2017,train,2017-06-18T00:00:00.000000000,2017-06-20T11:00:00.000000000,9006.875,21171.5
4320,pedrogao_grande_2017,train,2017-06-18T01:00:00.000000000,2017-06-20T12:00:00.000000000,10421.6328125,21452.30078125
4321,pedrogao_grande_2017,train,2017-06-18T02:00:00.000000000,2017-06-20T13:00:00.000000000,11472.83203125,26711.599609375
4322,pedrogao_grande_2017,train,2017-06-18T03:00:00.000000000,2017-06-20T14:00:00.000000000,13696.18359375,37158.3984375
4323,pedrogao_grande_2017,train,2017-06-18T04:00:00.000000000,2017-06-20T15:00:00.000000000,13456.2998046875,37158.3984375
4324,pedrogao_grande_2017,train,2017-06-18T05:00:00.000000000,2017-06-20T16:00:00.000000000,13291.3916015625,37158.3984375
4325,pedrogao_grande_2017,train,2017-06-18T06:00:00.000000000,2017-06-20T17:00:00.000000000,13407.46484375,37158.3984375
4326,pedrogao_grande_2017,train,2017-06-18T07:00:00.000000000,2017-06-20T18:00:00.000000000,14020.5419921875,37158.3984375
4327,pedrogao_grande_2017,train,2017-06-18T08:00:00.000000000,2017-06-20T19:00:00.000000000,14487.5908203125,37158.3984375
4328,pedrogao_grande_2017,train,2017-06-18T09:00:00.000000000,2017-06-20T20:00:00.000000000,14762.0244140625,37158.3984375
4329,pedrogao_grande_2017,train,2017-06-18T10:00:00.000000000,2017-06-20T21:00:00.000000000,13294.80859375,37158.3984375
4330,pedrogao_grande_2017,train,2017-06-18T11:00:00.000000000,2017-06-20T22:00:00.000000000,11976.5419921875,37158.3984375
4331,pedrogao_grande_2017,train,2017-06-18T12:00:00.000000000,2017-06-20T23:00:00.000000000,10453.6494140625,37158.3984375
4332,pedrogao_grande_2017,train,2017-06-18T13:00:00.000000000,2017-06-21T00:00:00.000000000,8727.9072265625,37158.3984375
4333,pedrogao_grande_2017,train,2017-06-18T14:00:00.000000000,2017-06-21T01:00:00.000000000,6533.95849609375,37158.3984375
4334,pedrogao_grande_2017,train,2017-06-18T15:00:00.000000000,2017-06-21T02:00:00.000000000,3547.374755859375,8534.2001953125
4335,pedrogao_grande_2017,train,2017-06-18T16:00:00.000000000,2017-06-21T03:00:00.000000000,3408.7578125,8534.2001953125
4336,pedrogao_grande_2017,train,2017-06-18T17:00:00.000000000,2017-06-21T04:00:00.000000000,3515.56640625,8534.2001953125
4337,pedrogao_grande_2017,train,2017-06-18T18:00:00.000000000,2017-06-21T05:00:00.000000000,3356.2578125,8534.2001953125
4338,pedrogao_grande_2017,train,2017-06-18T19:00:00.000000000,2017-06-21T06:00:00.000000000,2891.8583984375,8534.2001953125
4339,pedrogao_grande_2017,train,2017-06-18T20:00:00.000000000,2017-06-21T07:00:00.000000000,2564.591552734375,8534.2001953125
4340,pedrogao_grande_2017,train,2017-06-18T21:00:00.000000000,2017-06-21T08:00:00.000000000,2412.666748046875,6711.10009765625
4341,pedrogao_grande_2017,train,2017-06-18T22:00:00.000000000,2017-06-21T09:00:00.000000000,2334.958251953125,6711.10009765625
4342,pedrogao_grande_2017,train,2017-06-18T23:00:00.000000000,2017-06-21T10:00:00.000000000,2537.941650390625,6711.10009765625
4343,pedrogao_grande_2017,train,2017-06-19T00:00:00.000000000,2017-06-21T11:00:00.000000000,2807.224853515625,6711.10009765625
4344,pedrogao_grande_2017,train,2017-06-19T01:00:00.000000000,2017-06-21T12:00:00.000000000,3503.391845703125,9097.400390625
4345,pedrogao_grande_2017,train,2017-06-19T02:00:00.000000000,2017-06-21T13:00:00.000000000,4065.7333984375,9097.400390625
4346,pedrogao_grande_2017,train,2017-06-19T03:00:00.000000000,2017-06-21T14:00:00.000000000,4518.25830078125,9097.400390625
4347,pedrogao_grande_2017,train,2017-06-19T04:00:00.000000000,2017-06-21T15:00:00.000000000,4744.6416015625,9097.400390625
4348,pedrogao_grande_2017,train,2017-06-19T05:00:00.000000000,2017-06-21T16:00:00.000000000,4902.03369140625,9097.400390625
4349,pedrogao_grande_2017,train,2017-06-19T06:00:00.000000000,2017-06-21T17:00:00.000000000,5204.3583984375,9097.400390625
4350,pedrogao_grande_2017,train,2017-06-19T07:00:00.000000000,2017-06-21T18:00:00.000000000,5232.216796875,9097.400390625
4351,pedrogao_grande_2017,train,2017-06-19T08:00:00.000000000,2017-06-21T19:00:00.000000000,5134.83349609375,9097.400390625
4352,pedrogao_grande_2017,train,2017-06-19T09:00:00.000000000,2017-06-21T20:00:00.000000000,4626.00048828125,9097.400390625
4353,pedrogao_grande_2017,train,2017-06-19T10:00:00.000000000,2017-06-21T21:00:00.000000000,4418.51708984375,9097.400390625
4354,pedrogao_grande_2017,train,2017-06-19T11:00:00.000000000,2017-06-21T22:00:00.000000000,3971.675048828125,9097.400390625
4355,pedrogao_grande_2017,train,2017-06-19T12:00:00.000000000,2017-06-21T23:00:00.000000000,3544.55859375,9097.400390625
4356,pedrogao_grande_2017,train,2017-06-19T13:00:00.000000000,2017-06-22T00:00:00.000000000,2789.333251953125,7132.2998046875
4357,pedrogao_grande_2017,train,2017-06-19T14:00:00.000000000,2017-06-22T01:00:00.000000000,2198.675048828125,6749.7001953125
4358,pedrogao_grande_2017,train,2017-06-19T15:00:00.000000000,2017-06-22T02:00:00.000000000,1636.2000732421875,5191.2998046875
4359,pedrogao_grande_2017,train,2017-06-19T16:00:00.000000000,2017-06-22T03:00:00.000000000,1308.6751708984375,5191.2998046875
4360,pedrogao_grande_2017,train,2017-06-19T17:00:00.000000000,2017-06-22T04:00:00.000000000,932.1665649414062,5191.2998046875
4361,pedrogao_grande_2017,train,2017-06-19T18:00:00.000000000,2017-06-22T05:00:00.000000000,499.5583190917969,3077.39990234375
4362,pedrogao_grande_2017,train,2017-06-19T19:00:00.000000000,2017-06-22T06:00:00.000000000,243.1083526611328,2090.5
4363,pedrogao_grande_2017,train,2017-06-19T20:00:00.000000000,2017-06-22T07:00:00.000000000,68.89999389648438,605.0999755859375
4364,pedrogao_grande_2017,train,2017-06-19T21:00:00.000000000,2017-06-22T08:00:00.000000000,18.475000381469727,142.60000610351562
4365,pedrogao_grande_2017,train,2017-06-19T22:00:00.000000000,2017-06-22T09:00:00.000000000,6.591667175292969,44.400001525878906
4366,pedrogao_grande_2017,train,2017-06-19T23:00:00.000000000,2017-06-22T10:00:00.000000000,6.591667175292969,44.400001525878906
4367,pedrogao_grande_2017,train,2017-06-20T00:00:00.000000000,2017-06-22T11:00:00.000000000,6.591667175292969,44.400001525878906
4368,pedrogao_grande_2017,train,2017-06-20T01:00:00.000000000,2017-06-22T12:00:00.000000000,3.700000047683716,44.400001525878906
4369,pedrogao_grande_2017,train,2017-06-20T02:00:00.000000000,2017-06-22T13:00:00.000000000,0.0,0.0
4370,pedrogao_grande_2017,train,2017-06-20T03:00:00.000000000,2017-06-22T14:00:00.000000000,0.0,0.0
4371,pedrogao_grande_2017,train,2017-06-20T04:00:00.000000000,2017-06-22T15:00:00.000000000,52.483333587646484,629.7999877929688
4372,pedrogao_grande_2017,train,2017-06-20T05:00:00.000000000,2017-06-22T16:00:00.000000000,58.94166564941406,629.7999877929688
4373,pedrogao_grande_2017,train,2017-06-20T06:00:00.000000000,2017-06-22T17:00:00.000000000,58.94166564941406,629.7999877929688
4374,pedrogao_grande_2017,train,2017-06-20T07:00:00.000000000,2017-06-22T18:00:00.000000000,58.94166564941406,629.7999877929688
4375,pedrogao_grande_2017,train,2017-06-20T08:00:00.000000000,2017-06-22T19:00:00.000000000,58.94166564941406,629.7999877929688
4376,pedrogao_grande_2017,train,2017-06-20T09:00:00.000000000,2017-06-22T20:00:00.000000000,58.94166564941406,629.7999877929688
4377,pedrogao_grande_2017,train,2017-06-20T10:00:00.000000000,2017-06-22T21:00:00.000000000,58.94166564941406,629.7999877929688
4378,pedrogao_grande_2017,train,2017-06-20T11:00:00.000000000,2017-06-22T22:00:00.000000000,58.94166564941406,629.7999877929688
4379,pedrogao_grande_2017,train,2017-06-20T12:00:00.000000000,2017-06-22T23:00:00.000000000,58.94166564941406,629.7999877929688
4380,north_macedonia_2021,train,2021-07-31T00:00:00.000000000,2021-08-02T11:00:00.000000000,0.0,0.0
4381,north_macedonia_2021,train,2021-07-31T01:00:00.000000000,2021-08-02T12:00:00.000000000,0.0,0.0
4382,north_macedonia_2021,train,2021-07-31T02:00:00.000000000,2021-08-02T13:00:00.000000000,0.0,0.0
4383,north_macedonia_2021,train,2021-07-31T03:00:00.000000000,2021-08-02T14:00:00.000000000,76.25,915.0
4384,north_macedonia_2021,train,2021-07-31T04:00:00.000000000,2021-08-02T15:00:00.000000000,85.7750015258789,915.0
4385,north_macedonia_2021,train,2021-07-31T05:00:00.000000000,2021-08-02T16:00:00.000000000,85.7750015258789,915.0
4386,north_macedonia_2021,train,2021-07-31T06:00:00.000000000,2021-08-02T17:00:00.000000000,85.7750015258789,915.0
4387,north_macedonia_2021,train,2021-07-31T07:00:00.000000000,2021-08-02T18:00:00.000000000,85.7750015258789,915.0
4388,north_macedonia_2021,train,2021-07-31T08:00:00.000000000,2021-08-02T19:00:00.000000000,85.7750015258789,915.0
4389,north_macedonia_2021,train,2021-07-31T09:00:00.000000000,2021-08-02T20:00:00.000000000,85.7750015258789,915.0
4390,north_macedonia_2021,train,2021-07-31T10:00:00.000000000,2021-08-02T21:00:00.000000000,85.7750015258789,915.0
4391,north_macedonia_2021,train,2021-07-31T11:00:00.000000000,2021-08-02T22:00:00.000000000,85.7750015258789,915.0
4392,north_macedonia_2021,train,2021-07-31T12:00:00.000000000,2021-08-02T23:00:00.000000000,85.7750015258789,915.0
4393,north_macedonia_2021,train,2021-07-31T13:00:00.000000000,2021-08-03T00:00:00.000000000,85.7750015258789,915.0
4394,north_macedonia_2021,train,2021-07-31T14:00:00.000000000,2021-08-03T01:00:00.000000000,85.7750015258789,915.0
4395,north_macedonia_2021,train,2021-07-31T15:00:00.000000000,2021-08-03T02:00:00.000000000,9.52500057220459,114.30000305175781
4396,north_macedonia_2021,train,2021-07-31T16:00:00.000000000,2021-08-03T03:00:00.000000000,0.0,0.0
4397,north_macedonia_2021,train,2021-07-31T17:00:00.000000000,2021-08-03T04:00:00.000000000,0.0,0.0
4398,north_macedonia_2021,train,2021-07-31T18:00:00.000000000,2021-08-03T05:00:00.000000000,0.0,0.0
4399,north_macedonia_2021,train,2021-07-31T19:00:00.000000000,2021-08-03T06:00:00.000000000,0.0,0.0
4400,north_macedonia_2021,train,2021-07-31T20:00:00.000000000,2021-08-03T07:00:00.000000000,0.0,0.0
4401,north_macedonia_2021,train,2021-07-31T21:00:00.000000000,2021-08-03T08:00:00.000000000,0.0,0.0
4402,north_macedonia_2021,train,2021-07-31T22:00:00.000000000,2021-08-03T09:00:00.000000000,0.0,0.0
4403,north_macedonia_2021,train,2021-07-31T23:00:00.000000000,2021-08-03T10:00:00.000000000,0.0,0.0
4404,north_macedonia_2021,train,2021-08-01T00:00:00.000000000,2021-08-03T11:00:00.000000000,0.0,0.0
4405,north_macedonia_2021,train,2021-08-01T01:00:00.000000000,2021-08-03T12:00:00.000000000,0.0,0.0
4406,north_macedonia_2021,train,2021-08-01T02:00:00.000000000,2021-08-03T13:00:00.000000000,0.0,0.0
4407,north_macedonia_2021,train,2021-08-01T03:00:00.000000000,2021-08-03T14:00:00.000000000,0.0,0.0
4408,north_macedonia_2021,train,2021-08-01T04:00:00.000000000,2021-08-03T15:00:00.000000000,0.0,0.0
4409,north_macedonia_2021,train,2021-08-01T05:00:00.000000000,2021-08-03T16:00:00.000000000,0.0,0.0
4410,north_macedonia_2021,train,2021-08-01T06:00:00.000000000,2021-08-03T17:00:00.000000000,0.0,0.0
4411,north_macedonia_2021,train,2021-08-01T07:00:00.000000000,2021-08-03T18:00:00.000000000,0.0,0.0
4412,north_macedonia_2021,train,2021-08-01T08:00:00.000000000,2021-08-03T19:00:00.000000000,0.0,0.0
4413,north_macedonia_2021,train,2021-08-01T09:00:00.000000000,2021-08-03T20:00:00.000000000,0.0,0.0
4414,north_macedonia_2021,train,2021-08-01T10:00:00.000000000,2021-08-03T21:00:00.000000000,0.0,0.0
4415,north_macedonia_2021,train,2021-08-01T11:00:00.000000000,2021-08-03T22:00:00.000000000,0.0,0.0
4416,north_macedonia_2021,train,2021-08-01T12:00:00.000000000,2021-08-03T23:00:00.000000000,0.0,0.0
4417,north_macedonia_2021,train,2021-08-01T13:00:00.000000000,2021-08-04T00:00:00.000000000,0.0,0.0
4418,north_macedonia_2021,train,2021-08-01T14:00:00.000000000,2021-08-04T01:00:00.000000000,0.0,0.0
4419,north_macedonia_2021,train,2021-08-01T15:00:00.000000000,2021-08-04T02:00:00.000000000,0.0,0.0
4420,north_macedonia_2021,train,2021-08-01T16:00:00.000000000,2021-08-04T03:00:00.000000000,0.0,0.0
4421,north_macedonia_2021,train,2021-08-01T17:00:00.000000000,2021-08-04T04:00:00.000000000,0.0,0.0
4422,north_macedonia_2021,train,2021-08-01T18:00:00.000000000,2021-08-04T05:00:00.000000000,0.0,0.0
4423,north_macedonia_2021,train,2021-08-01T19:00:00.000000000,2021-08-04T06:00:00.000000000,0.0,0.0
4424,north_macedonia_2021,train,2021-08-01T20:00:00.000000000,2021-08-04T07:00:00.000000000,0.0,0.0
4425,north_macedonia_2021,train,2021-08-01T21:00:00.000000000,2021-08-04T08:00:00.000000000,0.0,0.0
4426,north_macedonia_2021,train,2021-08-01T22:00:00.000000000,2021-08-04T09:00:00.000000000,0.0,0.0
4427,north_macedonia_2021,train,2021-08-01T23:00:00.000000000,2021-08-04T10:00:00.000000000,0.0,0.0
4428,north_macedonia_2021,train,2021-08-02T00:00:00.000000000,2021-08-04T11:00:00.000000000,0.0,0.0
4429,north_macedonia_2021,train,2021-08-02T01:00:00.000000000,2021-08-04T12:00:00.000000000,0.0,0.0
4430,north_macedonia_2021,train,2021-08-02T02:00:00.000000000,2021-08-04T13:00:00.000000000,0.0,0.0
4431,north_macedonia_2021,train,2021-08-02T03:00:00.000000000,2021-08-04T14:00:00.000000000,0.0,0.0
4432,north_macedonia_2021,train,2021-08-02T04:00:00.000000000,2021-08-04T15:00:00.000000000,5.933332920074463,71.19999694824219
4433,north_macedonia_2021,train,2021-08-02T05:00:00.000000000,2021-08-04T16:00:00.000000000,5.933332920074463,71.19999694824219
4434,north_macedonia_2021,train,2021-08-02T06:00:00.000000000,2021-08-04T17:00:00.000000000,5.933332920074463,71.19999694824219
4435,north_macedonia_2021,train,2021-08-02T07:00:00.000000000,2021-08-04T18:00:00.000000000,5.933332920074463,71.19999694824219
4436,north_macedonia_2021,train,2021-08-02T08:00:00.000000000,2021-08-04T19:00:00.000000000,5.933332920074463,71.19999694824219
4437,north_macedonia_2021,train,2021-08-02T09:00:00.000000000,2021-08-04T20:00:00.000000000,5.933332920074463,71.19999694824219
4438,north_macedonia_2021,train,2021-08-02T10:00:00.000000000,2021-08-04T21:00:00.000000000,5.933332920074463,71.19999694824219
4439,north_macedonia_2021,train,2021-08-02T11:00:00.000000000,2021-08-04T22:00:00.000000000,5.933332920074463,71.19999694824219
4440,north_macedonia_2021,train,2021-08-02T12:00:00.000000000,2021-08-04T23:00:00.000000000,5.933332920074463,71.19999694824219
4441,north_macedonia_2021,train,2021-08-02T13:00:00.000000000,2021-08-05T00:00:00.000000000,5.933332920074463,71.19999694824219
4442,north_macedonia_2021,train,2021-08-02T14:00:00.000000000,2021-08-05T01:00:00.000000000,5.933332920074463,71.19999694824219
4443,north_macedonia_2021,train,2021-08-02T15:00:00.000000000,2021-08-05T02:00:00.000000000,5.933332920074463,71.19999694824219
4444,north_macedonia_2021,train,2021-08-02T16:00:00.000000000,2021-08-05T03:00:00.000000000,0.0,0.0
4445,north_macedonia_2021,train,2021-08-02T17:00:00.000000000,2021-08-05T04:00:00.000000000,0.0,0.0
4446,north_macedonia_2021,train,2021-08-02T18:00:00.000000000,2021-08-05T05:00:00.000000000,0.0,0.0
4447,north_macedonia_2021,train,2021-08-02T19:00:00.000000000,2021-08-05T06:00:00.000000000,0.0,0.0
4448,north_macedonia_2021,train,2021-08-02T20:00:00.000000000,2021-08-05T07:00:00.000000000,0.0,0.0
4449,north_macedonia_2021,train,2021-08-02T21:00:00.000000000,2021-08-05T08:00:00.000000000,0.0,0.0
4450,north_macedonia_2021,train,2021-08-02T22:00:00.000000000,2021-08-05T09:00:00.000000000,0.0,0.0
4451,north_macedonia_2021,train,2021-08-02T23:00:00.000000000,2021-08-05T10:00:00.000000000,0.0,0.0
4452,north_macedonia_2021,train,2021-08-03T00:00:00.000000000,2021-08-05T11:00:00.000000000,0.0,0.0
4453,north_macedonia_2021,train,2021-08-03T01:00:00.000000000,2021-08-05T12:00:00.000000000,0.0,0.0
4454,north_macedonia_2021,train,2021-08-03T02:00:00.000000000,2021-08-05T13:00:00.000000000,0.0,0.0
4455,north_macedonia_2021,train,2021-08-03T03:00:00.000000000,2021-08-05T14:00:00.000000000,0.0,0.0
4456,north_macedonia_2021,train,2021-08-03T04:00:00.000000000,2021-08-05T15:00:00.000000000,0.0,0.0
4457,north_macedonia_2021,train,2021-08-03T05:00:00.000000000,2021-08-05T16:00:00.000000000,0.0,0.0
4458,north_macedonia_2021,train,2021-08-03T06:00:00.000000000,2021-08-05T17:00:00.000000000,0.0,0.0
4459,north_macedonia_2021,train,2021-08-03T07:00:00.000000000,2021-08-05T18:00:00.000000000,0.0,0.0
4460,north_macedonia_2021,train,2021-08-03T08:00:00.000000000,2021-08-05T19:00:00.000000000,0.0,0.0
4461,north_macedonia_2021,train,2021-08-03T09:00:00.000000000,2021-08-05T20:00:00.000000000,0.0,0.0
4462,north_macedonia_2021,train,2021-08-03T10:00:00.000000000,2021-08-05T21:00:00.000000000,0.0,0.0
4463,north_macedonia_2021,train,2021-08-03T11:00:00.000000000,2021-08-05T22:00:00.000000000,0.0,0.0
4464,north_macedonia_2021,train,2021-08-03T12:00:00.000000000,2021-08-05T23:00:00.000000000,0.0,0.0
4465,north_macedonia_2021,train,2021-08-03T13:00:00.000000000,2021-08-06T00:00:00.000000000,0.0,0.0
4466,north_macedonia_2021,train,2021-08-03T14:00:00.000000000,2021-08-06T01:00:00.000000000,0.0,0.0
4467,north_macedonia_2021,train,2021-08-03T15:00:00.000000000,2021-08-06T02:00:00.000000000,0.0,0.0
4468,north_macedonia_2021,train,2021-08-03T16:00:00.000000000,2021-08-06T03:00:00.000000000,0.0,0.0
4469,north_macedonia_2021,train,2021-08-03T17:00:00.000000000,2021-08-06T04:00:00.000000000,0.0,0.0
4470,north_macedonia_2021,train,2021-08-03T18:00:00.000000000,2021-08-06T05:00:00.000000000,0.0,0.0
4471,north_macedonia_2021,train,2021-08-03T19:00:00.000000000,2021-08-06T06:00:00.000000000,0.0,0.0
4472,north_macedonia_2021,train,2021-08-03T20:00:00.000000000,2021-08-06T07:00:00.000000000,0.0,0.0
4473,north_macedonia_2021,train,2021-08-03T21:00:00.000000000,2021-08-06T08:00:00.000000000,0.0,0.0
4474,north_macedonia_2021,train,2021-08-03T22:00:00.000000000,2021-08-06T09:00:00.000000000,0.0,0.0
4475,north_macedonia_2021,train,2021-08-03T23:00:00.000000000,2021-08-06T10:00:00.000000000,0.0,0.0
4476,north_macedonia_2021,train,2021-08-04T00:00:00.000000000,2021-08-06T11:00:00.000000000,0.0,0.0
4477,north_macedonia_2021,train,2021-08-04T01:00:00.000000000,2021-08-06T12:00:00.000000000,0.0,0.0
4478,north_macedonia_2021,train,2021-08-04T02:00:00.000000000,2021-08-06T13:00:00.000000000,0.0,0.0
4479,north_macedonia_2021,train,2021-08-04T03:00:00.000000000,2021-08-06T14:00:00.000000000,0.0,0.0
4480,north_macedonia_2021,train,2021-08-04T04:00:00.000000000,2021-08-06T15:00:00.000000000,0.0,0.0
4481,north_macedonia_2021,train,2021-08-04T05:00:00.000000000,2021-08-06T16:00:00.000000000,0.0,0.0
4482,north_macedonia_2021,train,2021-08-04T06:00:00.000000000,2021-08-06T17:00:00.000000000,0.0,0.0
4483,north_macedonia_2021,train,2021-08-04T07:00:00.000000000,2021-08-06T18:00:00.000000000,0.0,0.0
4484,north_macedonia_2021,train,2021-08-04T08:00:00.000000000,2021-08-06T19:00:00.000000000,0.0,0.0
4485,north_macedonia_2021,train,2021-08-04T09:00:00.000000000,2021-08-06T20:00:00.000000000,0.0,0.0
4486,north_macedonia_2021,train,2021-08-04T10:00:00.000000000,2021-08-06T21:00:00.000000000,0.0,0.0
4487,north_macedonia_2021,train,2021-08-04T11:00:00.000000000,2021-08-06T22:00:00.000000000,0.0,0.0
4488,north_macedonia_2021,train,2021-08-04T12:00:00.000000000,2021-08-06T23:00:00.000000000,0.0,0.0
4489,north_macedonia_2021,train,2021-08-04T13:00:00.000000000,2021-08-07T00:00:00.000000000,0.0,0.0
4490,north_macedonia_2021,train,2021-08-04T14:00:00.000000000,2021-08-07T01:00:00.000000000,0.0,0.0
4491,north_macedonia_2021,train,2021-08-04T15:00:00.000000000,2021-08-07T02:00:00.000000000,0.0,0.0
4492,north_macedonia_2021,train,2021-08-04T16:00:00.000000000,2021-08-07T03:00:00.000000000,0.0,0.0
4493,north_macedonia_2021,train,2021-08-04T17:00:00.000000000,2021-08-07T04:00:00.000000000,0.0,0.0
4494,north_macedonia_2021,train,2021-08-04T18:00:00.000000000,2021-08-07T05:00:00.000000000,0.0,0.0
4495,north_macedonia_2021,train,2021-08-04T19:00:00.000000000,2021-08-07T06:00:00.000000000,0.0,0.0
4496,north_macedonia_2021,train,2021-08-04T20:00:00.000000000,2021-08-07T07:00:00.000000000,0.0,0.0
4497,north_macedonia_2021,train,2021-08-04T21:00:00.000000000,2021-08-07T08:00:00.000000000,0.0,0.0
4498,north_macedonia_2021,train,2021-08-04T22:00:00.000000000,2021-08-07T09:00:00.000000000,4.433333396911621,53.20000076293945
4499,north_macedonia_2021,train,2021-08-04T23:00:00.000000000,2021-08-07T10:00:00.000000000,4.433333396911621,53.20000076293945
4500,north_macedonia_2021,train,2021-08-05T00:00:00.000000000,2021-08-07T11:00:00.000000000,9.966667175292969,66.4000015258789
4501,north_macedonia_2021,train,2021-08-05T01:00:00.000000000,2021-08-07T12:00:00.000000000,24.950002670288086,179.8000030517578
4502,north_macedonia_2021,train,2021-08-05T02:00:00.000000000,2021-08-07T13:00:00.000000000,24.950002670288086,179.8000030517578
4503,north_macedonia_2021,train,2021-08-05T03:00:00.000000000,2021-08-07T14:00:00.000000000,24.950002670288086,179.8000030517578
4504,north_macedonia_2021,train,2021-08-05T04:00:00.000000000,2021-08-07T15:00:00.000000000,24.950002670288086,179.8000030517578
4505,north_macedonia_2021,train,2021-08-05T05:00:00.000000000,2021-08-07T16:00:00.000000000,24.950002670288086,179.8000030517578
4506,north_macedonia_2021,train,2021-08-05T06:00:00.000000000,2021-08-07T17:00:00.000000000,24.950002670288086,179.8000030517578
4507,north_macedonia_2021,train,2021-08-05T07:00:00.000000000,2021-08-07T18:00:00.000000000,24.950002670288086,179.8000030517578
4508,north_macedonia_2021,train,2021-08-05T08:00:00.000000000,2021-08-07T19:00:00.000000000,24.950002670288086,179.8000030517578
4509,north_macedonia_2021,train,2021-08-05T09:00:00.000000000,2021-08-07T20:00:00.000000000,24.950002670288086,179.8000030517578
4510,north_macedonia_2021,train,2021-08-05T10:00:00.000000000,2021-08-07T21:00:00.000000000,20.51666831970215,179.8000030517578
4511,north_macedonia_2021,train,2021-08-05T11:00:00.000000000,2021-08-07T22:00:00.000000000,20.51666831970215,179.8000030517578
4512,north_macedonia_2021,train,2021-08-05T12:00:00.000000000,2021-08-07T23:00:00.000000000,14.983333587646484,179.8000030517578
4513,north_macedonia_2021,train,2021-08-05T13:00:00.000000000,2021-08-08T00:00:00.000000000,0.0,0.0
4514,north_macedonia_2021,train,2021-08-05T14:00:00.000000000,2021-08-08T01:00:00.000000000,0.0,0.0
4515,north_macedonia_2021,train,2021-08-05T15:00:00.000000000,2021-08-08T02:00:00.000000000,0.0,0.0
4516,north_macedonia_2021,train,2021-08-05T16:00:00.000000000,2021-08-08T03:00:00.000000000,0.0,0.0
4517,north_macedonia_2021,train,2021-08-05T17:00:00.000000000,2021-08-08T04:00:00.000000000,0.0,0.0
4518,north_macedonia_2021,train,2021-08-05T18:00:00.000000000,2021-08-08T05:00:00.000000000,0.0,0.0
4519,north_macedonia_2021,train,2021-08-05T19:00:00.000000000,2021-08-08T06:00:00.000000000,0.0,0.0
4520,north_macedonia_2021,train,2021-08-05T20:00:00.000000000,2021-08-08T07:00:00.000000000,0.0,0.0
4521,north_macedonia_2021,train,2021-08-05T21:00:00.000000000,2021-08-08T08:00:00.000000000,0.0,0.0
4522,north_macedonia_2021,train,2021-08-05T22:00:00.000000000,2021-08-08T09:00:00.000000000,0.0,0.0
4523,north_macedonia_2021,train,2021-08-05T23:00:00.000000000,2021-08-08T10:00:00.000000000,0.0,0.0
4524,north_macedonia_2021,train,2021-08-06T00:00:00.000000000,2021-08-08T11:00:00.000000000,17.46666717529297,209.60000610351562
4525,north_macedonia_2021,train,2021-08-06T01:00:00.000000000,2021-08-08T12:00:00.000000000,17.46666717529297,209.60000610351562
4526,north_macedonia_2021,train,2021-08-06T02:00:00.000000000,2021-08-08T13:00:00.000000000,17.46666717529297,209.60000610351562
4527,north_macedonia_2021,train,2021-08-06T03:00:00.000000000,2021-08-08T14:00:00.000000000,17.46666717529297,209.60000610351562
4528,north_macedonia_2021,train,2021-08-06T04:00:00.000000000,2021-08-08T15:00:00.000000000,17.46666717529297,209.60000610351562
4529,north_macedonia_2021,train,2021-08-06T05:00:00.000000000,2021-08-08T16:00:00.000000000,17.46666717529297,209.60000610351562
4530,north_macedonia_2021,train,2021-08-06T06:00:00.000000000,2021-08-08T17:00:00.000000000,17.46666717529297,209.60000610351562
4531,north_macedonia_2021,train,2021-08-06T07:00:00.000000000,2021-08-08T18:00:00.000000000,17.46666717529297,209.60000610351562
4532,north_macedonia_2021,train,2021-08-06T08:00:00.000000000,2021-08-08T19:00:00.000000000,17.46666717529297,209.60000610351562
4533,north_macedonia_2021,train,2021-08-06T09:00:00.000000000,2021-08-08T20:00:00.000000000,17.46666717529297,209.60000610351562
4534,north_macedonia_2021,train,2021-08-06T10:00:00.000000000,2021-08-08T21:00:00.000000000,17.46666717529297,209.60000610351562
4535,north_macedonia_2021,train,2021-08-06T11:00:00.000000000,2021-08-08T22:00:00.000000000,17.46666717529297,209.60000610351562
4536,north_macedonia_2021,train,2021-08-06T12:00:00.000000000,2021-08-08T23:00:00.000000000,0.0,0.0
4537,north_macedonia_2021,train,2021-08-06T13:00:00.000000000,2021-08-09T00:00:00.000000000,0.0,0.0
4538,north_macedonia_2021,train,2021-08-06T14:00:00.000000000,2021-08-09T01:00:00.000000000,0.0,0.0
4539,north_macedonia_2021,train,2021-08-06T15:00:00.000000000,2021-08-09T02:00:00.000000000,0.0,0.0
4540,north_macedonia_2021,train,2021-08-06T16:00:00.000000000,2021-08-09T03:00:00.000000000,0.0,0.0
4541,north_macedonia_2021,train,2021-08-06T17:00:00.000000000,2021-08-09T04:00:00.000000000,0.0,0.0
4542,north_macedonia_2021,train,2021-08-06T18:00:00.000000000,2021-08-09T05:00:00.000000000,0.0,0.0
4543,north_macedonia_2021,train,2021-08-06T19:00:00.000000000,2021-08-09T06:00:00.000000000,0.0,0.0
4544,north_macedonia_2021,train,2021-08-06T20:00:00.000000000,2021-08-09T07:00:00.000000000,0.0,0.0
4545,north_macedonia_2021,train,2021-08-06T21:00:00.000000000,2021-08-09T08:00:00.000000000,0.0,0.0
4546,north_macedonia_2021,train,2021-08-06T22:00:00.000000000,2021-08-09T09:00:00.000000000,0.0,0.0
4547,north_macedonia_2021,train,2021-08-06T23:00:00.000000000,2021-08-09T10:00:00.000000000,0.0,0.0
4548,north_macedonia_2021,train,2021-08-07T00:00:00.000000000,2021-08-09T11:00:00.000000000,0.0,0.0
4549,north_macedonia_2021,train,2021-08-07T01:00:00.000000000,2021-08-09T12:00:00.000000000,0.0,0.0
4550,north_macedonia_2021,train,2021-08-07T02:00:00.000000000,2021-08-09T13:00:00.000000000,0.0,0.0
4551,north_macedonia_2021,train,2021-08-07T03:00:00.000000000,2021-08-09T14:00:00.000000000,8.216666221618652,98.5999984741211
4552,north_macedonia_2021,train,2021-08-07T04:00:00.000000000,2021-08-09T15:00:00.000000000,8.216666221618652,98.5999984741211
4553,north_macedonia_2021,train,2021-08-07T05:00:00.000000000,2021-08-09T16:00:00.000000000,8.216666221618652,98.5999984741211
4554,north_macedonia_2021,train,2021-08-07T06:00:00.000000000,2021-08-09T17:00:00.000000000,8.216666221618652,98.5999984741211
4555,north_macedonia_2021,train,2021-08-07T07:00:00.000000000,2021-08-09T18:00:00.000000000,8.216666221618652,98.5999984741211
4556,north_macedonia_2021,train,2021-08-07T08:00:00.000000000,2021-08-09T19:00:00.000000000,8.216666221618652,98.5999984741211
4557,north_macedonia_2021,train,2021-08-07T09:00:00.000000000,2021-08-09T20:00:00.000000000,8.216666221618652,98.5999984741211
4558,north_macedonia_2021,train,2021-08-07T10:00:00.000000000,2021-08-09T21:00:00.000000000,8.216666221618652,98.5999984741211
4559,north_macedonia_2021,train,2021-08-07T11:00:00.000000000,2021-08-09T22:00:00.000000000,8.216666221618652,98.5999984741211
4560,north_macedonia_2021,train,2021-08-07T12:00:00.000000000,2021-08-09T23:00:00.000000000,8.216666221618652,98.5999984741211
4561,north_macedonia_2021,train,2021-08-07T13:00:00.000000000,2021-08-10T00:00:00.000000000,8.216666221618652,98.5999984741211
4562,north_macedonia_2021,train,2021-08-07T14:00:00.000000000,2021-08-10T01:00:00.000000000,8.216666221618652,98.5999984741211
4563,north_macedonia_2021,train,2021-08-07T15:00:00.000000000,2021-08-10T02:00:00.000000000,0.0,0.0
4564,north_macedonia_2021,train,2021-08-07T16:00:00.000000000,2021-08-10T03:00:00.000000000,0.0,0.0
4565,north_macedonia_2021,train,2021-08-07T17:00:00.000000000,2021-08-10T04:00:00.000000000,0.0,0.0
4566,north_macedonia_2021,train,2021-08-07T18:00:00.000000000,2021-08-10T05:00:00.000000000,0.0,0.0
4567,north_macedonia_2021,train,2021-08-07T19:00:00.000000000,2021-08-10T06:00:00.000000000,0.0,0.0
4568,north_macedonia_2021,train,2021-08-07T20:00:00.000000000,2021-08-10T07:00:00.000000000,0.0,0.0
4569,north_macedonia_2021,train,2021-08-07T21:00:00.000000000,2021-08-10T08:00:00.000000000,0.0,0.0
4570,north_macedonia_2021,train,2021-08-07T22:00:00.000000000,2021-08-10T09:00:00.000000000,0.0,0.0
4571,north_macedonia_2021,train,2021-08-07T23:00:00.000000000,2021-08-10T10:00:00.000000000,22.03333282470703,264.3999938964844
4572,north_macedonia_2021,train,2021-08-08T00:00:00.000000000,2021-08-10T11:00:00.000000000,38.58333206176758,264.3999938964844
4573,north_macedonia_2021,train,2021-08-08T01:00:00.000000000,2021-08-10T12:00:00.000000000,71.79999542236328,398.6000061035156
4574,north_macedonia_2021,train,2021-08-08T02:00:00.000000000,2021-08-10T13:00:00.000000000,397.1666564941406,3904.39990234375
4575,north_macedonia_2021,train,2021-08-08T03:00:00.000000000,2021-08-10T14:00:00.000000000,503.7666931152344,3904.39990234375
4576,north_macedonia_2021,train,2021-08-08T04:00:00.000000000,2021-08-10T15:00:00.000000000,523.86669921875,3904.39990234375
4577,north_macedonia_2021,train,2021-08-08T05:00:00.000000000,2021-08-10T16:00:00.000000000,523.86669921875,3904.39990234375
4578,north_macedonia_2021,train,2021-08-08T06:00:00.000000000,2021-08-10T17:00:00.000000000,523.86669921875,3904.39990234375
4579,north_macedonia_2021,train,2021-08-08T07:00:00.000000000,2021-08-10T18:00:00.000000000,523.8666381835938,3904.39990234375
4580,north_macedonia_2021,train,2021-08-08T08:00:00.000000000,2021-08-10T19:00:00.000000000,523.8666381835938,3904.39990234375
4581,north_macedonia_2021,train,2021-08-08T09:00:00.000000000,2021-08-10T20:00:00.000000000,523.8666381835938,3904.39990234375
4582,north_macedonia_2021,train,2021-08-08T10:00:00.000000000,2021-08-10T21:00:00.000000000,523.8666381835938,3904.39990234375
4583,north_macedonia_2021,train,2021-08-08T11:00:00.000000000,2021-08-10T22:00:00.000000000,501.8333435058594,3904.39990234375
4584,north_macedonia_2021,train,2021-08-08T12:00:00.000000000,2021-08-10T23:00:00.000000000,485.2833251953125,3904.39990234375
4585,north_macedonia_2021,train,2021-08-08T13:00:00.000000000,2021-08-11T00:00:00.000000000,452.066650390625,3904.39990234375
4586,north_macedonia_2021,train,2021-08-08T14:00:00.000000000,2021-08-11T01:00:00.000000000,126.69998931884766,1279.199951171875
4587,north_macedonia_2021,train,2021-08-08T15:00:00.000000000,2021-08-11T02:00:00.000000000,20.100000381469727,241.1999969482422
4588,north_macedonia_2021,train,2021-08-08T16:00:00.000000000,2021-08-11T03:00:00.000000000,0.0,0.0
4589,north_macedonia_2021,train,2021-08-08T17:00:00.000000000,2021-08-11T04:00:00.000000000,0.0,0.0
4590,north_macedonia_2021,train,2021-08-08T18:00:00.000000000,2021-08-11T05:00:00.000000000,0.0,0.0
4591,north_macedonia_2021,train,2021-08-08T19:00:00.000000000,2021-08-11T06:00:00.000000000,0.0,0.0
4592,north_macedonia_2021,train,2021-08-08T20:00:00.000000000,2021-08-11T07:00:00.000000000,0.0,0.0
4593,north_macedonia_2021,train,2021-08-08T21:00:00.000000000,2021-08-11T08:00:00.000000000,0.0,0.0
4594,north_macedonia_2021,train,2021-08-08T22:00:00.000000000,2021-08-11T09:00:00.000000000,0.0,0.0
4595,north_macedonia_2021,train,2021-08-08T23:00:00.000000000,2021-08-11T10:00:00.000000000,0.0,0.0
4596,north_macedonia_2021,train,2021-08-09T00:00:00.000000000,2021-08-11T11:00:00.000000000,0.0,0.0
4597,north_macedonia_2021,train,2021-08-09T01:00:00.000000000,2021-08-11T12:00:00.000000000,0.0,0.0
4598,north_macedonia_2021,train,2021-08-09T02:00:00.000000000,2021-08-11T13:00:00.000000000,0.0,0.0
4599,north_macedonia_2021,train,2021-08-09T03:00:00.000000000,2021-08-11T14:00:00.000000000,0.0,0.0
4600,north_macedonia_2021,train,2021-08-09T04:00:00.000000000,2021-08-11T15:00:00.000000000,0.0,0.0
4601,north_macedonia_2021,train,2021-08-09T05:00:00.000000000,2021-08-11T16:00:00.000000000,0.0,0.0
4602,north_macedonia_2021,train,2021-08-09T06:00:00.000000000,2021-08-11T17:00:00.000000000,0.0,0.0
4603,north_macedonia_2021,train,2021-08-09T07:00:00.000000000,2021-08-11T18:00:00.000000000,0.0,0.0
4604,north_macedonia_2021,train,2021-08-09T08:00:00.000000000,2021-08-11T19:00:00.000000000,0.0,0.0
4605,north_macedonia_2021,train,2021-08-09T09:00:00.000000000,2021-08-11T20:00:00.000000000,0.0,0.0
4606,north_macedonia_2021,train,2021-08-09T10:00:00.000000000,2021-08-11T21:00:00.000000000,0.0,0.0
4607,north_macedonia_2021,train,2021-08-09T11:00:00.000000000,2021-08-11T22:00:00.000000000,0.0,0.0
4608,north_macedonia_2021,train,2021-08-09T12:00:00.000000000,2021-08-11T23:00:00.000000000,0.0,0.0
4609,north_macedonia_2021,train,2021-08-09T13:00:00.000000000,2021-08-12T00:00:00.000000000,0.0,0.0
4610,north_macedonia_2021,train,2021-08-09T14:00:00.000000000,2021-08-12T01:00:00.000000000,0.0,0.0
4611,north_macedonia_2021,train,2021-08-09T15:00:00.000000000,2021-08-12T02:00:00.000000000,0.0,0.0
4612,north_macedonia_2021,train,2021-08-09T16:00:00.000000000,2021-08-12T03:00:00.000000000,0.0,0.0
4613,north_macedonia_2021,train,2021-08-09T17:00:00.000000000,2021-08-12T04:00:00.000000000,0.0,0.0
4614,north_macedonia_2021,train,2021-08-09T18:00:00.000000000,2021-08-12T05:00:00.000000000,0.0,0.0
4615,north_macedonia_2021,train,2021-08-09T19:00:00.000000000,2021-08-12T06:00:00.000000000,0.0,0.0
4616,north_macedonia_2021,train,2021-08-09T20:00:00.000000000,2021-08-12T07:00:00.000000000,0.0,0.0
4617,north_macedonia_2021,train,2021-08-09T21:00:00.000000000,2021-08-12T08:00:00.000000000,0.0,0.0
4618,north_macedonia_2021,train,2021-08-09T22:00:00.000000000,2021-08-12T09:00:00.000000000,0.0,0.0
4619,north_macedonia_2021,train,2021-08-09T23:00:00.000000000,2021-08-12T10:00:00.000000000,0.0,0.0
4620,north_macedonia_2021,train,2021-08-10T00:00:00.000000000,2021-08-12T11:00:00.000000000,0.0,0.0
4621,north_macedonia_2021,train,2021-08-10T01:00:00.000000000,2021-08-12T12:00:00.000000000,0.0,0.0
4622,north_macedonia_2021,train,2021-08-10T02:00:00.000000000,2021-08-12T13:00:00.000000000,0.0,0.0
4623,north_macedonia_2021,train,2021-08-10T03:00:00.000000000,2021-08-12T14:00:00.000000000,0.0,0.0
4624,north_macedonia_2021,train,2021-08-10T04:00:00.000000000,2021-08-12T15:00:00.000000000,0.0,0.0
4625,north_macedonia_2021,train,2021-08-10T05:00:00.000000000,2021-08-12T16:00:00.000000000,0.0,0.0
4626,north_macedonia_2021,train,2021-08-10T06:00:00.000000000,2021-08-12T17:00:00.000000000,6.116666793823242,73.4000015258789
4627,north_macedonia_2021,train,2021-08-10T07:00:00.000000000,2021-08-12T18:00:00.000000000,6.116666793823242,73.4000015258789
4628,north_macedonia_2021,train,2021-08-10T08:00:00.000000000,2021-08-12T19:00:00.000000000,6.116666793823242,73.4000015258789
4629,north_macedonia_2021,train,2021-08-10T09:00:00.000000000,2021-08-12T20:00:00.000000000,6.116666793823242,73.4000015258789
4630,north_macedonia_2021,train,2021-08-10T10:00:00.000000000,2021-08-12T21:00:00.000000000,6.116666793823242,73.4000015258789
4631,north_macedonia_2021,train,2021-08-10T11:00:00.000000000,2021-08-12T22:00:00.000000000,6.116666793823242,73.4000015258789
4632,north_macedonia_2021,train,2021-08-10T12:00:00.000000000,2021-08-12T23:00:00.000000000,6.116666793823242,73.4000015258789
4633,north_macedonia_2021,train,2021-08-10T13:00:00.000000000,2021-08-13T00:00:00.000000000,6.116666793823242,73.4000015258789
4634,north_macedonia_2021,train,2021-08-10T14:00:00.000000000,2021-08-13T01:00:00.000000000,6.116666793823242,73.4000015258789
4635,north_macedonia_2021,train,2021-08-10T15:00:00.000000000,2021-08-13T02:00:00.000000000,6.116666793823242,73.4000015258789
4636,north_macedonia_2021,train,2021-08-10T16:00:00.000000000,2021-08-13T03:00:00.000000000,6.116666793823242,73.4000015258789
4637,north_macedonia_2021,train,2021-08-10T17:00:00.000000000,2021-08-13T04:00:00.000000000,6.116666793823242,73.4000015258789
4638,north_macedonia_2021,train,2021-08-10T18:00:00.000000000,2021-08-13T05:00:00.000000000,0.0,0.0
4639,north_macedonia_2021,train,2021-08-10T19:00:00.000000000,2021-08-13T06:00:00.000000000,0.0,0.0
4640,north_macedonia_2021,train,2021-08-10T20:00:00.000000000,2021-08-13T07:00:00.000000000,0.0,0.0
4641,north_macedonia_2021,train,2021-08-10T21:00:00.000000000,2021-08-13T08:00:00.000000000,0.0,0.0
4642,north_macedonia_2021,train,2021-08-10T22:00:00.000000000,2021-08-13T09:00:00.000000000,0.0,0.0
4643,north_macedonia_2021,train,2021-08-10T23:00:00.000000000,2021-08-13T10:00:00.000000000,8.333333015441895,100.0
4644,north_macedonia_2021,train,2021-08-11T00:00:00.000000000,2021-08-13T11:00:00.000000000,8.333333015441895,100.0
4645,north_macedonia_2021,train,2021-08-11T01:00:00.000000000,2021-08-13T12:00:00.000000000,8.333333015441895,100.0
4646,north_macedonia_2021,train,2021-08-11T02:00:00.000000000,2021-08-13T13:00:00.000000000,8.333333015441895,100.0
4647,north_macedonia_2021,train,2021-08-11T03:00:00.000000000,2021-08-13T14:00:00.000000000,16.016666412353516,100.0
4648,north_macedonia_2021,train,2021-08-11T04:00:00.000000000,2021-08-13T15:00:00.000000000,35.85000228881836,238.0
4649,north_macedonia_2021,train,2021-08-11T05:00:00.000000000,2021-08-13T16:00:00.000000000,40.71666717529297,238.0
4650,north_macedonia_2021,train,2021-08-11T06:00:00.000000000,2021-08-13T17:00:00.000000000,48.18333435058594,238.0
4651,north_macedonia_2021,train,2021-08-11T07:00:00.000000000,2021-08-13T18:00:00.000000000,83.0,417.79998779296875
4652,north_macedonia_2021,train,2021-08-11T08:00:00.000000000,2021-08-13T19:00:00.000000000,87.3083267211914,417.79998779296875
4653,north_macedonia_2021,train,2021-08-11T09:00:00.000000000,2021-08-13T20:00:00.000000000,87.3083267211914,417.79998779296875
4654,north_macedonia_2021,train,2021-08-11T10:00:00.000000000,2021-08-13T21:00:00.000000000,87.3083267211914,417.79998779296875
4655,north_macedonia_2021,train,2021-08-11T11:00:00.000000000,2021-08-13T22:00:00.000000000,78.9749984741211,417.79998779296875
4656,north_macedonia_2021,train,2021-08-11T12:00:00.000000000,2021-08-13T23:00:00.000000000,78.9749984741211,417.79998779296875
4657,north_macedonia_2021,train,2021-08-11T13:00:00.000000000,2021-08-14T00:00:00.000000000,78.9749984741211,417.79998779296875
4658,north_macedonia_2021,train,2021-08-11T14:00:00.000000000,2021-08-14T01:00:00.000000000,78.9749984741211,417.79998779296875
4659,north_macedonia_2021,train,2021-08-11T15:00:00.000000000,2021-08-14T02:00:00.000000000,71.29166412353516,417.79998779296875
4660,north_macedonia_2021,train,2021-08-11T16:00:00.000000000,2021-08-14T03:00:00.000000000,51.45833206176758,417.79998779296875
4661,north_macedonia_2021,train,2021-08-11T17:00:00.000000000,2021-08-14T04:00:00.000000000,46.5916633605957,417.79998779296875
4662,north_macedonia_2021,train,2021-08-11T18:00:00.000000000,2021-08-14T05:00:00.000000000,39.125,417.79998779296875
4663,north_macedonia_2021,train,2021-08-11T19:00:00.000000000,2021-08-14T06:00:00.000000000,4.308333396911621,51.70000076293945
4664,north_macedonia_2021,train,2021-08-11T20:00:00.000000000,2021-08-14T07:00:00.000000000,0.0,0.0
4665,north_macedonia_2021,train,2021-08-11T21:00:00.000000000,2021-08-14T08:00:00.000000000,0.0,0.0
4666,north_macedonia_2021,train,2021-08-11T22:00:00.000000000,2021-08-14T09:00:00.000000000,0.0,0.0
4667,north_macedonia_2021,train,2021-08-11T23:00:00.000000000,2021-08-14T10:00:00.000000000,30.67500114440918,368.1000061035156
4668,north_macedonia_2021,train,2021-08-12T00:00:00.000000000,2021-08-14T11:00:00.000000000,99.875,830.4000244140625
4669,north_macedonia_2021,train,2021-08-12T01:00:00.000000000,2021-08-14T12:00:00.000000000,99.875,830.4000244140625
4670,north_macedonia_2021,train,2021-08-12T02:00:00.000000000,2021-08-14T13:00:00.000000000,99.875,830.4000244140625
4671,north_macedonia_2021,train,2021-08-12T03:00:00.000000000,2021-08-14T14:00:00.000000000,109.7750015258789,830.4000244140625
4672,north_macedonia_2021,train,2021-08-12T04:00:00.000000000,2021-08-14T15:00:00.000000000,109.7750015258789,830.4000244140625
4673,north_macedonia_2021,train,2021-08-12T05:00:00.000000000,2021-08-14T16:00:00.000000000,109.7750015258789,830.4000244140625
4674,north_macedonia_2021,train,2021-08-12T06:00:00.000000000,2021-08-14T17:00:00.000000000,109.7750015258789,830.4000244140625
4675,north_macedonia_2021,train,2021-08-12T07:00:00.000000000,2021-08-14T18:00:00.000000000,109.7750015258789,830.4000244140625
4676,north_macedonia_2021,train,2021-08-12T08:00:00.000000000,2021-08-14T19:00:00.000000000,109.7750015258789,830.4000244140625
4677,north_macedonia_2021,train,2021-08-12T09:00:00.000000000,2021-08-14T20:00:00.000000000,109.7750015258789,830.4000244140625
4678,north_macedonia_2021,train,2021-08-12T10:00:00.000000000,2021-08-14T21:00:00.000000000,109.7750015258789,830.4000244140625
4679,north_macedonia_2021,train,2021-08-12T11:00:00.000000000,2021-08-14T22:00:00.000000000,79.0999984741211,830.4000244140625
4680,north_macedonia_2021,train,2021-08-12T12:00:00.000000000,2021-08-14T23:00:00.000000000,9.90000057220459,118.80000305175781
4681,north_macedonia_2021,train,2021-08-12T13:00:00.000000000,2021-08-15T00:00:00.000000000,9.90000057220459,118.80000305175781
4682,north_macedonia_2021,train,2021-08-12T14:00:00.000000000,2021-08-15T01:00:00.000000000,9.90000057220459,118.80000305175781
4683,north_macedonia_2021,train,2021-08-12T15:00:00.000000000,2021-08-15T02:00:00.000000000,0.0,0.0
4684,north_macedonia_2021,train,2021-08-12T16:00:00.000000000,2021-08-15T03:00:00.000000000,0.0,0.0
4685,north_macedonia_2021,train,2021-08-12T17:00:00.000000000,2021-08-15T04:00:00.000000000,0.0,0.0
4686,north_macedonia_2021,train,2021-08-12T18:00:00.000000000,2021-08-15T05:00:00.000000000,0.0,0.0
4687,north_macedonia_2021,train,2021-08-12T19:00:00.000000000,2021-08-15T06:00:00.000000000,0.0,0.0
4688,north_macedonia_2021,train,2021-08-12T20:00:00.000000000,2021-08-15T07:00:00.000000000,0.0,0.0
4689,north_macedonia_2021,train,2021-08-12T21:00:00.000000000,2021-08-15T08:00:00.000000000,0.0,0.0
4690,north_macedonia_2021,train,2021-08-12T22:00:00.000000000,2021-08-15T09:00:00.000000000,8.633333206176758,103.5999984741211
4691,north_macedonia_2021,train,2021-08-12T23:00:00.000000000,2021-08-15T10:00:00.000000000,44.64999771118164,432.20001220703125
4692,north_macedonia_2021,train,2021-08-13T00:00:00.000000000,2021-08-15T11:00:00.000000000,44.64999771118164,432.20001220703125
4693,north_macedonia_2021,train,2021-08-13T01:00:00.000000000,2021-08-15T12:00:00.000000000,44.64999771118164,432.20001220703125
4694,north_macedonia_2021,train,2021-08-13T02:00:00.000000000,2021-08-15T13:00:00.000000000,44.64999771118164,432.20001220703125
4695,north_macedonia_2021,train,2021-08-13T03:00:00.000000000,2021-08-15T14:00:00.000000000,46.79166793823242,432.20001220703125
4696,north_macedonia_2021,train,2021-08-13T04:00:00.000000000,2021-08-15T15:00:00.000000000,49.18333435058594,432.20001220703125
4697,north_macedonia_2021,train,2021-08-13T05:00:00.000000000,2021-08-15T16:00:00.000000000,49.18333435058594,432.20001220703125
4698,north_macedonia_2021,train,2021-08-13T06:00:00.000000000,2021-08-15T17:00:00.000000000,49.18333435058594,432.20001220703125
4699,north_macedonia_2021,train,2021-08-13T07:00:00.000000000,2021-08-15T18:00:00.000000000,49.18333435058594,432.20001220703125
4700,north_macedonia_2021,train,2021-08-13T08:00:00.000000000,2021-08-15T19:00:00.000000000,49.18333435058594,432.20001220703125
4701,north_macedonia_2021,train,2021-08-13T09:00:00.000000000,2021-08-15T20:00:00.000000000,49.18333435058594,432.20001220703125
4702,north_macedonia_2021,train,2021-08-13T10:00:00.000000000,2021-08-15T21:00:00.000000000,40.54999923706055,432.20001220703125
4703,north_macedonia_2021,train,2021-08-13T11:00:00.000000000,2021-08-15T22:00:00.000000000,4.5333333015441895,28.700000762939453
4704,north_macedonia_2021,train,2021-08-13T12:00:00.000000000,2021-08-15T23:00:00.000000000,4.5333333015441895,28.700000762939453
4705,el_tarf_2022,train,2022-08-15T00:00:00.000000000,2022-08-17T12:00:00.000000000,150.3249969482422,1273.0999755859375
4706,el_tarf_2022,train,2022-08-15T01:00:00.000000000,2022-08-17T13:00:00.000000000,135.2833251953125,1273.0999755859375
4707,el_tarf_2022,train,2022-08-15T02:00:00.000000000,2022-08-17T14:00:00.000000000,130.2416534423828,1273.0999755859375
4708,el_tarf_2022,train,2022-08-15T03:00:00.000000000,2022-08-17T15:00:00.000000000,122.1833267211914,1273.0999755859375
4709,el_tarf_2022,train,2022-08-15T04:00:00.000000000,2022-08-17T16:00:00.000000000,122.1833267211914,1273.0999755859375
4710,el_tarf_2022,train,2022-08-15T05:00:00.000000000,2022-08-17T17:00:00.000000000,173.6666717529297,1273.0999755859375
4711,el_tarf_2022,train,2022-08-15T06:00:00.000000000,2022-08-17T18:00:00.000000000,782.2749633789062,7333.7998046875
4712,el_tarf_2022,train,2022-08-15T07:00:00.000000000,2022-08-17T19:00:00.000000000,1078.3582763671875,7333.7998046875
4713,el_tarf_2022,train,2022-08-15T08:00:00.000000000,2022-08-17T20:00:00.000000000,1102.625,7333.7998046875
4714,el_tarf_2022,train,2022-08-15T09:00:00.000000000,2022-08-17T21:00:00.000000000,1102.625,7333.7998046875
4715,el_tarf_2022,train,2022-08-15T10:00:00.000000000,2022-08-17T22:00:00.000000000,1091.7415771484375,7333.7998046875
4716,el_tarf_2022,train,2022-08-15T11:00:00.000000000,2022-08-17T23:00:00.000000000,985.6499633789062,7333.7998046875
4717,el_tarf_2022,train,2022-08-15T12:00:00.000000000,2022-08-18T00:00:00.000000000,985.6499633789062,7333.7998046875
4718,el_tarf_2022,train,2022-08-15T13:00:00.000000000,2022-08-18T01:00:00.000000000,985.6499633789062,7333.7998046875
4719,el_tarf_2022,train,2022-08-15T14:00:00.000000000,2022-08-18T02:00:00.000000000,985.6499633789062,7333.7998046875
4720,el_tarf_2022,train,2022-08-15T15:00:00.000000000,2022-08-18T03:00:00.000000000,985.6499633789062,7333.7998046875
4721,el_tarf_2022,train,2022-08-15T16:00:00.000000000,2022-08-18T04:00:00.000000000,985.6499633789062,7333.7998046875
4722,el_tarf_2022,train,2022-08-15T17:00:00.000000000,2022-08-18T05:00:00.000000000,931.5,7333.7998046875
4723,el_tarf_2022,train,2022-08-15T18:00:00.000000000,2022-08-18T06:00:00.000000000,320.3500061035156,3553.0
4724,el_tarf_2022,train,2022-08-15T19:00:00.000000000,2022-08-18T07:00:00.000000000,24.26666831970215,291.20001220703125
4725,el_tarf_2022,train,2022-08-15T20:00:00.000000000,2022-08-18T08:00:00.000000000,0.0,0.0
4726,el_tarf_2022,train,2022-08-15T21:00:00.000000000,2022-08-18T09:00:00.000000000,0.0,0.0
4727,el_tarf_2022,train,2022-08-15T22:00:00.000000000,2022-08-18T10:00:00.000000000,0.0,0.0
4728,el_tarf_2022,train,2022-08-15T23:00:00.000000000,2022-08-18T11:00:00.000000000,0.0,0.0
4729,el_tarf_2022,train,2022-08-16T01:00:00.000000000,2022-08-18T12:00:00.000000000,0.0,0.0
4730,el_tarf_2022,train,2022-08-16T02:00:00.000000000,2022-08-18T13:00:00.000000000,0.0,0.0
4731,el_tarf_2022,train,2022-08-16T03:00:00.000000000,2022-08-18T14:00:00.000000000,0.0,0.0
4732,el_tarf_2022,train,2022-08-16T04:00:00.000000000,2022-08-18T15:00:00.000000000,0.0,0.0
4733,el_tarf_2022,train,2022-08-16T05:00:00.000000000,2022-08-18T16:00:00.000000000,0.0,0.0
4734,el_tarf_2022,train,2022-08-16T06:00:00.000000000,2022-08-18T17:00:00.000000000,0.0,0.0
4735,el_tarf_2022,train,2022-08-16T07:00:00.000000000,2022-08-18T18:00:00.000000000,0.0,0.0
4736,el_tarf_2022,train,2022-08-16T08:00:00.000000000,2022-08-18T19:00:00.000000000,0.0,0.0
4737,el_tarf_2022,train,2022-08-16T09:00:00.000000000,2022-08-18T20:00:00.000000000,0.0,0.0
4738,el_tarf_2022,train,2022-08-16T10:00:00.000000000,2022-08-18T21:00:00.000000000,0.0,0.0
4739,el_tarf_2022,train,2022-08-16T11:00:00.000000000,2022-08-18T22:00:00.000000000,0.0,0.0
4740,el_tarf_2022,train,2022-08-16T12:00:00.000000000,2022-08-18T23:00:00.000000000,0.0,0.0
4741,el_tarf_2022,train,2022-08-16T13:00:00.000000000,2022-08-19T00:00:00.000000000,0.0,0.0
4742,el_tarf_2022,train,2022-08-16T14:00:00.000000000,2022-08-19T01:00:00.000000000,0.0,0.0
4743,el_tarf_2022,train,2022-08-16T15:00:00.000000000,2022-08-19T02:00:00.000000000,0.0,0.0
4744,el_tarf_2022,train,2022-08-16T16:00:00.000000000,2022-08-19T03:00:00.000000000,0.0,0.0
4745,el_tarf_2022,train,2022-08-16T17:00:00.000000000,2022-08-19T04:00:00.000000000,0.0,0.0
4746,el_tarf_2022,train,2022-08-16T18:00:00.000000000,2022-08-19T05:00:00.000000000,0.0,0.0
4747,el_tarf_2022,train,2022-08-16T19:00:00.000000000,2022-08-19T06:00:00.000000000,0.0,0.0
4748,el_tarf_2022,train,2022-08-16T20:00:00.000000000,2022-08-19T07:00:00.000000000,0.0,0.0
4749,el_tarf_2022,train,2022-08-16T21:00:00.000000000,2022-08-19T08:00:00.000000000,0.0,0.0
4750,el_tarf_2022,train,2022-08-16T22:00:00.000000000,2022-08-19T09:00:00.000000000,0.0,0.0
4751,el_tarf_2022,train,2022-08-16T23:00:00.000000000,2022-08-19T10:00:00.000000000,0.0,0.0
4752,el_tarf_2022,train,2022-08-17T00:00:00.000000000,2022-08-19T11:00:00.000000000,0.0,0.0
4753,el_tarf_2022,train,2022-08-17T01:00:00.000000000,2022-08-19T12:00:00.000000000,0.0,0.0
4754,el_tarf_2022,train,2022-08-17T02:00:00.000000000,2022-08-19T13:00:00.000000000,0.0,0.0
4755,el_tarf_2022,train,2022-08-17T03:00:00.000000000,2022-08-19T14:00:00.000000000,24.26666831970215,291.20001220703125
4756,el_tarf_2022,train,2022-08-17T04:00:00.000000000,2022-08-19T15:00:00.000000000,24.26666831970215,291.20001220703125
4757,el_tarf_2022,train,2022-08-17T05:00:00.000000000,2022-08-19T16:00:00.000000000,24.26666831970215,291.20001220703125
4758,el_tarf_2022,train,2022-08-17T06:00:00.000000000,2022-08-19T17:00:00.000000000,24.26666831970215,291.20001220703125
4759,el_tarf_2022,train,2022-08-17T07:00:00.000000000,2022-08-19T18:00:00.000000000,24.26666831970215,291.20001220703125
4760,el_tarf_2022,train,2022-08-17T08:00:00.000000000,2022-08-19T19:00:00.000000000,24.26666831970215,291.20001220703125
4761,el_tarf_2022,train,2022-08-17T09:00:00.000000000,2022-08-19T20:00:00.000000000,24.26666831970215,291.20001220703125
4762,el_tarf_2022,train,2022-08-17T10:00:00.000000000,2022-08-19T21:00:00.000000000,24.26666831970215,291.20001220703125
4763,el_tarf_2022,train,2022-08-17T11:00:00.000000000,2022-08-19T22:00:00.000000000,24.26666831970215,291.20001220703125
4764,el_tarf_2022,train,2022-08-17T12:00:00.000000000,2022-08-19T23:00:00.000000000,24.26666831970215,291.20001220703125
4765,el_tarf_2022,train,2022-08-17T13:00:00.000000000,2022-08-20T00:00:00.000000000,24.26666831970215,291.20001220703125
4766,el_tarf_2022,train,2022-08-17T14:00:00.000000000,2022-08-20T01:00:00.000000000,24.26666831970215,291.20001220703125
4767,el_tarf_2022,train,2022-08-17T15:00:00.000000000,2022-08-20T02:00:00.000000000,0.0,0.0
4768,el_tarf_2022,train,2022-08-17T16:00:00.000000000,2022-08-20T03:00:00.000000000,0.0,0.0
4769,el_tarf_2022,train,2022-08-17T17:00:00.000000000,2022-08-20T04:00:00.000000000,0.0,0.0
4770,el_tarf_2022,train,2022-08-17T18:00:00.000000000,2022-08-20T05:00:00.000000000,0.0,0.0
4771,el_tarf_2022,train,2022-08-17T19:00:00.000000000,2022-08-20T06:00:00.000000000,0.0,0.0
4772,el_tarf_2022,train,2022-08-17T20:00:00.000000000,2022-08-20T07:00:00.000000000,0.0,0.0
4773,el_tarf_2022,train,2022-08-17T21:00:00.000000000,2022-08-20T08:00:00.000000000,0.0,0.0
4774,el_tarf_2022,train,2022-08-17T22:00:00.000000000,2022-08-20T09:00:00.000000000,0.0,0.0
4775,el_tarf_2022,train,2022-08-17T23:00:00.000000000,2022-08-20T10:00:00.000000000,15.283332824707031,183.39999389648438
4776,el_tarf_2022,train,2022-08-18T00:00:00.000000000,2022-08-20T11:00:00.000000000,27.941665649414062,183.39999389648438
4777,el_tarf_2022,train,2022-08-18T01:00:00.000000000,2022-08-20T12:00:00.000000000,27.941665649414062,183.39999389648438
4778,el_tarf_2022,train,2022-08-18T02:00:00.000000000,2022-08-20T13:00:00.000000000,27.941665649414062,183.39999389648438
4779,el_tarf_2022,train,2022-08-18T03:00:00.000000000,2022-08-20T14:00:00.000000000,36.83333206176758,183.39999389648438
4780,el_tarf_2022,train,2022-08-18T04:00:00.000000000,2022-08-20T15:00:00.000000000,36.83333206176758,183.39999389648438
4781,el_tarf_2022,train,2022-08-18T05:00:00.000000000,2022-08-20T16:00:00.000000000,36.83333206176758,183.39999389648438
4782,el_tarf_2022,train,2022-08-18T06:00:00.000000000,2022-08-20T17:00:00.000000000,36.83333206176758,183.39999389648438
4783,el_tarf_2022,train,2022-08-18T07:00:00.000000000,2022-08-20T18:00:00.000000000,36.83333206176758,183.39999389648438
4784,el_tarf_2022,train,2022-08-18T08:00:00.000000000,2022-08-20T19:00:00.000000000,36.83333206176758,183.39999389648438
4785,el_tarf_2022,train,2022-08-18T09:00:00.000000000,2022-08-20T20:00:00.000000000,36.83333206176758,183.39999389648438
4786,el_tarf_2022,train,2022-08-18T10:00:00.000000000,2022-08-20T21:00:00.000000000,36.83333206176758,183.39999389648438
4787,el_tarf_2022,train,2022-08-18T11:00:00.000000000,2022-08-20T22:00:00.000000000,21.549997329711914,151.89999389648438
4788,el_tarf_2022,train,2022-08-18T12:00:00.000000000,2022-08-20T23:00:00.000000000,8.891666412353516,106.69999694824219
4789,el_tarf_2022,train,2022-08-18T13:00:00.000000000,2022-08-21T00:00:00.000000000,8.891666412353516,106.69999694824219
4790,el_tarf_2022,train,2022-08-18T14:00:00.000000000,2022-08-21T01:00:00.000000000,8.891666412353516,106.69999694824219
4791,el_tarf_2022,train,2022-08-18T15:00:00.000000000,2022-08-21T02:00:00.000000000,0.0,0.0
4792,el_tarf_2022,train,2022-08-18T16:00:00.000000000,2022-08-21T03:00:00.000000000,0.0,0.0
4793,el_tarf_2022,train,2022-08-18T17:00:00.000000000,2022-08-21T04:00:00.000000000,0.0,0.0
4794,el_tarf_2022,train,2022-08-18T18:00:00.000000000,2022-08-21T05:00:00.000000000,0.0,0.0
4795,el_tarf_2022,train,2022-08-18T19:00:00.000000000,2022-08-21T06:00:00.000000000,0.0,0.0
4796,el_tarf_2022,train,2022-08-18T20:00:00.000000000,2022-08-21T07:00:00.000000000,0.0,0.0
4797,el_tarf_2022,train,2022-08-18T21:00:00.000000000,2022-08-21T08:00:00.000000000,0.0,0.0
4798,el_tarf_2022,train,2022-08-18T22:00:00.000000000,2022-08-21T09:00:00.000000000,44.7833366394043,537.4000244140625
4799,el_tarf_2022,train,2022-08-18T23:00:00.000000000,2022-08-21T10:00:00.000000000,96.05001068115234,615.2000122070312
4800,el_tarf_2022,train,2022-08-19T00:00:00.000000000,2022-08-21T11:00:00.000000000,96.05001068115234,615.2000122070312
4801,el_tarf_2022,train,2022-08-19T01:00:00.000000000,2022-08-21T12:00:00.000000000,104.60000610351562,615.2000122070312
4802,el_tarf_2022,train,2022-08-19T02:00:00.000000000,2022-08-21T13:00:00.000000000,104.60000610351562,615.2000122070312
4803,el_tarf_2022,train,2022-08-19T03:00:00.000000000,2022-08-21T14:00:00.000000000,104.60000610351562,615.2000122070312
4804,el_tarf_2022,train,2022-08-19T04:00:00.000000000,2022-08-21T15:00:00.000000000,104.60000610351562,615.2000122070312
4805,el_tarf_2022,train,2022-08-19T05:00:00.000000000,2022-08-21T16:00:00.000000000,104.60000610351562,615.2000122070312
4806,el_tarf_2022,train,2022-08-19T06:00:00.000000000,2022-08-21T17:00:00.000000000,104.5999984741211,615.2000122070312
4807,el_tarf_2022,train,2022-08-19T07:00:00.000000000,2022-08-21T18:00:00.000000000,104.60000610351562,615.2000122070312
4808,el_tarf_2022,train,2022-08-19T08:00:00.000000000,2022-08-21T19:00:00.000000000,104.60000610351562,615.2000122070312
4809,el_tarf_2022,train,2022-08-19T09:00:00.000000000,2022-08-21T20:00:00.000000000,104.60000610351562,615.2000122070312
4810,el_tarf_2022,train,2022-08-19T10:00:00.000000000,2022-08-21T21:00:00.000000000,59.81666564941406,615.2000122070312
4811,el_tarf_2022,train,2022-08-19T11:00:00.000000000,2022-08-21T22:00:00.000000000,8.550000190734863,102.5999984741211
4812,el_tarf_2022,train,2022-08-19T12:00:00.000000000,2022-08-21T23:00:00.000000000,8.550000190734863,102.5999984741211
4813,castellon_2023,train,2023-03-24T00:00:00.000000000,2023-03-26T11:00:00.000000000,0.0,0.0
4814,castellon_2023,train,2023-03-24T01:00:00.000000000,2023-03-26T12:00:00.000000000,0.0,0.0
4815,castellon_2023,train,2023-03-24T02:00:00.000000000,2023-03-26T13:00:00.000000000,29.19999885559082,350.3999938964844
4816,castellon_2023,train,2023-03-24T03:00:00.000000000,2023-03-26T14:00:00.000000000,165.0749969482422,1630.5
4817,castellon_2023,train,2023-03-24T04:00:00.000000000,2023-03-26T15:00:00.000000000,292.8333435058594,1630.5
4818,castellon_2023,train,2023-03-24T05:00:00.000000000,2023-03-26T16:00:00.000000000,367.3583068847656,1630.5
4819,castellon_2023,train,2023-03-24T06:00:00.000000000,2023-03-26T17:00:00.000000000,402.1499938964844,1630.5
4820,castellon_2023,train,2023-03-24T07:00:00.000000000,2023-03-26T18:00:00.000000000,417.0999755859375,1630.5
4821,castellon_2023,train,2023-03-24T08:00:00.000000000,2023-03-26T19:00:00.000000000,420.3999938964844,1630.5
4822,castellon_2023,train,2023-03-24T09:00:00.000000000,2023-03-26T20:00:00.000000000,426.5,1630.5
4823,castellon_2023,train,2023-03-24T10:00:00.000000000,2023-03-26T21:00:00.000000000,430.1083679199219,1630.5
4824,castellon_2023,train,2023-03-24T11:00:00.000000000,2023-03-26T22:00:00.000000000,430.1083068847656,1630.5
4825,castellon_2023,train,2023-03-24T12:00:00.000000000,2023-03-26T23:00:00.000000000,432.8416442871094,1630.5
4826,castellon_2023,train,2023-03-24T13:00:00.000000000,2023-03-27T00:00:00.000000000,432.8416442871094,1630.5
4827,castellon_2023,train,2023-03-24T14:00:00.000000000,2023-03-27T01:00:00.000000000,403.6416931152344,1630.5
4828,castellon_2023,train,2023-03-24T15:00:00.000000000,2023-03-27T02:00:00.000000000,267.76666259765625,1533.0999755859375
4829,castellon_2023,train,2023-03-24T16:00:00.000000000,2023-03-27T03:00:00.000000000,140.0083465576172,894.2999877929688
4830,castellon_2023,train,2023-03-24T17:00:00.000000000,2023-03-27T04:00:00.000000000,65.48332977294922,417.5
4831,castellon_2023,train,2023-03-24T18:00:00.000000000,2023-03-27T05:00:00.000000000,43.89999771118164,179.39999389648438
4832,castellon_2023,train,2023-03-24T19:00:00.000000000,2023-03-27T06:00:00.000000000,37.86666488647461,158.5
4833,castellon_2023,train,2023-03-24T20:00:00.000000000,2023-03-27T07:00:00.000000000,34.56666564941406,158.5
4834,castellon_2023,train,2023-03-24T21:00:00.000000000,2023-03-27T08:00:00.000000000,28.46666717529297,158.5
4835,castellon_2023,train,2023-03-24T22:00:00.000000000,2023-03-27T09:00:00.000000000,81.59166717529297,680.7999877929688
4836,castellon_2023,train,2023-03-24T23:00:00.000000000,2023-03-27T10:00:00.000000000,745.6666870117188,7968.89990234375
4837,castellon_2023,train,2023-03-25T00:00:00.000000000,2023-03-27T11:00:00.000000000,1488.091796875,8941.900390625
4838,castellon_2023,train,2023-03-25T01:00:00.000000000,2023-03-27T12:00:00.000000000,2257.4833984375,9232.7001953125
4839,castellon_2023,train,2023-03-25T02:00:00.000000000,2023-03-27T13:00:00.000000000,2765.8583984375,9232.7001953125
4840,castellon_2023,train,2023-03-25T03:00:00.000000000,2023-03-27T14:00:00.000000000,3437.3916015625,9232.7001953125
4841,castellon_2023,train,2023-03-25T04:00:00.000000000,2023-03-27T15:00:00.000000000,3723.3916015625,9232.7001953125
4842,castellon_2023,train,2023-03-25T05:00:00.000000000,2023-03-27T16:00:00.000000000,4556.08349609375,9992.2998046875
4843,castellon_2023,train,2023-03-25T06:00:00.000000000,2023-03-27T17:00:00.000000000,5014.5166015625,9992.2998046875
4844,castellon_2023,train,2023-03-25T07:00:00.000000000,2023-03-27T18:00:00.000000000,5311.10009765625,9992.2998046875
4845,castellon_2023,train,2023-03-25T08:00:00.000000000,2023-03-27T19:00:00.000000000,5472.75,9992.2998046875
4846,castellon_2023,train,2023-03-25T09:00:00.000000000,2023-03-27T20:00:00.000000000,5550.17529296875,9992.2998046875
4847,castellon_2023,train,2023-03-25T10:00:00.000000000,2023-03-27T21:00:00.000000000,5546.32470703125,9992.2998046875
4848,castellon_2023,train,2023-03-25T11:00:00.000000000,2023-03-27T22:00:00.000000000,4922.39208984375,9992.2998046875
4849,castellon_2023,train,2023-03-25T12:00:00.000000000,2023-03-27T23:00:00.000000000,4210.60888671875,9992.2998046875
4850,castellon_2023,train,2023-03-25T13:00:00.000000000,2023-03-28T00:00:00.000000000,3470.949951171875,9992.2998046875
4851,castellon_2023,train,2023-03-25T14:00:00.000000000,2023-03-28T01:00:00.000000000,2986.116455078125,9992.2998046875
4852,castellon_2023,train,2023-03-25T15:00:00.000000000,2023-03-28T02:00:00.000000000,2342.00830078125,9992.2998046875
4853,castellon_2023,train,2023-03-25T16:00:00.000000000,2023-03-28T03:00:00.000000000,2086.4833984375,9992.2998046875
4854,castellon_2023,train,2023-03-25T17:00:00.000000000,2023-03-28T04:00:00.000000000,1294.4249267578125,5659.7001953125
4855,castellon_2023,train,2023-03-25T18:00:00.000000000,2023-03-28T05:00:00.000000000,865.8416137695312,3666.0
4856,castellon_2023,train,2023-03-25T19:00:00.000000000,2023-03-28T06:00:00.000000000,565.8833618164062,1939.800048828125
4857,castellon_2023,train,2023-03-25T20:00:00.000000000,2023-03-28T07:00:00.000000000,404.2333679199219,929.0999755859375
4858,castellon_2023,train,2023-03-25T21:00:00.000000000,2023-03-28T08:00:00.000000000,326.8083190917969,634.5999755859375
4859,castellon_2023,train,2023-03-25T22:00:00.000000000,2023-03-28T09:00:00.000000000,273.9250183105469,516.7000122070312
4860,castellon_2023,train,2023-03-25T23:00:00.000000000,2023-03-28T10:00:00.000000000,233.7833251953125,516.7000122070312
4861,castellon_2023,train,2023-03-26T00:00:00.000000000,2023-03-28T11:00:00.000000000,200.40834045410156,516.7000122070312
4862,castellon_2023,train,2023-03-26T01:00:00.000000000,2023-03-28T12:00:00.000000000,181.24168395996094,516.7000122070312
4863,castellon_2023,train,2023-03-26T02:00:00.000000000,2023-03-28T13:00:00.000000000,157.70001220703125,516.7000122070312
4864,castellon_2023,train,2023-03-26T03:00:00.000000000,2023-03-28T14:00:00.000000000,130.27500915527344,516.7000122070312
4865,castellon_2023,train,2023-03-26T04:00:00.000000000,2023-03-28T15:00:00.000000000,99.80001068115234,516.7000122070312
4866,castellon_2023,train,2023-03-26T05:00:00.000000000,2023-03-28T16:00:00.000000000,59.16666793823242,516.7000122070312
4867,castellon_2023,train,2023-03-26T06:00:00.000000000,2023-03-28T17:00:00.000000000,16.108333587646484,126.80000305175781
4868,castellon_2023,train,2023-03-26T07:00:00.000000000,2023-03-28T18:00:00.000000000,10.566666603088379,126.80000305175781
4869,castellon_2023,train,2023-03-26T08:00:00.000000000,2023-03-28T19:00:00.000000000,10.566666603088379,126.80000305175781
4870,castellon_2023,train,2023-03-26T09:00:00.000000000,2023-03-28T20:00:00.000000000,10.566666603088379,126.80000305175781
4871,castellon_2023,train,2023-03-26T10:00:00.000000000,2023-03-28T21:00:00.000000000,10.566666603088379,126.80000305175781
4872,castellon_2023,train,2023-03-26T11:00:00.000000000,2023-03-28T22:00:00.000000000,10.566666603088379,126.80000305175781
4873,castellon_2023,train,2023-03-26T12:00:00.000000000,2023-03-28T23:00:00.000000000,10.566666603088379,126.80000305175781
4874,castellon_2023,train,2023-03-26T13:00:00.000000000,2023-03-29T00:00:00.000000000,0.0,0.0
4875,castellon_2023,train,2023-03-26T14:00:00.000000000,2023-03-29T01:00:00.000000000,0.0,0.0
4876,castellon_2023,train,2023-03-26T15:00:00.000000000,2023-03-29T02:00:00.000000000,0.0,0.0
4877,castellon_2023,train,2023-03-26T16:00:00.000000000,2023-03-29T03:00:00.000000000,0.0,0.0
4878,castellon_2023,train,2023-03-26T17:00:00.000000000,2023-03-29T04:00:00.000000000,0.0,0.0
4879,castellon_2023,train,2023-03-26T18:00:00.000000000,2023-03-29T05:00:00.000000000,0.0,0.0
4880,castellon_2023,train,2023-03-26T19:00:00.000000000,2023-03-29T06:00:00.000000000,0.0,0.0
4881,castellon_2023,train,2023-03-26T20:00:00.000000000,2023-03-29T07:00:00.000000000,0.0,0.0
4882,castellon_2023,train,2023-03-26T21:00:00.000000000,2023-03-29T08:00:00.000000000,0.0,0.0
4883,castellon_2023,train,2023-03-26T22:00:00.000000000,2023-03-29T09:00:00.000000000,0.0,0.0
4884,castellon_2023,train,2023-03-26T23:00:00.000000000,2023-03-29T10:00:00.000000000,0.0,0.0
4885,castellon_2023,train,2023-03-27T00:00:00.000000000,2023-03-29T11:00:00.000000000,0.0,0.0
4886,castellon_2023,train,2023-03-27T01:00:00.000000000,2023-03-29T12:00:00.000000000,0.0,0.0
4887,castellon_2023,train,2023-03-27T02:00:00.000000000,2023-03-29T13:00:00.000000000,0.0,0.0
4888,castellon_2023,train,2023-03-27T03:00:00.000000000,2023-03-29T14:00:00.000000000,0.0,0.0
4889,castellon_2023,train,2023-03-27T04:00:00.000000000,2023-03-29T15:00:00.000000000,0.0,0.0
4890,castellon_2023,train,2023-03-27T05:00:00.000000000,2023-03-29T16:00:00.000000000,0.0,0.0
4891,castellon_2023,train,2023-03-27T06:00:00.000000000,2023-03-29T17:00:00.000000000,0.0,0.0
4892,castellon_2023,train,2023-03-27T07:00:00.000000000,2023-03-29T18:00:00.000000000,0.0,0.0
4893,castellon_2023,train,2023-03-27T08:00:00.000000000,2023-03-29T19:00:00.000000000,0.0,0.0
4894,castellon_2023,train,2023-03-27T09:00:00.000000000,2023-03-29T20:00:00.000000000,0.0,0.0
4895,castellon_2023,train,2023-03-27T10:00:00.000000000,2023-03-29T21:00:00.000000000,0.0,0.0
4896,castellon_2023,train,2023-03-27T11:00:00.000000000,2023-03-29T22:00:00.000000000,0.0,0.0
4897,castellon_2023,train,2023-03-27T12:00:00.000000000,2023-03-29T23:00:00.000000000,0.0,0.0
4898,castellon_2023,train,2023-03-27T13:00:00.000000000,2023-03-30T00:00:00.000000000,0.0,0.0
4899,castellon_2023,train,2023-03-27T14:00:00.000000000,2023-03-30T01:00:00.000000000,0.0,0.0
4900,castellon_2023,train,2023-03-27T15:00:00.000000000,2023-03-30T02:00:00.000000000,0.0,0.0
4901,castellon_2023,train,2023-03-27T16:00:00.000000000,2023-03-30T03:00:00.000000000,0.0,0.0
4902,castellon_2023,train,2023-03-27T17:00:00.000000000,2023-03-30T04:00:00.000000000,0.0,0.0
4903,castellon_2023,train,2023-03-27T18:00:00.000000000,2023-03-30T05:00:00.000000000,0.0,0.0
4904,castellon_2023,train,2023-03-27T19:00:00.000000000,2023-03-30T06:00:00.000000000,0.0,0.0
4905,castellon_2023,train,2023-03-27T20:00:00.000000000,2023-03-30T07:00:00.000000000,0.0,0.0
4906,castellon_2023,train,2023-03-27T21:00:00.000000000,2023-03-30T08:00:00.000000000,0.0,0.0
4907,castellon_2023,train,2023-03-27T22:00:00.000000000,2023-03-30T09:00:00.000000000,0.0,0.0
4908,castellon_2023,train,2023-03-27T23:00:00.000000000,2023-03-30T10:00:00.000000000,0.0,0.0
4909,castellon_2023,train,2023-03-28T00:00:00.000000000,2023-03-30T11:00:00.000000000,0.0,0.0
4910,castellon_2023,train,2023-03-28T01:00:00.000000000,2023-03-30T12:00:00.000000000,0.0,0.0
4911,castellon_2023,train,2023-03-28T02:00:00.000000000,2023-03-30T13:00:00.000000000,0.0,0.0
4912,castellon_2023,train,2023-03-28T03:00:00.000000000,2023-03-30T14:00:00.000000000,0.0,0.0
4913,castellon_2023,train,2023-03-28T04:00:00.000000000,2023-03-30T15:00:00.000000000,0.0,0.0
4914,castellon_2023,train,2023-03-28T05:00:00.000000000,2023-03-30T16:00:00.000000000,0.0,0.0
4915,castellon_2023,train,2023-03-28T06:00:00.000000000,2023-03-30T17:00:00.000000000,0.0,0.0
4916,castellon_2023,train,2023-03-28T07:00:00.000000000,2023-03-30T18:00:00.000000000,0.0,0.0
4917,castellon_2023,train,2023-03-28T08:00:00.000000000,2023-03-30T19:00:00.000000000,0.0,0.0
4918,castellon_2023,train,2023-03-28T09:00:00.000000000,2023-03-30T20:00:00.000000000,0.0,0.0
4919,castellon_2023,train,2023-03-28T10:00:00.000000000,2023-03-30T21:00:00.000000000,0.0,0.0
4920,castellon_2023,train,2023-03-28T11:00:00.000000000,2023-03-30T22:00:00.000000000,0.0,0.0
4921,castellon_2023,train,2023-03-28T12:00:00.000000000,2023-03-30T23:00:00.000000000,0.0,0.0
4922,castellon_2023,train,2023-03-28T13:00:00.000000000,2023-03-31T00:00:00.000000000,0.0,0.0
4923,castellon_2023,train,2023-03-28T14:00:00.000000000,2023-03-31T01:00:00.000000000,0.0,0.0
4924,castellon_2023,train,2023-03-28T15:00:00.000000000,2023-03-31T02:00:00.000000000,0.0,0.0
4925,castellon_2023,train,2023-03-28T16:00:00.000000000,2023-03-31T03:00:00.000000000,0.0,0.0
4926,castellon_2023,train,2023-03-28T17:00:00.000000000,2023-03-31T04:00:00.000000000,0.0,0.0
4927,castellon_2023,train,2023-03-28T18:00:00.000000000,2023-03-31T05:00:00.000000000,0.0,0.0
4928,castellon_2023,train,2023-03-28T19:00:00.000000000,2023-03-31T06:00:00.000000000,0.0,0.0
4929,castellon_2023,train,2023-03-28T20:00:00.000000000,2023-03-31T07:00:00.000000000,0.0,0.0
4930,castellon_2023,train,2023-03-28T21:00:00.000000000,2023-03-31T08:00:00.000000000,0.0,0.0
4931,castellon_2023,train,2023-03-28T22:00:00.000000000,2023-03-31T09:00:00.000000000,0.0,0.0
4932,castellon_2023,train,2023-03-28T23:00:00.000000000,2023-03-31T10:00:00.000000000,0.0,0.0
4933,castellon_2023,train,2023-03-29T00:00:00.000000000,2023-03-31T11:00:00.000000000,0.0,0.0
4934,castellon_2023,train,2023-03-29T01:00:00.000000000,2023-03-31T12:00:00.000000000,0.0,0.0
4935,castellon_2023,train,2023-03-29T02:00:00.000000000,2023-03-31T13:00:00.000000000,0.0,0.0
4936,castellon_2023,train,2023-03-29T03:00:00.000000000,2023-03-31T14:00:00.000000000,0.0,0.0
4937,castellon_2023,train,2023-03-29T04:00:00.000000000,2023-03-31T15:00:00.000000000,0.0,0.0
4938,castellon_2023,train,2023-03-29T05:00:00.000000000,2023-03-31T16:00:00.000000000,0.0,0.0
4939,castellon_2023,train,2023-03-29T06:00:00.000000000,2023-03-31T17:00:00.000000000,0.0,0.0
4940,castellon_2023,train,2023-03-29T07:00:00.000000000,2023-03-31T18:00:00.000000000,0.0,0.0
4941,castellon_2023,train,2023-03-29T08:00:00.000000000,2023-03-31T19:00:00.000000000,0.0,0.0
4942,castellon_2023,train,2023-03-29T09:00:00.000000000,2023-03-31T20:00:00.000000000,0.0,0.0
4943,castellon_2023,train,2023-03-29T10:00:00.000000000,2023-03-31T21:00:00.000000000,0.0,0.0
4944,castellon_2023,train,2023-03-29T11:00:00.000000000,2023-03-31T22:00:00.000000000,0.0,0.0
4945,castellon_2023,train,2023-03-29T12:00:00.000000000,2023-03-31T23:00:00.000000000,0.0,0.0
4946,castellon_2023,train,2023-03-29T13:00:00.000000000,2023-04-01T00:00:00.000000000,0.0,0.0
4947,castellon_2023,train,2023-03-29T14:00:00.000000000,2023-04-01T01:00:00.000000000,0.0,0.0
4948,castellon_2023,train,2023-03-29T15:00:00.000000000,2023-04-01T02:00:00.000000000,0.0,0.0
4949,castellon_2023,train,2023-03-29T16:00:00.000000000,2023-04-01T03:00:00.000000000,0.0,0.0
4950,castellon_2023,train,2023-03-29T17:00:00.000000000,2023-04-01T04:00:00.000000000,0.0,0.0
4951,castellon_2023,train,2023-03-29T18:00:00.000000000,2023-04-01T05:00:00.000000000,0.0,0.0
4952,castellon_2023,train,2023-03-29T19:00:00.000000000,2023-04-01T06:00:00.000000000,0.0,0.0
4953,castellon_2023,train,2023-03-29T20:00:00.000000000,2023-04-01T07:00:00.000000000,0.0,0.0
4954,castellon_2023,train,2023-03-29T21:00:00.000000000,2023-04-01T08:00:00.000000000,0.0,0.0
4955,castellon_2023,train,2023-03-29T22:00:00.000000000,2023-04-01T09:00:00.000000000,0.0,0.0
4956,castellon_2023,train,2023-03-29T23:00:00.000000000,2023-04-01T10:00:00.000000000,0.0,0.0
4957,castellon_2023,train,2023-03-30T00:00:00.000000000,2023-04-01T11:00:00.000000000,0.0,0.0
4958,castellon_2023,train,2023-03-30T01:00:00.000000000,2023-04-01T12:00:00.000000000,0.0,0.0
4959,castellon_2023,train,2023-03-30T02:00:00.000000000,2023-04-01T13:00:00.000000000,0.0,0.0
4960,castellon_2023,train,2023-03-30T03:00:00.000000000,2023-04-01T14:00:00.000000000,0.0,0.0
4961,castellon_2023,train,2023-03-30T04:00:00.000000000,2023-04-01T15:00:00.000000000,0.0,0.0
4962,castellon_2023,train,2023-03-30T05:00:00.000000000,2023-04-01T16:00:00.000000000,0.0,0.0
4963,castellon_2023,train,2023-03-30T06:00:00.000000000,2023-04-01T17:00:00.000000000,0.0,0.0
4964,castellon_2023,train,2023-03-30T07:00:00.000000000,2023-04-01T18:00:00.000000000,0.0,0.0
4965,castellon_2023,train,2023-03-30T08:00:00.000000000,2023-04-01T19:00:00.000000000,0.0,0.0
4966,castellon_2023,train,2023-03-30T09:00:00.000000000,2023-04-01T20:00:00.000000000,0.0,0.0
4967,castellon_2023,train,2023-03-30T10:00:00.000000000,2023-04-01T21:00:00.000000000,0.0,0.0
4968,castellon_2023,train,2023-03-30T11:00:00.000000000,2023-04-01T22:00:00.000000000,0.0,0.0
4969,castellon_2023,train,2023-03-30T12:00:00.000000000,2023-04-01T23:00:00.000000000,0.0,0.0
4970,castellon_2023,train,2023-03-30T13:00:00.000000000,2023-04-02T00:00:00.000000000,0.0,0.0
4971,castellon_2023,train,2023-03-30T14:00:00.000000000,2023-04-02T01:00:00.000000000,0.0,0.0
4972,castellon_2023,train,2023-03-30T15:00:00.000000000,2023-04-02T02:00:00.000000000,0.0,0.0
4973,castellon_2023,train,2023-03-30T16:00:00.000000000,2023-04-02T03:00:00.000000000,0.0,0.0
4974,castellon_2023,train,2023-03-30T17:00:00.000000000,2023-04-02T04:00:00.000000000,0.0,0.0
4975,castellon_2023,train,2023-03-30T18:00:00.000000000,2023-04-02T05:00:00.000000000,0.0,0.0
4976,castellon_2023,train,2023-03-30T19:00:00.000000000,2023-04-02T06:00:00.000000000,0.0,0.0
4977,castellon_2023,train,2023-03-30T20:00:00.000000000,2023-04-02T07:00:00.000000000,0.0,0.0
4978,castellon_2023,train,2023-03-30T21:00:00.000000000,2023-04-02T08:00:00.000000000,0.0,0.0
4979,castellon_2023,train,2023-03-30T22:00:00.000000000,2023-04-02T09:00:00.000000000,0.0,0.0
4980,castellon_2023,train,2023-03-30T23:00:00.000000000,2023-04-02T10:00:00.000000000,0.0,0.0
4981,castellon_2023,train,2023-03-31T00:00:00.000000000,2023-04-02T11:00:00.000000000,0.0,0.0
4982,castellon_2023,train,2023-03-31T01:00:00.000000000,2023-04-02T12:00:00.000000000,0.0,0.0
4983,castellon_2023,train,2023-03-31T02:00:00.000000000,2023-04-02T13:00:00.000000000,0.0,0.0
4984,castellon_2023,train,2023-03-31T03:00:00.000000000,2023-04-02T14:00:00.000000000,0.0,0.0
4985,castellon_2023,train,2023-03-31T04:00:00.000000000,2023-04-02T15:00:00.000000000,0.0,0.0
4986,castellon_2023,train,2023-03-31T05:00:00.000000000,2023-04-02T16:00:00.000000000,0.0,0.0
4987,castellon_2023,train,2023-03-31T06:00:00.000000000,2023-04-02T17:00:00.000000000,0.0,0.0
4988,castellon_2023,train,2023-03-31T07:00:00.000000000,2023-04-02T18:00:00.000000000,0.0,0.0
4989,castellon_2023,train,2023-03-31T08:00:00.000000000,2023-04-02T19:00:00.000000000,0.0,0.0
4990,castellon_2023,train,2023-03-31T09:00:00.000000000,2023-04-02T20:00:00.000000000,0.0,0.0
4991,castellon_2023,train,2023-03-31T10:00:00.000000000,2023-04-02T21:00:00.000000000,0.0,0.0
4992,castellon_2023,train,2023-03-31T11:00:00.000000000,2023-04-02T22:00:00.000000000,0.0,0.0
4993,castellon_2023,train,2023-03-31T12:00:00.000000000,2023-04-02T23:00:00.000000000,0.0,0.0
4994,castellon_2023,train,2023-03-31T13:00:00.000000000,2023-04-03T00:00:00.000000000,0.0,0.0
4995,castellon_2023,train,2023-03-31T14:00:00.000000000,2023-04-03T01:00:00.000000000,0.0,0.0
4996,castellon_2023,train,2023-03-31T15:00:00.000000000,2023-04-03T02:00:00.000000000,0.0,0.0
4997,castellon_2023,train,2023-03-31T16:00:00.000000000,2023-04-03T03:00:00.000000000,0.0,0.0
4998,castellon_2023,train,2023-03-31T17:00:00.000000000,2023-04-03T04:00:00.000000000,0.0,0.0
4999,castellon_2023,train,2023-03-31T18:00:00.000000000,2023-04-03T05:00:00.000000000,0.0,0.0
5000,castellon_2023,train,2023-03-31T19:00:00.000000000,2023-04-03T06:00:00.000000000,0.0,0.0
5001,castellon_2023,train,2023-03-31T20:00:00.000000000,2023-04-03T07:00:00.000000000,0.0,0.0
5002,castellon_2023,train,2023-03-31T21:00:00.000000000,2023-04-03T08:00:00.000000000,0.0,0.0
5003,castellon_2023,train,2023-03-31T22:00:00.000000000,2023-04-03T09:00:00.000000000,0.0,0.0
5004,castellon_2023,train,2023-03-31T23:00:00.000000000,2023-04-03T10:00:00.000000000,0.0,0.0
5005,castellon_2023,train,2023-04-01T00:00:00.000000000,2023-04-03T11:00:00.000000000,0.0,0.0
5006,castellon_2023,train,2023-04-01T01:00:00.000000000,2023-04-03T12:00:00.000000000,0.0,0.0
5007,castellon_2023,train,2023-04-01T02:00:00.000000000,2023-04-03T13:00:00.000000000,0.0,0.0
5008,castellon_2023,train,2023-04-01T03:00:00.000000000,2023-04-03T14:00:00.000000000,0.0,0.0
5009,castellon_2023,train,2023-04-01T04:00:00.000000000,2023-04-03T15:00:00.000000000,0.0,0.0
5010,castellon_2023,train,2023-04-01T05:00:00.000000000,2023-04-03T16:00:00.000000000,0.0,0.0
5011,castellon_2023,train,2023-04-01T06:00:00.000000000,2023-04-03T17:00:00.000000000,0.0,0.0
5012,castellon_2023,train,2023-04-01T07:00:00.000000000,2023-04-03T18:00:00.000000000,0.0,0.0
5013,castellon_2023,train,2023-04-01T08:00:00.000000000,2023-04-03T19:00:00.000000000,0.0,0.0
5014,castellon_2023,train,2023-04-01T09:00:00.000000000,2023-04-03T20:00:00.000000000,0.0,0.0
5015,castellon_2023,train,2023-04-01T10:00:00.000000000,2023-04-03T21:00:00.000000000,0.0,0.0
5016,castellon_2023,train,2023-04-01T11:00:00.000000000,2023-04-03T22:00:00.000000000,0.0,0.0
5017,castellon_2023,train,2023-04-01T12:00:00.000000000,2023-04-03T23:00:00.000000000,0.0,0.0
5018,castellon_2023,train,2023-04-01T13:00:00.000000000,2023-04-04T00:00:00.000000000,0.0,0.0
5019,castellon_2023,train,2023-04-01T14:00:00.000000000,2023-04-04T01:00:00.000000000,0.0,0.0
5020,castellon_2023,train,2023-04-01T15:00:00.000000000,2023-04-04T02:00:00.000000000,0.0,0.0
5021,castellon_2023,train,2023-04-01T16:00:00.000000000,2023-04-04T03:00:00.000000000,0.0,0.0
5022,castellon_2023,train,2023-04-01T17:00:00.000000000,2023-04-04T04:00:00.000000000,0.0,0.0
5023,castellon_2023,train,2023-04-01T18:00:00.000000000,2023-04-04T05:00:00.000000000,0.0,0.0
5024,castellon_2023,train,2023-04-01T19:00:00.000000000,2023-04-04T06:00:00.000000000,0.0,0.0
5025,castellon_2023,train,2023-04-01T20:00:00.000000000,2023-04-04T07:00:00.000000000,0.0,0.0
5026,castellon_2023,train,2023-04-01T21:00:00.000000000,2023-04-04T08:00:00.000000000,0.0,0.0
5027,castellon_2023,train,2023-04-01T22:00:00.000000000,2023-04-04T09:00:00.000000000,0.0,0.0
5028,castellon_2023,train,2023-04-01T23:00:00.000000000,2023-04-04T10:00:00.000000000,0.0,0.0
5029,castellon_2023,train,2023-04-02T00:00:00.000000000,2023-04-04T11:00:00.000000000,0.0,0.0
5030,castellon_2023,train,2023-04-02T01:00:00.000000000,2023-04-04T12:00:00.000000000,0.0,0.0
5031,castellon_2023,train,2023-04-02T02:00:00.000000000,2023-04-04T13:00:00.000000000,0.0,0.0
5032,castellon_2023,train,2023-04-02T03:00:00.000000000,2023-04-04T14:00:00.000000000,0.0,0.0
5033,castellon_2023,train,2023-04-02T04:00:00.000000000,2023-04-04T15:00:00.000000000,0.0,0.0
5034,castellon_2023,train,2023-04-02T05:00:00.000000000,2023-04-04T16:00:00.000000000,0.0,0.0
5035,castellon_2023,train,2023-04-02T06:00:00.000000000,2023-04-04T17:00:00.000000000,0.0,0.0
5036,castellon_2023,train,2023-04-02T07:00:00.000000000,2023-04-04T18:00:00.000000000,0.0,0.0
5037,castellon_2023,train,2023-04-02T08:00:00.000000000,2023-04-04T19:00:00.000000000,0.0,0.0
5038,castellon_2023,train,2023-04-02T09:00:00.000000000,2023-04-04T20:00:00.000000000,0.0,0.0
5039,castellon_2023,train,2023-04-02T10:00:00.000000000,2023-04-04T21:00:00.000000000,0.0,0.0
5040,castellon_2023,train,2023-04-02T11:00:00.000000000,2023-04-04T22:00:00.000000000,0.0,0.0
5041,castellon_2023,train,2023-04-02T12:00:00.000000000,2023-04-04T23:00:00.000000000,0.0,0.0
5042,castellon_2023,train,2023-04-02T13:00:00.000000000,2023-04-05T00:00:00.000000000,0.0,0.0
5043,castellon_2023,train,2023-04-02T14:00:00.000000000,2023-04-05T01:00:00.000000000,0.0,0.0
5044,castellon_2023,train,2023-04-02T15:00:00.000000000,2023-04-05T02:00:00.000000000,0.0,0.0
5045,castellon_2023,train,2023-04-02T16:00:00.000000000,2023-04-05T03:00:00.000000000,0.0,0.0
5046,castellon_2023,train,2023-04-02T17:00:00.000000000,2023-04-05T04:00:00.000000000,0.0,0.0
5047,castellon_2023,train,2023-04-02T18:00:00.000000000,2023-04-05T05:00:00.000000000,0.0,0.0
5048,castellon_2023,train,2023-04-02T19:00:00.000000000,2023-04-05T06:00:00.000000000,0.0,0.0
5049,castellon_2023,train,2023-04-02T20:00:00.000000000,2023-04-05T07:00:00.000000000,0.0,0.0
5050,castellon_2023,train,2023-04-02T21:00:00.000000000,2023-04-05T08:00:00.000000000,0.0,0.0
5051,castellon_2023,train,2023-04-02T22:00:00.000000000,2023-04-05T09:00:00.000000000,0.0,0.0
5052,castellon_2023,train,2023-04-02T23:00:00.000000000,2023-04-05T10:00:00.000000000,9.866666793823242,118.4000015258789
5053,castellon_2023,train,2023-04-03T00:00:00.000000000,2023-04-05T11:00:00.000000000,9.866666793823242,118.4000015258789
5054,castellon_2023,train,2023-04-03T01:00:00.000000000,2023-04-05T12:00:00.000000000,9.866666793823242,118.4000015258789
5055,castellon_2023,train,2023-04-03T02:00:00.000000000,2023-04-05T13:00:00.000000000,9.866666793823242,118.4000015258789
5056,castellon_2023,train,2023-04-03T03:00:00.000000000,2023-04-05T14:00:00.000000000,9.866666793823242,118.4000015258789
5057,castellon_2023,train,2023-04-03T04:00:00.000000000,2023-04-05T15:00:00.000000000,9.866666793823242,118.4000015258789
5058,castellon_2023,train,2023-04-03T05:00:00.000000000,2023-04-05T16:00:00.000000000,9.866666793823242,118.4000015258789
5059,castellon_2023,train,2023-04-03T06:00:00.000000000,2023-04-05T17:00:00.000000000,9.866666793823242,118.4000015258789
5060,castellon_2023,train,2023-04-03T07:00:00.000000000,2023-04-05T18:00:00.000000000,9.866666793823242,118.4000015258789
5061,castellon_2023,train,2023-04-03T08:00:00.000000000,2023-04-05T19:00:00.000000000,9.866666793823242,118.4000015258789
5062,castellon_2023,train,2023-04-03T09:00:00.000000000,2023-04-05T20:00:00.000000000,9.866666793823242,118.4000015258789
5063,castellon_2023,train,2023-04-03T10:00:00.000000000,2023-04-05T21:00:00.000000000,9.866666793823242,118.4000015258789
5064,castellon_2023,train,2023-04-03T11:00:00.000000000,2023-04-05T22:00:00.000000000,0.0,0.0
5065,castellon_2023,train,2023-04-03T12:00:00.000000000,2023-04-05T23:00:00.000000000,0.0,0.0
5066,castellon_2023,train,2023-04-03T13:00:00.000000000,2023-04-06T00:00:00.000000000,0.0,0.0
5067,castellon_2023,train,2023-04-03T14:00:00.000000000,2023-04-06T01:00:00.000000000,0.0,0.0
5068,castellon_2023,train,2023-04-03T15:00:00.000000000,2023-04-06T02:00:00.000000000,0.0,0.0
5069,castellon_2023,train,2023-04-03T16:00:00.000000000,2023-04-06T03:00:00.000000000,0.0,0.0
5070,castellon_2023,train,2023-04-03T17:00:00.000000000,2023-04-06T04:00:00.000000000,0.0,0.0
5071,castellon_2023,train,2023-04-03T18:00:00.000000000,2023-04-06T05:00:00.000000000,0.0,0.0
5072,castellon_2023,train,2023-04-03T19:00:00.000000000,2023-04-06T06:00:00.000000000,0.0,0.0
5073,castellon_2023,train,2023-04-03T20:00:00.000000000,2023-04-06T07:00:00.000000000,0.0,0.0
5074,castellon_2023,train,2023-04-03T21:00:00.000000000,2023-04-06T08:00:00.000000000,0.0,0.0
5075,castellon_2023,train,2023-04-03T22:00:00.000000000,2023-04-06T09:00:00.000000000,0.0,0.0
5076,castellon_2023,train,2023-04-03T23:00:00.000000000,2023-04-06T10:00:00.000000000,0.0,0.0
5077,castellon_2023,train,2023-04-04T00:00:00.000000000,2023-04-06T11:00:00.000000000,0.0,0.0
5078,castellon_2023,train,2023-04-04T01:00:00.000000000,2023-04-06T12:00:00.000000000,0.0,0.0
5079,castellon_2023,train,2023-04-04T02:00:00.000000000,2023-04-06T13:00:00.000000000,0.0,0.0
5080,castellon_2023,train,2023-04-04T03:00:00.000000000,2023-04-06T14:00:00.000000000,0.0,0.0
5081,castellon_2023,train,2023-04-04T04:00:00.000000000,2023-04-06T15:00:00.000000000,0.0,0.0
5082,castellon_2023,train,2023-04-04T05:00:00.000000000,2023-04-06T16:00:00.000000000,0.0,0.0
5083,castellon_2023,train,2023-04-04T06:00:00.000000000,2023-04-06T17:00:00.000000000,0.0,0.0
5084,castellon_2023,train,2023-04-04T07:00:00.000000000,2023-04-06T18:00:00.000000000,0.0,0.0
5085,castellon_2023,train,2023-04-04T08:00:00.000000000,2023-04-06T19:00:00.000000000,0.0,0.0
5086,castellon_2023,train,2023-04-04T09:00:00.000000000,2023-04-06T20:00:00.000000000,0.0,0.0
5087,castellon_2023,train,2023-04-04T10:00:00.000000000,2023-04-06T21:00:00.000000000,0.0,0.0
5088,castellon_2023,train,2023-04-04T11:00:00.000000000,2023-04-06T22:00:00.000000000,0.0,0.0
5089,castellon_2023,train,2023-04-04T12:00:00.000000000,2023-04-06T23:00:00.000000000,0.0,0.0
5090,castellon_2023,train,2023-04-04T13:00:00.000000000,2023-04-07T00:00:00.000000000,0.0,0.0
5091,castellon_2023,train,2023-04-04T14:00:00.000000000,2023-04-07T01:00:00.000000000,0.0,0.0
5092,castellon_2023,train,2023-04-04T15:00:00.000000000,2023-04-07T02:00:00.000000000,0.0,0.0
5093,castellon_2023,train,2023-04-04T16:00:00.000000000,2023-04-07T03:00:00.000000000,0.0,0.0
5094,castellon_2023,train,2023-04-04T17:00:00.000000000,2023-04-07T04:00:00.000000000,0.0,0.0
5095,castellon_2023,train,2023-04-04T18:00:00.000000000,2023-04-07T05:00:00.000000000,0.0,0.0
5096,castellon_2023,train,2023-04-04T19:00:00.000000000,2023-04-07T06:00:00.000000000,0.0,0.0
5097,castellon_2023,train,2023-04-04T20:00:00.000000000,2023-04-07T07:00:00.000000000,0.0,0.0
5098,castellon_2023,train,2023-04-04T21:00:00.000000000,2023-04-07T08:00:00.000000000,0.0,0.0
5099,castellon_2023,train,2023-04-04T22:00:00.000000000,2023-04-07T09:00:00.000000000,7.016666412353516,84.19999694824219
5100,castellon_2023,train,2023-04-04T23:00:00.000000000,2023-04-07T10:00:00.000000000,7.016666412353516,84.19999694824219
5101,castellon_2023,train,2023-04-05T00:00:00.000000000,2023-04-07T11:00:00.000000000,7.016666412353516,84.19999694824219
5102,castellon_2023,train,2023-04-05T01:00:00.000000000,2023-04-07T12:00:00.000000000,7.016666412353516,84.19999694824219
5103,castellon_2023,train,2023-04-05T02:00:00.000000000,2023-04-07T13:00:00.000000000,7.016666412353516,84.19999694824219
5104,castellon_2023,train,2023-04-05T03:00:00.000000000,2023-04-07T14:00:00.000000000,7.016666412353516,84.19999694824219
5105,castellon_2023,train,2023-04-05T04:00:00.000000000,2023-04-07T15:00:00.000000000,7.016666412353516,84.19999694824219
5106,castellon_2023,train,2023-04-05T05:00:00.000000000,2023-04-07T16:00:00.000000000,7.016666412353516,84.19999694824219
5107,castellon_2023,train,2023-04-05T06:00:00.000000000,2023-04-07T17:00:00.000000000,7.016666412353516,84.19999694824219
5108,castellon_2023,train,2023-04-05T07:00:00.000000000,2023-04-07T18:00:00.000000000,7.016666412353516,84.19999694824219
5109,castellon_2023,train,2023-04-05T08:00:00.000000000,2023-04-07T19:00:00.000000000,7.016666412353516,84.19999694824219
5110,castellon_2023,train,2023-04-05T09:00:00.000000000,2023-04-07T20:00:00.000000000,7.016666412353516,84.19999694824219
5111,castellon_2023,train,2023-04-05T10:00:00.000000000,2023-04-07T21:00:00.000000000,0.0,0.0
5112,castellon_2023,train,2023-04-05T11:00:00.000000000,2023-04-07T22:00:00.000000000,0.0,0.0
5113,castellon_2023,train,2023-04-05T12:00:00.000000000,2023-04-07T23:00:00.000000000,0.0,0.0
5114,castellon_2023,train,2023-04-05T13:00:00.000000000,2023-04-08T00:00:00.000000000,0.0,0.0
5115,castellon_2023,train,2023-04-05T14:00:00.000000000,2023-04-08T01:00:00.000000000,0.0,0.0
5116,castellon_2023,train,2023-04-05T15:00:00.000000000,2023-04-08T02:00:00.000000000,0.0,0.0
5117,castellon_2023,train,2023-04-05T16:00:00.000000000,2023-04-08T03:00:00.000000000,0.0,0.0
5118,castellon_2023,train,2023-04-05T17:00:00.000000000,2023-04-08T04:00:00.000000000,0.0,0.0
5119,castellon_2023,train,2023-04-05T18:00:00.000000000,2023-04-08T05:00:00.000000000,0.0,0.0
5120,castellon_2023,train,2023-04-05T19:00:00.000000000,2023-04-08T06:00:00.000000000,0.0,0.0
5121,castellon_2023,train,2023-04-05T20:00:00.000000000,2023-04-08T07:00:00.000000000,0.0,0.0
5122,castellon_2023,train,2023-04-05T21:00:00.000000000,2023-04-08T08:00:00.000000000,0.0,0.0
5123,castellon_2023,train,2023-04-05T22:00:00.000000000,2023-04-08T09:00:00.000000000,0.0,0.0
5124,castellon_2023,train,2023-04-05T23:00:00.000000000,2023-04-08T10:00:00.000000000,0.0,0.0
5125,castellon_2023,train,2023-04-06T00:00:00.000000000,2023-04-08T11:00:00.000000000,0.0,0.0
5126,castellon_2023,train,2023-04-06T01:00:00.000000000,2023-04-08T12:00:00.000000000,0.0,0.0
5127,castellon_2023,train,2023-04-06T02:00:00.000000000,2023-04-08T13:00:00.000000000,0.0,0.0
5128,castellon_2023,train,2023-04-06T03:00:00.000000000,2023-04-08T14:00:00.000000000,0.0,0.0
5129,castellon_2023,train,2023-04-06T04:00:00.000000000,2023-04-08T15:00:00.000000000,0.0,0.0
5130,castellon_2023,train,2023-04-06T05:00:00.000000000,2023-04-08T16:00:00.000000000,0.0,0.0
5131,castellon_2023,train,2023-04-06T06:00:00.000000000,2023-04-08T17:00:00.000000000,0.0,0.0
5132,castellon_2023,train,2023-04-06T07:00:00.000000000,2023-04-08T18:00:00.000000000,0.0,0.0
5133,castellon_2023,train,2023-04-06T08:00:00.000000000,2023-04-08T19:00:00.000000000,0.0,0.0
5134,castellon_2023,train,2023-04-06T09:00:00.000000000,2023-04-08T20:00:00.000000000,0.0,0.0
5135,castellon_2023,train,2023-04-06T10:00:00.000000000,2023-04-08T21:00:00.000000000,0.0,0.0
5136,castellon_2023,train,2023-04-06T11:00:00.000000000,2023-04-08T22:00:00.000000000,0.0,0.0
5137,castellon_2023,train,2023-04-06T12:00:00.000000000,2023-04-08T23:00:00.000000000,0.0,0.0
5138,castellon_2023,train,2023-04-06T13:00:00.000000000,2023-04-09T00:00:00.000000000,0.0,0.0
5139,castellon_2023,train,2023-04-06T14:00:00.000000000,2023-04-09T01:00:00.000000000,0.0,0.0
5140,castellon_2023,train,2023-04-06T15:00:00.000000000,2023-04-09T02:00:00.000000000,0.0,0.0
5141,castellon_2023,train,2023-04-06T16:00:00.000000000,2023-04-09T03:00:00.000000000,0.0,0.0
5142,castellon_2023,train,2023-04-06T17:00:00.000000000,2023-04-09T04:00:00.000000000,0.0,0.0
5143,castellon_2023,train,2023-04-06T18:00:00.000000000,2023-04-09T05:00:00.000000000,0.0,0.0
5144,castellon_2023,train,2023-04-06T19:00:00.000000000,2023-04-09T06:00:00.000000000,0.0,0.0
5145,castellon_2023,train,2023-04-06T20:00:00.000000000,2023-04-09T07:00:00.000000000,0.0,0.0
5146,castellon_2023,train,2023-04-06T21:00:00.000000000,2023-04-09T08:00:00.000000000,0.0,0.0
5147,castellon_2023,train,2023-04-06T22:00:00.000000000,2023-04-09T09:00:00.000000000,0.0,0.0
5148,castellon_2023,train,2023-04-06T23:00:00.000000000,2023-04-09T10:00:00.000000000,0.0,0.0
5149,castellon_2023,train,2023-04-07T00:00:00.000000000,2023-04-09T11:00:00.000000000,0.0,0.0
5150,castellon_2023,train,2023-04-07T01:00:00.000000000,2023-04-09T12:00:00.000000000,0.0,0.0
5151,castellon_2023,train,2023-04-07T02:00:00.000000000,2023-04-09T13:00:00.000000000,0.0,0.0
5152,castellon_2023,train,2023-04-07T03:00:00.000000000,2023-04-09T14:00:00.000000000,0.0,0.0
5153,castellon_2023,train,2023-04-07T04:00:00.000000000,2023-04-09T15:00:00.000000000,0.0,0.0
5154,castellon_2023,train,2023-04-07T05:00:00.000000000,2023-04-09T16:00:00.000000000,0.0,0.0
5155,castellon_2023,train,2023-04-07T06:00:00.000000000,2023-04-09T17:00:00.000000000,0.0,0.0
5156,castellon_2023,train,2023-04-07T07:00:00.000000000,2023-04-09T18:00:00.000000000,0.0,0.0
5157,castellon_2023,train,2023-04-07T08:00:00.000000000,2023-04-09T19:00:00.000000000,0.0,0.0
5158,castellon_2023,train,2023-04-07T09:00:00.000000000,2023-04-09T20:00:00.000000000,0.0,0.0
5159,castellon_2023,train,2023-04-07T10:00:00.000000000,2023-04-09T21:00:00.000000000,0.0,0.0
5160,castellon_2023,train,2023-04-07T11:00:00.000000000,2023-04-09T22:00:00.000000000,0.0,0.0
5161,castellon_2023,train,2023-04-07T12:00:00.000000000,2023-04-09T23:00:00.000000000,0.0,0.0
5162,castellon_2023,train,2023-04-07T13:00:00.000000000,2023-04-10T00:00:00.000000000,0.0,0.0
5163,castellon_2023,train,2023-04-07T14:00:00.000000000,2023-04-10T01:00:00.000000000,0.0,0.0
5164,castellon_2023,train,2023-04-07T15:00:00.000000000,2023-04-10T02:00:00.000000000,0.0,0.0
5165,castellon_2023,train,2023-04-07T16:00:00.000000000,2023-04-10T03:00:00.000000000,0.0,0.0
5166,castellon_2023,train,2023-04-07T17:00:00.000000000,2023-04-10T04:00:00.000000000,0.0,0.0
5167,castellon_2023,train,2023-04-07T18:00:00.000000000,2023-04-10T05:00:00.000000000,0.0,0.0
5168,castellon_2023,train,2023-04-07T19:00:00.000000000,2023-04-10T06:00:00.000000000,0.0,0.0
5169,castellon_2023,train,2023-04-07T20:00:00.000000000,2023-04-10T07:00:00.000000000,0.0,0.0
5170,castellon_2023,train,2023-04-07T21:00:00.000000000,2023-04-10T08:00:00.000000000,0.0,0.0
5171,castellon_2023,train,2023-04-07T22:00:00.000000000,2023-04-10T09:00:00.000000000,0.0,0.0
5172,castellon_2023,train,2023-04-07T23:00:00.000000000,2023-04-10T10:00:00.000000000,0.0,0.0
5173,castellon_2023,train,2023-04-08T00:00:00.000000000,2023-04-10T11:00:00.000000000,0.0,0.0
5174,castellon_2023,train,2023-04-08T01:00:00.000000000,2023-04-10T12:00:00.000000000,0.0,0.0
5175,castellon_2023,train,2023-04-08T02:00:00.000000000,2023-04-10T13:00:00.000000000,0.0,0.0
5176,castellon_2023,train,2023-04-08T03:00:00.000000000,2023-04-10T14:00:00.000000000,0.0,0.0
5177,castellon_2023,train,2023-04-08T04:00:00.000000000,2023-04-10T15:00:00.000000000,0.0,0.0
5178,castellon_2023,train,2023-04-08T05:00:00.000000000,2023-04-10T16:00:00.000000000,0.0,0.0
5179,castellon_2023,train,2023-04-08T06:00:00.000000000,2023-04-10T17:00:00.000000000,0.0,0.0
5180,castellon_2023,train,2023-04-08T07:00:00.000000000,2023-04-10T18:00:00.000000000,0.0,0.0
5181,castellon_2023,train,2023-04-08T08:00:00.000000000,2023-04-10T19:00:00.000000000,0.0,0.0
5182,castellon_2023,train,2023-04-08T09:00:00.000000000,2023-04-10T20:00:00.000000000,0.0,0.0
5183,castellon_2023,train,2023-04-08T10:00:00.000000000,2023-04-10T21:00:00.000000000,0.0,0.0
5184,castellon_2023,train,2023-04-08T11:00:00.000000000,2023-04-10T22:00:00.000000000,0.0,0.0
5185,castellon_2023,train,2023-04-08T12:00:00.000000000,2023-04-10T23:00:00.000000000,0.0,0.0
5186,castellon_2023,train,2023-04-08T13:00:00.000000000,2023-04-11T00:00:00.000000000,0.0,0.0
5187,castellon_2023,train,2023-04-08T14:00:00.000000000,2023-04-11T01:00:00.000000000,0.0,0.0
5188,castellon_2023,train,2023-04-08T15:00:00.000000000,2023-04-11T02:00:00.000000000,0.0,0.0
5189,castellon_2023,train,2023-04-08T16:00:00.000000000,2023-04-11T03:00:00.000000000,0.0,0.0
5190,castellon_2023,train,2023-04-08T17:00:00.000000000,2023-04-11T04:00:00.000000000,0.0,0.0
5191,castellon_2023,train,2023-04-08T18:00:00.000000000,2023-04-11T05:00:00.000000000,0.0,0.0
5192,castellon_2023,train,2023-04-08T19:00:00.000000000,2023-04-11T06:00:00.000000000,0.0,0.0
5193,castellon_2023,train,2023-04-08T20:00:00.000000000,2023-04-11T07:00:00.000000000,0.0,0.0
5194,castellon_2023,train,2023-04-08T21:00:00.000000000,2023-04-11T08:00:00.000000000,0.0,0.0
5195,castellon_2023,train,2023-04-08T22:00:00.000000000,2023-04-11T09:00:00.000000000,0.0,0.0
5196,castellon_2023,train,2023-04-08T23:00:00.000000000,2023-04-11T10:00:00.000000000,0.0,0.0
5197,castellon_2023,train,2023-04-09T00:00:00.000000000,2023-04-11T11:00:00.000000000,0.0,0.0
5198,castellon_2023,train,2023-04-09T01:00:00.000000000,2023-04-11T12:00:00.000000000,0.0,0.0
5199,castellon_2023,train,2023-04-09T02:00:00.000000000,2023-04-11T13:00:00.000000000,0.0,0.0
5200,castellon_2023,train,2023-04-09T03:00:00.000000000,2023-04-11T14:00:00.000000000,0.0,0.0
5201,castellon_2023,train,2023-04-09T04:00:00.000000000,2023-04-11T15:00:00.000000000,0.0,0.0
5202,castellon_2023,train,2023-04-09T05:00:00.000000000,2023-04-11T16:00:00.000000000,0.0,0.0
5203,castellon_2023,train,2023-04-09T06:00:00.000000000,2023-04-11T17:00:00.000000000,0.0,0.0
5204,castellon_2023,train,2023-04-09T07:00:00.000000000,2023-04-11T18:00:00.000000000,0.0,0.0
5205,castellon_2023,train,2023-04-09T08:00:00.000000000,2023-04-11T19:00:00.000000000,0.0,0.0
5206,castellon_2023,train,2023-04-09T09:00:00.000000000,2023-04-11T20:00:00.000000000,0.0,0.0
5207,castellon_2023,train,2023-04-09T10:00:00.000000000,2023-04-11T21:00:00.000000000,0.0,0.0
5208,castellon_2023,train,2023-04-09T11:00:00.000000000,2023-04-11T22:00:00.000000000,0.0,0.0
5209,castellon_2023,train,2023-04-09T12:00:00.000000000,2023-04-11T23:00:00.000000000,0.0,0.0
5210,caceres_2023,val,2023-05-15T00:00:00.000000000,2023-05-17T11:00:00.000000000,0.0,0.0
5211,caceres_2023,val,2023-05-15T01:00:00.000000000,2023-05-17T12:00:00.000000000,0.0,0.0
5212,caceres_2023,val,2023-05-15T02:00:00.000000000,2023-05-17T13:00:00.000000000,0.0,0.0
5213,caceres_2023,val,2023-05-15T03:00:00.000000000,2023-05-17T14:00:00.000000000,0.0,0.0
5214,caceres_2023,val,2023-05-15T04:00:00.000000000,2023-05-17T15:00:00.000000000,0.0,0.0
5215,caceres_2023,val,2023-05-15T05:00:00.000000000,2023-05-17T16:00:00.000000000,0.0,0.0
5216,caceres_2023,val,2023-05-15T06:00:00.000000000,2023-05-17T17:00:00.000000000,0.0,0.0
5217,caceres_2023,val,2023-05-15T07:00:00.000000000,2023-05-17T18:00:00.000000000,0.0,0.0
5218,caceres_2023,val,2023-05-15T08:00:00.000000000,2023-05-17T19:00:00.000000000,0.0,0.0
5219,caceres_2023,val,2023-05-15T09:00:00.000000000,2023-05-17T20:00:00.000000000,19.391666412353516,232.6999969482422
5220,caceres_2023,val,2023-05-15T10:00:00.000000000,2023-05-17T21:00:00.000000000,143.2916717529297,1486.800048828125
5221,caceres_2023,val,2023-05-15T11:00:00.000000000,2023-05-17T22:00:00.000000000,225.90000915527344,1486.800048828125
5222,caceres_2023,val,2023-05-15T12:00:00.000000000,2023-05-17T23:00:00.000000000,344.7083435058594,1486.800048828125
5223,caceres_2023,val,2023-05-15T13:00:00.000000000,2023-05-18T00:00:00.000000000,714.7166137695312,4440.10009765625
5224,caceres_2023,val,2023-05-15T14:00:00.000000000,2023-05-18T01:00:00.000000000,1191.2083740234375,5717.89990234375
5225,caceres_2023,val,2023-05-15T15:00:00.000000000,2023-05-18T02:00:00.000000000,1432.1500244140625,5717.89990234375
5226,caceres_2023,val,2023-05-15T16:00:00.000000000,2023-05-18T03:00:00.000000000,1505.5084228515625,5717.89990234375
5227,caceres_2023,val,2023-05-15T17:00:00.000000000,2023-05-18T04:00:00.000000000,1573.5751953125,5717.89990234375
5228,caceres_2023,val,2023-05-15T18:00:00.000000000,2023-05-18T05:00:00.000000000,1674.1585693359375,5717.89990234375
5229,caceres_2023,val,2023-05-15T19:00:00.000000000,2023-05-18T06:00:00.000000000,1864.4085693359375,5717.89990234375
5230,caceres_2023,val,2023-05-15T20:00:00.000000000,2023-05-18T07:00:00.000000000,2013.0750732421875,5717.89990234375
5231,caceres_2023,val,2023-05-15T21:00:00.000000000,2023-05-18T08:00:00.000000000,2133.491455078125,5717.89990234375
5232,caceres_2023,val,2023-05-15T22:00:00.000000000,2023-05-18T09:00:00.000000000,2227.533447265625,5717.89990234375
5233,caceres_2023,val,2023-05-15T23:00:00.000000000,2023-05-18T10:00:00.000000000,2393.941650390625,5717.89990234375
5234,caceres_2023,val,2023-05-16T00:00:00.000000000,2023-05-18T11:00:00.000000000,2644.991455078125,5717.89990234375
5235,caceres_2023,val,2023-05-16T01:00:00.000000000,2023-05-18T12:00:00.000000000,2811.349853515625,6436.39990234375
5236,caceres_2023,val,2023-05-16T02:00:00.000000000,2023-05-18T13:00:00.000000000,3665.366455078125,15966.099609375
5237,caceres_2023,val,2023-05-16T03:00:00.000000000,2023-05-18T14:00:00.000000000,5831.76708984375,28888.099609375
5238,caceres_2023,val,2023-05-16T04:00:00.000000000,2023-05-18T15:00:00.000000000,7462.57470703125,28888.099609375
5239,caceres_2023,val,2023-05-16T05:00:00.000000000,2023-05-18T16:00:00.000000000,8811.4248046875,28888.099609375
5240,caceres_2023,val,2023-05-16T06:00:00.000000000,2023-05-18T17:00:00.000000000,9804.0673828125,28888.099609375
5241,caceres_2023,val,2023-05-16T07:00:00.000000000,2023-05-18T18:00:00.000000000,9958.0830078125,28888.099609375
5242,caceres_2023,val,2023-05-16T08:00:00.000000000,2023-05-18T19:00:00.000000000,9809.4169921875,28888.099609375
5243,caceres_2023,val,2023-05-16T09:00:00.000000000,2023-05-18T20:00:00.000000000,9669.609375,28888.099609375
5244,caceres_2023,val,2023-05-16T10:00:00.000000000,2023-05-18T21:00:00.000000000,9451.6669921875,28888.099609375
5245,caceres_2023,val,2023-05-16T11:00:00.000000000,2023-05-18T22:00:00.000000000,9689.2998046875,28888.099609375
5246,caceres_2023,val,2023-05-16T12:00:00.000000000,2023-05-18T23:00:00.000000000,10862.4658203125,28888.099609375
5247,caceres_2023,val,2023-05-16T13:00:00.000000000,2023-05-19T00:00:00.000000000,13015.17578125,32268.900390625
5248,caceres_2023,val,2023-05-16T14:00:00.000000000,2023-05-19T01:00:00.000000000,12854.1748046875,32268.900390625
5249,caceres_2023,val,2023-05-16T15:00:00.000000000,2023-05-19T02:00:00.000000000,12031.30859375,32268.900390625
5250,caceres_2023,val,2023-05-16T16:00:00.000000000,2023-05-19T03:00:00.000000000,11824.17578125,32268.900390625
5251,caceres_2023,val,2023-05-16T17:00:00.000000000,2023-05-19T04:00:00.000000000,10885.0087890625,32268.900390625
5252,caceres_2023,val,2023-05-16T18:00:00.000000000,2023-05-19T05:00:00.000000000,10026.8837890625,32268.900390625
5253,caceres_2023,val,2023-05-16T19:00:00.000000000,2023-05-19T06:00:00.000000000,10236.2412109375,32268.900390625
5254,caceres_2023,val,2023-05-16T20:00:00.000000000,2023-05-19T07:00:00.000000000,11388.5087890625,32268.900390625
5255,caceres_2023,val,2023-05-16T21:00:00.000000000,2023-05-19T08:00:00.000000000,12591.1171875,32268.900390625
5256,caceres_2023,val,2023-05-16T22:00:00.000000000,2023-05-19T09:00:00.000000000,13092.5087890625,32268.900390625
5257,caceres_2023,val,2023-05-16T23:00:00.000000000,2023-05-19T10:00:00.000000000,13669.80078125,32268.900390625
5258,caceres_2023,val,2023-05-17T00:00:00.000000000,2023-05-19T11:00:00.000000000,13183.19140625,32268.900390625
5259,caceres_2023,val,2023-05-17T01:00:00.000000000,2023-05-19T12:00:00.000000000,11051.6826171875,19013.69921875
5260,caceres_2023,val,2023-05-17T02:00:00.000000000,2023-05-19T13:00:00.000000000,10513.1826171875,19013.69921875
5261,caceres_2023,val,2023-05-17T03:00:00.000000000,2023-05-19T14:00:00.000000000,9524.43359375,17964.400390625
5262,caceres_2023,val,2023-05-17T04:00:00.000000000,2023-05-19T15:00:00.000000000,8458.2841796875,14431.2998046875
5263,caceres_2023,val,2023-05-17T05:00:00.000000000,2023-05-19T16:00:00.000000000,8167.68359375,14431.2998046875
5264,caceres_2023,val,2023-05-17T06:00:00.000000000,2023-05-19T17:00:00.000000000,8178.958984375,14431.2998046875
5265,caceres_2023,val,2023-05-17T07:00:00.000000000,2023-05-19T18:00:00.000000000,7825.25830078125,14431.2998046875
5266,caceres_2023,val,2023-05-17T08:00:00.000000000,2023-05-19T19:00:00.000000000,6786.44970703125,14431.2998046875
5267,caceres_2023,val,2023-05-17T09:00:00.000000000,2023-05-19T20:00:00.000000000,5747.04150390625,12767.2998046875
5268,caceres_2023,val,2023-05-17T10:00:00.000000000,2023-05-19T21:00:00.000000000,5425.35009765625,12767.2998046875
5269,caceres_2023,val,2023-05-17T11:00:00.000000000,2023-05-19T22:00:00.000000000,4739.86669921875,12677.0
5270,caceres_2023,val,2023-05-17T12:00:00.000000000,2023-05-19T23:00:00.000000000,3683.449951171875,7572.10009765625
5271,caceres_2023,val,2023-05-17T13:00:00.000000000,2023-05-20T00:00:00.000000000,3125.883544921875,7572.10009765625
5272,caceres_2023,val,2023-05-17T14:00:00.000000000,2023-05-20T01:00:00.000000000,2494.875244140625,7148.7001953125
5273,caceres_2023,val,2023-05-17T15:00:00.000000000,2023-05-20T02:00:00.000000000,1899.1500244140625,5170.60009765625
5274,caceres_2023,val,2023-05-17T16:00:00.000000000,2023-05-20T03:00:00.000000000,1501.2249755859375,4541.5
5275,caceres_2023,val,2023-05-17T17:00:00.000000000,2023-05-20T04:00:00.000000000,1365.7833251953125,4541.5
5276,caceres_2023,val,2023-05-17T18:00:00.000000000,2023-05-20T05:00:00.000000000,1119.4083251953125,4541.5
5277,caceres_2023,val,2023-05-17T19:00:00.000000000,2023-05-20T06:00:00.000000000,919.4833374023438,4541.5
5278,caceres_2023,val,2023-05-17T20:00:00.000000000,2023-05-20T07:00:00.000000000,806.0249633789062,4541.5
5279,caceres_2023,val,2023-05-17T21:00:00.000000000,2023-05-20T08:00:00.000000000,669.9166870117188,4541.5
5280,caceres_2023,val,2023-05-17T22:00:00.000000000,2023-05-20T09:00:00.000000000,490.2166748046875,4541.5
5281,caceres_2023,val,2023-05-17T23:00:00.000000000,2023-05-20T10:00:00.000000000,111.75833129882812,620.5
5282,caceres_2023,val,2023-05-18T00:00:00.000000000,2023-05-20T11:00:00.000000000,111.75833129882812,620.5
5283,caceres_2023,val,2023-05-18T01:00:00.000000000,2023-05-20T12:00:00.000000000,111.75833129882812,620.5
5284,caceres_2023,val,2023-05-18T02:00:00.000000000,2023-05-20T13:00:00.000000000,111.75833129882812,620.5
5285,caceres_2023,val,2023-05-18T03:00:00.000000000,2023-05-20T14:00:00.000000000,111.75833129882812,620.5
5286,caceres_2023,val,2023-05-18T04:00:00.000000000,2023-05-20T15:00:00.000000000,78.79999542236328,620.5
5287,caceres_2023,val,2023-05-18T05:00:00.000000000,2023-05-20T16:00:00.000000000,27.09166717529297,325.1000061035156
5288,caceres_2023,val,2023-05-18T06:00:00.000000000,2023-05-20T17:00:00.000000000,27.09166717529297,325.1000061035156
5289,caceres_2023,val,2023-05-18T07:00:00.000000000,2023-05-20T18:00:00.000000000,27.09166717529297,325.1000061035156
5290,caceres_2023,val,2023-05-18T08:00:00.000000000,2023-05-20T19:00:00.000000000,27.09166717529297,325.1000061035156
5291,caceres_2023,val,2023-05-18T09:00:00.000000000,2023-05-20T20:00:00.000000000,0.0,0.0
5292,caceres_2023,val,2023-05-18T10:00:00.000000000,2023-05-20T21:00:00.000000000,0.0,0.0
5293,caceres_2023,val,2023-05-18T11:00:00.000000000,2023-05-20T22:00:00.000000000,0.0,0.0
5294,caceres_2023,val,2023-05-18T12:00:00.000000000,2023-05-20T23:00:00.000000000,0.0,0.0
5295,caceres_2023,val,2023-05-18T13:00:00.000000000,2023-05-21T00:00:00.000000000,0.0,0.0
5296,caceres_2023,val,2023-05-18T14:00:00.000000000,2023-05-21T01:00:00.000000000,0.0,0.0
5297,caceres_2023,val,2023-05-18T15:00:00.000000000,2023-05-21T02:00:00.000000000,0.0,0.0
5298,caceres_2023,val,2023-05-18T16:00:00.000000000,2023-05-21T03:00:00.000000000,0.0,0.0
5299,caceres_2023,val,2023-05-18T17:00:00.000000000,2023-05-21T04:00:00.000000000,0.0,0.0
5300,caceres_2023,val,2023-05-18T18:00:00.000000000,2023-05-21T05:00:00.000000000,0.0,0.0
5301,caceres_2023,val,2023-05-18T19:00:00.000000000,2023-05-21T06:00:00.000000000,0.0,0.0
5302,caceres_2023,val,2023-05-18T20:00:00.000000000,2023-05-21T07:00:00.000000000,0.0,0.0
5303,caceres_2023,val,2023-05-18T21:00:00.000000000,2023-05-21T08:00:00.000000000,0.0,0.0
5304,caceres_2023,val,2023-05-18T22:00:00.000000000,2023-05-21T09:00:00.000000000,0.0,0.0
5305,caceres_2023,val,2023-05-18T23:00:00.000000000,2023-05-21T10:00:00.000000000,0.0,0.0
5306,caceres_2023,val,2023-05-19T00:00:00.000000000,2023-05-21T11:00:00.000000000,0.0,0.0
5307,caceres_2023,val,2023-05-19T01:00:00.000000000,2023-05-21T12:00:00.000000000,0.0,0.0
5308,caceres_2023,val,2023-05-19T02:00:00.000000000,2023-05-21T13:00:00.000000000,0.0,0.0
5309,caceres_2023,val,2023-05-19T03:00:00.000000000,2023-05-21T14:00:00.000000000,0.0,0.0
5310,caceres_2023,val,2023-05-19T04:00:00.000000000,2023-05-21T15:00:00.000000000,0.0,0.0
5311,caceres_2023,val,2023-05-19T05:00:00.000000000,2023-05-21T16:00:00.000000000,0.0,0.0
5312,caceres_2023,val,2023-05-19T06:00:00.000000000,2023-05-21T17:00:00.000000000,0.0,0.0
5313,caceres_2023,val,2023-05-19T07:00:00.000000000,2023-05-21T18:00:00.000000000,0.0,0.0
5314,caceres_2023,val,2023-05-19T08:00:00.000000000,2023-05-21T19:00:00.000000000,0.0,0.0
5315,caceres_2023,val,2023-05-19T09:00:00.000000000,2023-05-21T20:00:00.000000000,0.0,0.0
5316,caceres_2023,val,2023-05-19T10:00:00.000000000,2023-05-21T21:00:00.000000000,0.0,0.0
5317,caceres_2023,val,2023-05-19T11:00:00.000000000,2023-05-21T22:00:00.000000000,0.0,0.0
5318,caceres_2023,val,2023-05-19T12:00:00.000000000,2023-05-21T23:00:00.000000000,0.0,0.0
5319,caceres_2023,val,2023-05-19T13:00:00.000000000,2023-05-22T00:00:00.000000000,0.0,0.0
5320,caceres_2023,val,2023-05-19T14:00:00.000000000,2023-05-22T01:00:00.000000000,0.0,0.0
5321,caceres_2023,val,2023-05-19T15:00:00.000000000,2023-05-22T02:00:00.000000000,0.0,0.0
5322,caceres_2023,val,2023-05-19T16:00:00.000000000,2023-05-22T03:00:00.000000000,0.0,0.0
5323,caceres_2023,val,2023-05-19T17:00:00.000000000,2023-05-22T04:00:00.000000000,0.0,0.0
5324,caceres_2023,val,2023-05-19T18:00:00.000000000,2023-05-22T05:00:00.000000000,0.0,0.0
5325,caceres_2023,val,2023-05-19T19:00:00.000000000,2023-05-22T06:00:00.000000000,0.0,0.0
5326,caceres_2023,val,2023-05-19T20:00:00.000000000,2023-05-22T07:00:00.000000000,0.0,0.0
5327,caceres_2023,val,2023-05-19T21:00:00.000000000,2023-05-22T08:00:00.000000000,0.0,0.0
5328,caceres_2023,val,2023-05-19T22:00:00.000000000,2023-05-22T09:00:00.000000000,0.0,0.0
5329,caceres_2023,val,2023-05-19T23:00:00.000000000,2023-05-22T10:00:00.000000000,0.0,0.0
5330,caceres_2023,val,2023-05-20T00:00:00.000000000,2023-05-22T11:00:00.000000000,0.0,0.0
5331,caceres_2023,val,2023-05-20T01:00:00.000000000,2023-05-22T12:00:00.000000000,0.0,0.0
5332,caceres_2023,val,2023-05-20T02:00:00.000000000,2023-05-22T13:00:00.000000000,0.0,0.0
5333,caceres_2023,val,2023-05-20T03:00:00.000000000,2023-05-22T14:00:00.000000000,0.0,0.0
5334,caceres_2023,val,2023-05-20T04:00:00.000000000,2023-05-22T15:00:00.000000000,0.0,0.0
5335,caceres_2023,val,2023-05-20T05:00:00.000000000,2023-05-22T16:00:00.000000000,0.0,0.0
5336,caceres_2023,val,2023-05-20T06:00:00.000000000,2023-05-22T17:00:00.000000000,0.0,0.0
5337,caceres_2023,val,2023-05-20T07:00:00.000000000,2023-05-22T18:00:00.000000000,0.0,0.0
5338,caceres_2023,val,2023-05-20T08:00:00.000000000,2023-05-22T19:00:00.000000000,0.0,0.0
5339,caceres_2023,val,2023-05-20T09:00:00.000000000,2023-05-22T20:00:00.000000000,0.0,0.0
5340,caceres_2023,val,2023-05-20T10:00:00.000000000,2023-05-22T21:00:00.000000000,0.0,0.0
5341,caceres_2023,val,2023-05-20T11:00:00.000000000,2023-05-22T22:00:00.000000000,0.0,0.0
5342,caceres_2023,val,2023-05-20T12:00:00.000000000,2023-05-22T23:00:00.000000000,0.0,0.0
5343,caceres_2023,val,2023-05-20T13:00:00.000000000,2023-05-23T00:00:00.000000000,0.0,0.0
5344,caceres_2023,val,2023-05-20T14:00:00.000000000,2023-05-23T01:00:00.000000000,0.0,0.0
5345,caceres_2023,val,2023-05-20T15:00:00.000000000,2023-05-23T02:00:00.000000000,0.0,0.0
5346,caceres_2023,val,2023-05-20T16:00:00.000000000,2023-05-23T03:00:00.000000000,0.0,0.0
5347,caceres_2023,val,2023-05-20T17:00:00.000000000,2023-05-23T04:00:00.000000000,0.0,0.0
5348,caceres_2023,val,2023-05-20T18:00:00.000000000,2023-05-23T05:00:00.000000000,0.0,0.0
5349,caceres_2023,val,2023-05-20T19:00:00.000000000,2023-05-23T06:00:00.000000000,0.0,0.0
5350,caceres_2023,val,2023-05-20T20:00:00.000000000,2023-05-23T07:00:00.000000000,0.0,0.0
5351,caceres_2023,val,2023-05-20T21:00:00.000000000,2023-05-23T08:00:00.000000000,0.0,0.0
5352,caceres_2023,val,2023-05-20T22:00:00.000000000,2023-05-23T09:00:00.000000000,0.0,0.0
5353,caceres_2023,val,2023-05-20T23:00:00.000000000,2023-05-23T10:00:00.000000000,0.0,0.0
5354,caceres_2023,val,2023-05-21T00:00:00.000000000,2023-05-23T11:00:00.000000000,0.0,0.0
5355,caceres_2023,val,2023-05-21T01:00:00.000000000,2023-05-23T12:00:00.000000000,0.0,0.0
5356,caceres_2023,val,2023-05-21T02:00:00.000000000,2023-05-23T13:00:00.000000000,0.0,0.0
5357,caceres_2023,val,2023-05-21T03:00:00.000000000,2023-05-23T14:00:00.000000000,0.0,0.0
5358,caceres_2023,val,2023-05-21T04:00:00.000000000,2023-05-23T15:00:00.000000000,0.0,0.0
5359,caceres_2023,val,2023-05-21T05:00:00.000000000,2023-05-23T16:00:00.000000000,0.0,0.0
5360,caceres_2023,val,2023-05-21T06:00:00.000000000,2023-05-23T17:00:00.000000000,0.0,0.0
5361,caceres_2023,val,2023-05-21T07:00:00.000000000,2023-05-23T18:00:00.000000000,0.0,0.0
5362,caceres_2023,val,2023-05-21T08:00:00.000000000,2023-05-23T19:00:00.000000000,0.0,0.0
5363,caceres_2023,val,2023-05-21T09:00:00.000000000,2023-05-23T20:00:00.000000000,0.0,0.0
5364,caceres_2023,val,2023-05-21T10:00:00.000000000,2023-05-23T21:00:00.000000000,0.0,0.0
5365,caceres_2023,val,2023-05-21T11:00:00.000000000,2023-05-23T22:00:00.000000000,0.0,0.0
5366,caceres_2023,val,2023-05-21T12:00:00.000000000,2023-05-23T23:00:00.000000000,0.0,0.0
5367,mandra_2023,val,2023-07-15T00:00:00.000000000,2023-07-17T13:00:00.000000000,118.92499542236328,1427.0999755859375
5368,mandra_2023,val,2023-07-15T01:00:00.000000000,2023-07-17T14:00:00.000000000,378.7833251953125,3118.300048828125
5369,mandra_2023,val,2023-07-15T02:00:00.000000000,2023-07-17T15:00:00.000000000,1479.0416259765625,13203.099609375
5370,mandra_2023,val,2023-07-15T03:00:00.000000000,2023-07-17T16:00:00.000000000,2521.708251953125,13203.099609375
5371,mandra_2023,val,2023-07-15T04:00:00.000000000,2023-07-17T17:00:00.000000000,3221.466796875,13203.099609375
5372,mandra_2023,val,2023-07-15T05:00:00.000000000,2023-07-17T18:00:00.000000000,4221.41650390625,13203.099609375
5373,mandra_2023,val,2023-07-15T06:00:00.000000000,2023-07-17T19:00:00.000000000,5045.04150390625,13203.099609375
5374,mandra_2023,val,2023-07-15T07:00:00.000000000,2023-07-17T20:00:00.000000000,6223.875,14146.0
5375,mandra_2023,val,2023-07-15T08:00:00.000000000,2023-07-17T21:00:00.000000000,6473.98291015625,14146.0
5376,mandra_2023,val,2023-07-15T09:00:00.000000000,2023-07-17T22:00:00.000000000,7044.01611328125,14146.0
5377,mandra_2023,val,2023-07-15T10:00:00.000000000,2023-07-17T23:00:00.000000000,7597.94970703125,14146.0
5378,mandra_2023,val,2023-07-15T11:00:00.000000000,2023-07-18T00:00:00.000000000,7752.6328125,14146.0
5379,mandra_2023,val,2023-07-15T12:00:00.000000000,2023-07-18T01:00:00.000000000,8301.0166015625,14146.0
5380,mandra_2023,val,2023-07-15T13:00:00.000000000,2023-07-18T02:00:00.000000000,8212.2919921875,14146.0
5381,mandra_2023,val,2023-07-15T14:00:00.000000000,2023-07-18T03:00:00.000000000,7359.44140625,14146.0
5382,mandra_2023,val,2023-07-15T15:00:00.000000000,2023-07-18T04:00:00.000000000,6904.67431640625,14146.0
5383,mandra_2023,val,2023-07-15T16:00:00.000000000,2023-07-18T05:00:00.000000000,6601.08349609375,14146.0
5384,mandra_2023,val,2023-07-15T17:00:00.000000000,2023-07-18T06:00:00.000000000,5961.80810546875,14146.0
5385,mandra_2023,val,2023-07-15T18:00:00.000000000,2023-07-18T07:00:00.000000000,5392.591796875,14146.0
5386,mandra_2023,val,2023-07-15T19:00:00.000000000,2023-07-18T08:00:00.000000000,4720.25830078125,7054.7998046875
5387,mandra_2023,val,2023-07-15T22:00:00.000000000,2023-07-18T09:00:00.000000000,5162.80859375,8311.900390625
5388,mandra_2023,val,2023-07-15T23:00:00.000000000,2023-07-18T10:00:00.000000000,5327.68310546875,8818.900390625
5389,mandra_2023,val,2023-07-16T00:00:00.000000000,2023-07-18T11:00:00.000000000,5361.091796875,8818.900390625
5390,mandra_2023,val,2023-07-16T01:00:00.000000000,2023-07-18T12:00:00.000000000,5462.54931640625,8818.900390625
5391,mandra_2023,val,2023-07-16T02:00:00.000000000,2023-07-18T13:00:00.000000000,6128.16650390625,14568.0
5392,mandra_2023,val,2023-07-16T03:00:00.000000000,2023-07-18T14:00:00.000000000,6290.60888671875,14568.0
5393,mandra_2023,val,2023-07-16T04:00:00.000000000,2023-07-18T15:00:00.000000000,6302.13330078125,14568.0
5394,mandra_2023,val,2023-07-16T05:00:00.000000000,2023-07-18T16:00:00.000000000,6143.216796875,14568.0
5395,mandra_2023,val,2023-07-16T06:00:00.000000000,2023-07-18T17:00:00.000000000,6088.31689453125,14568.0
5396,mandra_2023,val,2023-07-16T07:00:00.000000000,2023-07-18T18:00:00.000000000,5918.78369140625,14568.0
5397,mandra_2023,val,2023-07-16T08:00:00.000000000,2023-07-18T19:00:00.000000000,5802.9921875,14568.0
5398,mandra_2023,val,2023-07-16T09:00:00.000000000,2023-07-18T20:00:00.000000000,5366.48291015625,14568.0
5399,mandra_2023,val,2023-07-16T10:00:00.000000000,2023-07-18T21:00:00.000000000,4739.54931640625,14568.0
5400,mandra_2023,val,2023-07-16T11:00:00.000000000,2023-07-19T00:00:00.000000000,4056.849853515625,14568.0
5401,mandra_2023,val,2023-07-16T12:00:00.000000000,2023-07-19T01:00:00.000000000,3555.3916015625,14568.0
5402,mandra_2023,val,2023-07-16T13:00:00.000000000,2023-07-19T02:00:00.000000000,3274.18359375,14568.0
5403,mandra_2023,val,2023-07-16T14:00:00.000000000,2023-07-19T03:00:00.000000000,2322.191650390625,5147.7998046875
5404,mandra_2023,val,2023-07-16T15:00:00.000000000,2023-07-19T04:00:00.000000000,2204.824951171875,5147.7998046875
5405,mandra_2023,val,2023-07-16T16:00:00.000000000,2023-07-19T05:00:00.000000000,2239.10009765625,5147.7998046875
5406,mandra_2023,val,2023-07-16T17:00:00.000000000,2023-07-19T06:00:00.000000000,2387.808349609375,6932.2998046875
5407,mandra_2023,val,2023-07-16T18:00:00.000000000,2023-07-19T07:00:00.000000000,2847.566650390625,9612.2998046875
5408,mandra_2023,val,2023-07-16T19:00:00.000000000,2023-07-19T08:00:00.000000000,3340.350341796875,9612.2998046875
5409,mandra_2023,val,2023-07-16T20:00:00.000000000,2023-07-19T09:00:00.000000000,3996.466552734375,9612.2998046875
5410,mandra_2023,val,2023-07-16T21:00:00.000000000,2023-07-19T10:00:00.000000000,4736.13330078125,9715.900390625
5411,mandra_2023,val,2023-07-16T22:00:00.000000000,2023-07-19T11:00:00.000000000,5627.44140625,11484.400390625
5412,mandra_2023,val,2023-07-16T23:00:00.000000000,2023-07-19T12:00:00.000000000,6245.24169921875,11484.400390625
5413,mandra_2023,val,2023-07-17T00:00:00.000000000,2023-07-19T13:00:00.000000000,6773.25,11484.400390625
5414,mandra_2023,val,2023-07-17T01:00:00.000000000,2023-07-19T14:00:00.000000000,7100.30029296875,11484.400390625
5415,mandra_2023,val,2023-07-17T02:00:00.000000000,2023-07-19T15:00:00.000000000,7029.50830078125,11484.400390625
5416,mandra_2023,val,2023-07-17T03:00:00.000000000,2023-07-19T16:00:00.000000000,6886.95849609375,11484.400390625
5417,mandra_2023,val,2023-07-17T04:00:00.000000000,2023-07-19T17:00:00.000000000,6611.27490234375,11484.400390625
5418,mandra_2023,val,2023-07-17T05:00:00.000000000,2023-07-19T18:00:00.000000000,6078.74951171875,11484.400390625
5419,mandra_2023,val,2023-07-17T06:00:00.000000000,2023-07-19T19:00:00.000000000,5337.32470703125,11484.400390625
5420,mandra_2023,val,2023-07-17T07:00:00.000000000,2023-07-19T20:00:00.000000000,4683.14990234375,11484.400390625
5421,mandra_2023,val,2023-07-17T08:00:00.000000000,2023-07-19T21:00:00.000000000,3914.2666015625,11484.400390625
5422,mandra_2023,val,2023-07-17T09:00:00.000000000,2023-07-19T22:00:00.000000000,3112.182861328125,11484.400390625
5423,mandra_2023,val,2023-07-17T10:00:00.000000000,2023-07-19T23:00:00.000000000,2166.508544921875,8040.10009765625
5424,mandra_2023,val,2023-07-17T11:00:00.000000000,2023-07-20T00:00:00.000000000,1516.5582275390625,7366.7001953125
5425,mandra_2023,val,2023-07-17T12:00:00.000000000,2023-07-20T01:00:00.000000000,929.5,5050.89990234375
5426,mandra_2023,val,2023-07-17T13:00:00.000000000,2023-07-20T02:00:00.000000000,532.6333618164062,2294.60009765625
5427,mandra_2023,val,2023-07-17T14:00:00.000000000,2023-07-20T03:00:00.000000000,358.8583068847656,883.9000244140625
5428,mandra_2023,val,2023-07-17T15:00:00.000000000,2023-07-20T04:00:00.000000000,288.0249938964844,715.2000122070312
5429,mandra_2023,val,2023-07-17T16:00:00.000000000,2023-07-20T05:00:00.000000000,270.4999694824219,715.2000122070312
5430,mandra_2023,val,2023-07-17T17:00:00.000000000,2023-07-20T06:00:00.000000000,225.33331298828125,715.2000122070312
5431,mandra_2023,val,2023-07-17T18:00:00.000000000,2023-07-20T07:00:00.000000000,214.4083251953125,584.0999755859375
5432,mandra_2023,val,2023-07-17T19:00:00.000000000,2023-07-20T08:00:00.000000000,236.84999084472656,626.2999877929688
5433,mandra_2023,val,2023-07-17T20:00:00.000000000,2023-07-20T09:00:00.000000000,267.3833312988281,676.5999755859375
5434,mandra_2023,val,2023-07-17T21:00:00.000000000,2023-07-20T10:00:00.000000000,381.88330078125,1464.9000244140625
5435,mandra_2023,val,2023-07-17T22:00:00.000000000,2023-07-20T11:00:00.000000000,501.4916687011719,1571.5999755859375
5436,mandra_2023,val,2023-07-17T23:00:00.000000000,2023-07-20T12:00:00.000000000,584.38330078125,1571.5999755859375
5437,mandra_2023,val,2023-07-18T00:00:00.000000000,2023-07-20T13:00:00.000000000,1109.3333740234375,6621.39990234375
5438,mandra_2023,val,2023-07-18T01:00:00.000000000,2023-07-20T14:00:00.000000000,1675.0250244140625,7076.7998046875
5439,mandra_2023,val,2023-07-18T02:00:00.000000000,2023-07-20T15:00:00.000000000,1798.6500244140625,7076.7998046875
5440,mandra_2023,val,2023-07-18T03:00:00.000000000,2023-07-20T16:00:00.000000000,1863.88330078125,7076.7998046875
5441,mandra_2023,val,2023-07-18T04:00:00.000000000,2023-07-20T17:00:00.000000000,1863.88330078125,7076.7998046875
5442,mandra_2023,val,2023-07-18T05:00:00.000000000,2023-07-20T18:00:00.000000000,1863.88330078125,7076.7998046875
5443,mandra_2023,val,2023-07-18T06:00:00.000000000,2023-07-20T19:00:00.000000000,1815.2081298828125,7076.7998046875
5444,mandra_2023,val,2023-07-18T07:00:00.000000000,2023-07-20T20:00:00.000000000,1763.0166015625,7076.7998046875
5445,mandra_2023,val,2023-07-18T08:00:00.000000000,2023-07-20T21:00:00.000000000,1706.63330078125,7076.7998046875
5446,mandra_2023,val,2023-07-18T09:00:00.000000000,2023-07-20T22:00:00.000000000,1584.5582275390625,7076.7998046875
5447,mandra_2023,val,2023-07-18T10:00:00.000000000,2023-07-21T01:00:00.000000000,1453.5914306640625,7076.7998046875
5448,mandra_2023,val,2023-07-18T11:00:00.000000000,2023-07-21T02:00:00.000000000,1350.6416015625,7076.7998046875
5449,mandra_2023,val,2023-07-18T12:00:00.000000000,2023-07-21T03:00:00.000000000,798.8583374023438,7076.7998046875
5450,mandra_2023,val,2023-07-18T13:00:00.000000000,2023-07-21T04:00:00.000000000,209.125,1692.800048828125
5451,mandra_2023,val,2023-07-18T14:00:00.000000000,2023-07-21T05:00:00.000000000,68.05833435058594,816.7000122070312
5452,mandra_2023,val,2023-07-18T15:00:00.000000000,2023-07-21T06:00:00.000000000,0.0,0.0
5453,mandra_2023,val,2023-07-18T16:00:00.000000000,2023-07-21T07:00:00.000000000,36.34166717529297,436.1000061035156
5454,mandra_2023,val,2023-07-18T17:00:00.000000000,2023-07-21T08:00:00.000000000,94.74166870117188,700.7999877929688
5455,mandra_2023,val,2023-07-18T18:00:00.000000000,2023-07-21T09:00:00.000000000,178.3833465576172,1003.7000122070312
5456,mandra_2023,val,2023-07-18T19:00:00.000000000,2023-07-21T10:00:00.000000000,281.2166748046875,1234.0
5457,mandra_2023,val,2023-07-18T20:00:00.000000000,2023-07-21T11:00:00.000000000,359.5,1234.0
5458,mandra_2023,val,2023-07-18T21:00:00.000000000,2023-07-21T12:00:00.000000000,371.0249938964844,1234.0
5459,mandra_2023,val,2023-07-19T00:00:00.000000000,2023-07-21T13:00:00.000000000,411.4666442871094,1234.0
5460,mandra_2023,val,2023-07-19T01:00:00.000000000,2023-07-21T14:00:00.000000000,426.2499694824219,1234.0
5461,mandra_2023,val,2023-07-19T02:00:00.000000000,2023-07-21T15:00:00.000000000,426.2499694824219,1234.0
5462,mandra_2023,val,2023-07-19T03:00:00.000000000,2023-07-21T16:00:00.000000000,426.2499694824219,1234.0
5463,mandra_2023,val,2023-07-19T04:00:00.000000000,2023-07-21T17:00:00.000000000,426.25,1234.0
5464,mandra_2023,val,2023-07-19T05:00:00.000000000,2023-07-21T18:00:00.000000000,426.25,1234.0
5465,mandra_2023,val,2023-07-19T06:00:00.000000000,2023-07-21T19:00:00.000000000,389.9083251953125,1234.0
5466,mandra_2023,val,2023-07-19T07:00:00.000000000,2023-07-21T20:00:00.000000000,331.5083312988281,1234.0
5467,mandra_2023,val,2023-07-19T08:00:00.000000000,2023-07-21T21:00:00.000000000,247.8666534423828,1234.0
5468,mandra_2023,val,2023-07-19T09:00:00.000000000,2023-07-21T22:00:00.000000000,145.03334045410156,939.4000244140625
5469,mandra_2023,val,2023-07-19T10:00:00.000000000,2023-07-21T23:00:00.000000000,66.75,485.29998779296875
5470,mandra_2023,val,2023-07-19T11:00:00.000000000,2023-07-22T00:00:00.000000000,55.22499465942383,485.29998779296875
5471,mandra_2023,val,2023-07-19T12:00:00.000000000,2023-07-22T01:00:00.000000000,14.783332824707031,177.39999389648438
5472,mandra_2023,val,2023-07-19T13:00:00.000000000,2023-07-22T02:00:00.000000000,0.0,0.0
5473,mandra_2023,val,2023-07-19T14:00:00.000000000,2023-07-22T03:00:00.000000000,0.0,0.0
5474,mandra_2023,val,2023-07-19T15:00:00.000000000,2023-07-22T04:00:00.000000000,0.0,0.0
5475,mandra_2023,val,2023-07-19T16:00:00.000000000,2023-07-22T05:00:00.000000000,0.0,0.0
5476,mandra_2023,val,2023-07-19T17:00:00.000000000,2023-07-22T06:00:00.000000000,0.0,0.0
5477,mandra_2023,val,2023-07-19T18:00:00.000000000,2023-07-22T07:00:00.000000000,36.56666564941406,438.79998779296875
5478,mandra_2023,val,2023-07-19T19:00:00.000000000,2023-07-22T08:00:00.000000000,107.26666259765625,848.4000244140625
5479,mandra_2023,val,2023-07-19T20:00:00.000000000,2023-07-22T09:00:00.000000000,230.0749969482422,1473.699951171875
5480,mandra_2023,val,2023-07-19T21:00:00.000000000,2023-07-22T10:00:00.000000000,341.9750061035156,1473.699951171875
5481,mandra_2023,val,2023-07-19T22:00:00.000000000,2023-07-22T11:00:00.000000000,543.5250244140625,2418.60009765625
5482,mandra_2023,val,2023-07-19T23:00:00.000000000,2023-07-22T12:00:00.000000000,631.8250122070312,2418.60009765625
5483,mandra_2023,val,2023-07-20T00:00:00.000000000,2023-07-22T13:00:00.000000000,642.2916870117188,2418.60009765625
5484,mandra_2023,val,2023-07-20T01:00:00.000000000,2023-07-22T14:00:00.000000000,649.7583618164062,2418.60009765625
5485,mandra_2023,val,2023-07-20T02:00:00.000000000,2023-07-22T15:00:00.000000000,649.7583618164062,2418.60009765625
5486,mandra_2023,val,2023-07-20T03:00:00.000000000,2023-07-22T16:00:00.000000000,649.7583618164062,2418.60009765625
5487,mandra_2023,val,2023-07-20T04:00:00.000000000,2023-07-22T17:00:00.000000000,649.7583618164062,2418.60009765625
5488,mandra_2023,val,2023-07-20T05:00:00.000000000,2023-07-22T18:00:00.000000000,649.7583618164062,2418.60009765625
5489,mandra_2023,val,2023-07-20T06:00:00.000000000,2023-07-22T19:00:00.000000000,613.191650390625,2418.60009765625
5490,mandra_2023,val,2023-07-20T07:00:00.000000000,2023-07-22T20:00:00.000000000,542.49169921875,2418.60009765625
5491,mandra_2023,val,2023-07-20T08:00:00.000000000,2023-07-22T21:00:00.000000000,419.683349609375,2418.60009765625
5492,mandra_2023,val,2023-07-20T09:00:00.000000000,2023-07-22T22:00:00.000000000,307.7833557128906,2418.60009765625
5493,mandra_2023,val,2023-07-20T10:00:00.000000000,2023-07-22T23:00:00.000000000,106.23332977294922,1059.5999755859375
5494,mandra_2023,val,2023-07-20T11:00:00.000000000,2023-07-23T00:00:00.000000000,17.933332443237305,125.5999984741211
5495,mandra_2023,val,2023-07-20T12:00:00.000000000,2023-07-23T01:00:00.000000000,7.4666666984558105,89.5999984741211
5496,mandra_2023,val,2023-07-20T13:00:00.000000000,2023-07-23T02:00:00.000000000,0.0,0.0
5497,mandra_2023,val,2023-07-20T14:00:00.000000000,2023-07-23T03:00:00.000000000,0.0,0.0
5498,mandra_2023,val,2023-07-20T15:00:00.000000000,2023-07-23T04:00:00.000000000,0.0,0.0
5499,mandra_2023,val,2023-07-20T16:00:00.000000000,2023-07-23T05:00:00.000000000,0.0,0.0
5500,mandra_2023,val,2023-07-20T17:00:00.000000000,2023-07-23T06:00:00.000000000,0.0,0.0
5501,mandra_2023,val,2023-07-20T18:00:00.000000000,2023-07-23T07:00:00.000000000,0.0,0.0
5502,mandra_2023,val,2023-07-20T19:00:00.000000000,2023-07-23T08:00:00.000000000,41.24166488647461,494.8999938964844
5503,mandra_2023,val,2023-07-20T20:00:00.000000000,2023-07-23T09:00:00.000000000,97.85833740234375,679.4000244140625
5504,mandra_2023,val,2023-07-20T21:00:00.000000000,2023-07-23T10:00:00.000000000,210.31666564941406,1349.5
5505,mandra_2023,val,2023-07-20T22:00:00.000000000,2023-07-23T11:00:00.000000000,500.9083557128906,3487.10009765625
5506,mandra_2023,val,2023-07-21T01:00:00.000000000,2023-07-23T12:00:00.000000000,712.74169921875,3487.10009765625
5507,mandra_2023,val,2023-07-21T02:00:00.000000000,2023-07-23T13:00:00.000000000,1058.433349609375,4148.2998046875
5508,mandra_2023,val,2023-07-21T03:00:00.000000000,2023-07-23T14:00:00.000000000,1518.6500244140625,5522.60009765625
5509,mandra_2023,val,2023-07-21T04:00:00.000000000,2023-07-23T15:00:00.000000000,1731.6500244140625,5522.60009765625
5510,mandra_2023,val,2023-07-21T05:00:00.000000000,2023-07-23T16:00:00.000000000,1731.6500244140625,5522.60009765625
5511,mandra_2023,val,2023-07-21T06:00:00.000000000,2023-07-23T17:00:00.000000000,1731.6500244140625,5522.60009765625
5512,mandra_2023,val,2023-07-21T07:00:00.000000000,2023-07-23T18:00:00.000000000,1769.1083984375,5522.60009765625
5513,mandra_2023,val,2023-07-21T08:00:00.000000000,2023-07-23T19:00:00.000000000,1769.1083984375,5522.60009765625
5514,mandra_2023,val,2023-07-21T09:00:00.000000000,2023-07-23T20:00:00.000000000,1727.86669921875,5522.60009765625
5515,mandra_2023,val,2023-07-21T10:00:00.000000000,2023-07-23T21:00:00.000000000,1671.25,5522.60009765625
5516,mandra_2023,val,2023-07-21T11:00:00.000000000,2023-07-23T22:00:00.000000000,1558.7916259765625,5522.60009765625
5517,mandra_2023,val,2023-07-21T12:00:00.000000000,2023-07-23T23:00:00.000000000,1268.2000732421875,5522.60009765625
5518,mandra_2023,val,2023-07-21T13:00:00.000000000,2023-07-24T00:00:00.000000000,1056.36669921875,5522.60009765625
5519,mandra_2023,val,2023-07-21T14:00:00.000000000,2023-07-24T01:00:00.000000000,710.6749877929688,5522.60009765625
5520,mandra_2023,val,2023-07-21T15:00:00.000000000,2023-07-24T02:00:00.000000000,250.4583282470703,2556.0
5521,mandra_2023,val,2023-07-21T16:00:00.000000000,2023-07-24T03:00:00.000000000,37.45833206176758,449.5
5522,mandra_2023,val,2023-07-21T17:00:00.000000000,2023-07-24T04:00:00.000000000,37.45833206176758,449.5
5523,mandra_2023,val,2023-07-21T18:00:00.000000000,2023-07-24T05:00:00.000000000,37.45833206176758,449.5
5524,mandra_2023,val,2023-07-21T19:00:00.000000000,2023-07-24T06:00:00.000000000,0.0,0.0
5525,mandra_2023,val,2023-07-21T20:00:00.000000000,2023-07-24T07:00:00.000000000,8.466666221618652,101.5999984741211
5526,mandra_2023,val,2023-07-21T21:00:00.000000000,2023-07-24T08:00:00.000000000,30.350000381469727,262.6000061035156
5527,mandra_2023,val,2023-07-21T22:00:00.000000000,2023-07-24T12:00:00.000000000,63.29999923706055,395.3999938964844
5528,mandra_2023,val,2023-07-21T23:00:00.000000000,2023-07-24T15:00:00.000000000,63.29999923706055,395.3999938964844
5529,mandra_2023,val,2023-07-22T00:00:00.000000000,2023-07-24T16:00:00.000000000,63.29999923706055,395.3999938964844
5530,mandra_2023,val,2023-07-22T01:00:00.000000000,2023-07-24T17:00:00.000000000,63.29999923706055,395.3999938964844
5531,mandra_2023,val,2023-07-22T02:00:00.000000000,2023-07-24T18:00:00.000000000,63.29999923706055,395.3999938964844
5532,mandra_2023,val,2023-07-22T03:00:00.000000000,2023-07-24T19:00:00.000000000,63.29999923706055,395.3999938964844
5533,mandra_2023,val,2023-07-22T04:00:00.000000000,2023-07-24T20:00:00.000000000,63.29999923706055,395.3999938964844
5534,mandra_2023,val,2023-07-22T05:00:00.000000000,2023-07-24T21:00:00.000000000,63.29999923706055,395.3999938964844
5535,mandra_2023,val,2023-07-22T06:00:00.000000000,2023-07-24T22:00:00.000000000,63.29999923706055,395.3999938964844
5536,mandra_2023,val,2023-07-22T07:00:00.000000000,2023-07-24T23:00:00.000000000,63.29999923706055,395.3999938964844
5537,mandra_2023,val,2023-07-22T08:00:00.000000000,2023-07-25T00:00:00.000000000,54.83333206176758,395.3999938964844
5538,mandra_2023,val,2023-07-22T09:00:00.000000000,2023-07-25T01:00:00.000000000,32.95000076293945,395.3999938964844
5539,mandra_2023,val,2023-07-22T10:00:00.000000000,2023-07-25T02:00:00.000000000,0.0,0.0
5540,mandra_2023,val,2023-07-22T11:00:00.000000000,2023-07-25T03:00:00.000000000,0.0,0.0
5541,mandra_2023,val,2023-07-22T12:00:00.000000000,2023-07-25T04:00:00.000000000,0.0,0.0
5542,mandra_2023,val,2023-07-22T13:00:00.000000000,2023-07-25T05:00:00.000000000,0.0,0.0
5543,mandra_2023,val,2023-07-22T14:00:00.000000000,2023-07-25T06:00:00.000000000,0.0,0.0
5544,mandra_2023,val,2023-07-22T15:00:00.000000000,2023-07-25T07:00:00.000000000,0.0,0.0
5545,mandra_2023,val,2023-07-22T16:00:00.000000000,2023-07-25T08:00:00.000000000,31.774999618530273,381.29998779296875
5546,mandra_2023,val,2023-07-22T17:00:00.000000000,2023-07-25T09:00:00.000000000,93.21666717529297,737.2999877929688
5547,mandra_2023,val,2023-07-22T18:00:00.000000000,2023-07-25T10:00:00.000000000,192.191650390625,1187.699951171875
5548,mandra_2023,val,2023-07-22T19:00:00.000000000,2023-07-25T11:00:00.000000000,264.5166320800781,1187.699951171875
5549,mandra_2023,val,2023-07-22T20:00:00.000000000,2023-07-25T12:00:00.000000000,298.8416442871094,1187.699951171875
5550,mandra_2023,val,2023-07-22T21:00:00.000000000,2023-07-25T13:00:00.000000000,320.7916259765625,1187.699951171875
5551,mandra_2023,val,2023-07-22T22:00:00.000000000,2023-07-25T14:00:00.000000000,320.7916564941406,1187.699951171875
5552,mandra_2023,val,2023-07-22T23:00:00.000000000,2023-07-25T15:00:00.000000000,320.7916564941406,1187.699951171875
5553,mandra_2023,val,2023-07-23T00:00:00.000000000,2023-07-25T16:00:00.000000000,320.7916564941406,1187.699951171875
5554,mandra_2023,val,2023-07-23T01:00:00.000000000,2023-07-25T17:00:00.000000000,320.7916564941406,1187.699951171875
5555,mandra_2023,val,2023-07-23T02:00:00.000000000,2023-07-25T18:00:00.000000000,320.7916564941406,1187.699951171875
5556,mandra_2023,val,2023-07-23T03:00:00.000000000,2023-07-25T19:00:00.000000000,320.79168701171875,1187.699951171875
5557,mandra_2023,val,2023-07-23T04:00:00.000000000,2023-07-25T20:00:00.000000000,289.01666259765625,1187.699951171875
5558,mandra_2023,val,2023-07-23T05:00:00.000000000,2023-07-25T21:00:00.000000000,227.57501220703125,1187.699951171875
5559,mandra_2023,val,2023-07-23T06:00:00.000000000,2023-07-25T22:00:00.000000000,128.60000610351562,867.9000244140625
5560,mandra_2023,val,2023-07-23T07:00:00.000000000,2023-07-25T23:00:00.000000000,56.27499771118164,411.8999938964844
5561,mandra_2023,val,2023-07-23T08:00:00.000000000,2023-07-26T00:00:00.000000000,21.94999885559082,263.3999938964844
5562,mandra_2023,val,2023-07-23T09:00:00.000000000,2023-07-26T01:00:00.000000000,0.0,0.0
5563,mandra_2023,val,2023-07-23T10:00:00.000000000,2023-07-26T02:00:00.000000000,0.0,0.0
5564,mandra_2023,val,2023-07-23T11:00:00.000000000,2023-07-26T04:00:00.000000000,0.0,0.0
5565,mandra_2023,val,2023-07-23T12:00:00.000000000,2023-07-26T07:00:00.000000000,0.0,0.0
5566,mandra_2023,val,2023-07-23T13:00:00.000000000,2023-07-26T08:00:00.000000000,21.66666603088379,260.0
5567,mandra_2023,val,2023-07-23T14:00:00.000000000,2023-07-26T09:00:00.000000000,69.95833587646484,579.5
5568,mandra_2023,val,2023-07-23T15:00:00.000000000,2023-07-26T10:00:00.000000000,91.24166870117188,579.5
5569,mandra_2023,val,2023-07-23T16:00:00.000000000,2023-07-26T11:00:00.000000000,91.24166870117188,579.5
5570,mandra_2023,val,2023-07-23T17:00:00.000000000,2023-07-26T12:00:00.000000000,91.24166870117188,579.5
5571,mandra_2023,val,2023-07-23T18:00:00.000000000,2023-07-26T13:00:00.000000000,91.24166870117188,579.5
5572,mandra_2023,val,2023-07-23T19:00:00.000000000,2023-07-26T14:00:00.000000000,97.79999542236328,579.5
5573,mandra_2023,val,2023-07-23T20:00:00.000000000,2023-07-26T15:00:00.000000000,97.79999542236328,579.5
5574,mandra_2023,val,2023-07-23T21:00:00.000000000,2023-07-26T16:00:00.000000000,97.79999542236328,579.5
5575,mandra_2023,val,2023-07-23T22:00:00.000000000,2023-07-26T17:00:00.000000000,97.79999542236328,579.5
5576,mandra_2023,val,2023-07-23T23:00:00.000000000,2023-07-26T18:00:00.000000000,97.79999542236328,579.5
5577,mandra_2023,val,2023-07-24T00:00:00.000000000,2023-07-26T19:00:00.000000000,97.79999542236328,579.5
5578,mandra_2023,val,2023-07-24T01:00:00.000000000,2023-07-26T20:00:00.000000000,76.13333892822266,579.5
5579,mandra_2023,val,2023-07-24T02:00:00.000000000,2023-07-26T21:00:00.000000000,27.841665267944336,255.39999389648438
5580,mandra_2023,val,2023-07-24T03:00:00.000000000,2023-07-26T22:00:00.000000000,6.558332920074463,78.69999694824219
5581,mandra_2023,val,2023-07-24T04:00:00.000000000,2023-07-26T23:00:00.000000000,6.558332920074463,78.69999694824219
5582,rhodes_2023,val,2023-07-19T00:00:00.000000000,2023-07-21T18:00:00.000000000,2540.79150390625,9535.099609375
5583,rhodes_2023,val,2023-07-19T01:00:00.000000000,2023-07-21T19:00:00.000000000,2973.408203125,9535.099609375
5584,rhodes_2023,val,2023-07-19T02:00:00.000000000,2023-07-21T20:00:00.000000000,3139.166259765625,9535.099609375
5585,rhodes_2023,val,2023-07-19T03:00:00.000000000,2023-07-21T21:00:00.000000000,3279.6162109375,9535.099609375
5586,rhodes_2023,val,2023-07-19T04:00:00.000000000,2023-07-21T22:00:00.000000000,3384.182861328125,9535.099609375
5587,rhodes_2023,val,2023-07-19T05:00:00.000000000,2023-07-21T23:00:00.000000000,3421.407958984375,9535.099609375
5588,rhodes_2023,val,2023-07-19T06:00:00.000000000,2023-07-22T00:00:00.000000000,3457.591064453125,9535.099609375
5589,rhodes_2023,val,2023-07-19T07:00:00.000000000,2023-07-22T01:00:00.000000000,3479.849853515625,9535.099609375
5590,rhodes_2023,val,2023-07-19T08:00:00.000000000,2023-07-22T02:00:00.000000000,3531.2666015625,9535.099609375
5591,rhodes_2023,val,2023-07-19T09:00:00.000000000,2023-07-22T03:00:00.000000000,3157.341552734375,9535.099609375
5592,rhodes_2023,val,2023-07-19T10:00:00.000000000,2023-07-22T04:00:00.000000000,2438.79150390625,9535.099609375
5593,rhodes_2023,val,2023-07-19T11:00:00.000000000,2023-07-22T05:00:00.000000000,1867.6251220703125,9535.099609375
5594,rhodes_2023,val,2023-07-19T12:00:00.000000000,2023-07-22T06:00:00.000000000,1203.8499755859375,5276.7998046875
5595,rhodes_2023,val,2023-07-19T13:00:00.000000000,2023-07-22T07:00:00.000000000,1036.5916748046875,3269.699951171875
5596,rhodes_2023,val,2023-07-19T14:00:00.000000000,2023-07-22T08:00:00.000000000,1540.6583251953125,8279.7001953125
5597,rhodes_2023,val,2023-07-19T15:00:00.000000000,2023-07-22T09:00:00.000000000,2376.841552734375,11719.599609375
5598,rhodes_2023,val,2023-07-19T16:00:00.000000000,2023-07-22T10:00:00.000000000,2622.300048828125,11719.599609375
5599,rhodes_2023,val,2023-07-19T17:00:00.000000000,2023-07-22T11:00:00.000000000,2971.3916015625,11719.599609375
5600,rhodes_2023,val,2023-07-19T18:00:00.000000000,2023-07-22T12:00:00.000000000,3473.441650390625,11719.599609375
5601,rhodes_2023,val,2023-07-19T19:00:00.000000000,2023-07-22T13:00:00.000000000,4454.36669921875,12288.7001953125
5602,rhodes_2023,val,2023-07-19T20:00:00.000000000,2023-07-22T14:00:00.000000000,5597.60888671875,14483.2001953125
5603,rhodes_2023,val,2023-07-19T21:00:00.000000000,2023-07-22T15:00:00.000000000,7149.05859375,18689.30078125
5604,rhodes_2023,val,2023-07-19T22:00:00.000000000,2023-07-22T16:00:00.000000000,8669.4248046875,18689.30078125
5605,rhodes_2023,val,2023-07-19T23:00:00.000000000,2023-07-22T17:00:00.000000000,9999.6259765625,18689.30078125
5606,rhodes_2023,val,2023-07-20T00:00:00.000000000,2023-07-22T18:00:00.000000000,11394.8994140625,18689.30078125
5607,rhodes_2023,val,2023-07-20T01:00:00.000000000,2023-07-22T19:00:00.000000000,12613.3828125,18689.30078125
5608,rhodes_2023,val,2023-07-20T02:00:00.000000000,2023-07-22T20:00:00.000000000,13507.30859375,19006.80078125
5609,rhodes_2023,val,2023-07-20T03:00:00.000000000,2023-07-22T21:00:00.000000000,13827.7177734375,19006.80078125
5610,rhodes_2023,val,2023-07-20T04:00:00.000000000,2023-07-22T22:00:00.000000000,14469.3408203125,19006.80078125
5611,rhodes_2023,val,2023-07-20T05:00:00.000000000,2023-07-22T23:00:00.000000000,14739.2080078125,19006.80078125
5612,rhodes_2023,val,2023-07-20T06:00:00.000000000,2023-07-23T00:00:00.000000000,14905.2177734375,19006.80078125
5613,rhodes_2023,val,2023-07-20T07:00:00.000000000,2023-07-23T01:00:00.000000000,14936.80078125,19006.80078125
5614,rhodes_2023,val,2023-07-20T08:00:00.000000000,2023-07-23T02:00:00.000000000,14873.8330078125,19006.80078125
5615,rhodes_2023,val,2023-07-20T09:00:00.000000000,2023-07-23T03:00:00.000000000,13969.8994140625,19006.80078125
5616,rhodes_2023,val,2023-07-20T10:00:00.000000000,2023-07-23T04:00:00.000000000,12871.1328125,19006.80078125
5617,rhodes_2023,val,2023-07-20T11:00:00.000000000,2023-07-23T05:00:00.000000000,11898.5263671875,19006.80078125
5618,rhodes_2023,val,2023-07-20T12:00:00.000000000,2023-07-23T06:00:00.000000000,11075.1416015625,19006.80078125
5619,rhodes_2023,val,2023-07-20T13:00:00.000000000,2023-07-23T07:00:00.000000000,10709.775390625,19006.80078125
5620,rhodes_2023,val,2023-07-20T14:00:00.000000000,2023-07-23T08:00:00.000000000,10100.0751953125,15564.5
5621,rhodes_2023,val,2023-07-20T15:00:00.000000000,2023-07-23T09:00:00.000000000,9674.474609375,13727.599609375
5622,rhodes_2023,val,2023-07-20T16:00:00.000000000,2023-07-23T10:00:00.000000000,9637.283203125,13727.599609375
5623,rhodes_2023,val,2023-07-20T18:00:00.000000000,2023-07-23T11:00:00.000000000,9867.533203125,13727.599609375
5624,rhodes_2023,val,2023-07-20T19:00:00.000000000,2023-07-23T12:00:00.000000000,10178.3994140625,13727.599609375
5625,rhodes_2023,val,2023-07-20T21:00:00.000000000,2023-07-23T13:00:00.000000000,10389.57421875,15201.7998046875
5626,rhodes_2023,val,2023-07-20T22:00:00.000000000,2023-07-23T14:00:00.000000000,10589.06640625,16121.5
5627,rhodes_2023,val,2023-07-20T23:00:00.000000000,2023-07-23T15:00:00.000000000,10947.640625,16121.5
5628,rhodes_2023,val,2023-07-21T00:00:00.000000000,2023-07-23T16:00:00.000000000,11076.8828125,16121.5
5629,rhodes_2023,val,2023-07-21T01:00:00.000000000,2023-07-23T17:00:00.000000000,11430.1328125,16121.5
5630,rhodes_2023,val,2023-07-21T02:00:00.000000000,2023-07-23T18:00:00.000000000,11509.0,16121.5
5631,rhodes_2023,val,2023-07-21T03:00:00.000000000,2023-07-23T19:00:00.000000000,10751.1748046875,16121.5
5632,rhodes_2023,val,2023-07-21T05:00:00.000000000,2023-07-23T20:00:00.000000000,9901.1171875,16121.5
5633,rhodes_2023,val,2023-07-21T06:00:00.000000000,2023-07-23T21:00:00.000000000,9108.3662109375,16121.5
5634,rhodes_2023,val,2023-07-21T07:00:00.000000000,2023-07-23T22:00:00.000000000,8754.17578125,16121.5
5635,rhodes_2023,val,2023-07-21T09:00:00.000000000,2023-07-23T23:00:00.000000000,8185.56689453125,16121.5
5636,rhodes_2023,val,2023-07-21T11:00:00.000000000,2023-07-24T00:00:00.000000000,7309.64208984375,16121.5
5637,rhodes_2023,val,2023-07-21T12:00:00.000000000,2023-07-24T01:00:00.000000000,6312.19189453125,16121.5
5638,rhodes_2023,val,2023-07-21T15:00:00.000000000,2023-07-24T02:00:00.000000000,5456.916015625,12145.0
5639,rhodes_2023,val,2023-07-21T16:00:00.000000000,2023-07-24T03:00:00.000000000,4592.89990234375,9378.900390625
5640,rhodes_2023,val,2023-07-21T17:00:00.000000000,2023-07-24T04:00:00.000000000,4170.625,9378.900390625
5641,rhodes_2023,val,2023-07-21T18:00:00.000000000,2023-07-24T05:00:00.000000000,3492.816650390625,9378.900390625
5642,rhodes_2023,val,2023-07-21T19:00:00.000000000,2023-07-24T06:00:00.000000000,3130.616455078125,7203.2001953125
5643,rhodes_2023,val,2023-07-21T20:00:00.000000000,2023-07-24T07:00:00.000000000,3196.5,7203.2001953125
5644,rhodes_2023,val,2023-07-21T21:00:00.000000000,2023-07-24T08:00:00.000000000,3174.866455078125,7203.2001953125
5645,rhodes_2023,val,2023-07-21T22:00:00.000000000,2023-07-24T09:00:00.000000000,3642.30859375,7203.2001953125
5646,rhodes_2023,val,2023-07-21T23:00:00.000000000,2023-07-24T10:00:00.000000000,3638.191650390625,7153.7998046875
5647,rhodes_2023,val,2023-07-22T00:00:00.000000000,2023-07-24T12:00:00.000000000,3923.024658203125,7231.89990234375
5648,rhodes_2023,val,2023-07-22T01:00:00.000000000,2023-07-24T13:00:00.000000000,4090.466552734375,7231.89990234375
5649,rhodes_2023,val,2023-07-22T02:00:00.000000000,2023-07-24T14:00:00.000000000,4144.72509765625,7231.89990234375
5650,rhodes_2023,val,2023-07-22T03:00:00.000000000,2023-07-24T15:00:00.000000000,4010.4833984375,7231.89990234375
5651,rhodes_2023,val,2023-07-22T04:00:00.000000000,2023-07-24T16:00:00.000000000,3963.458251953125,7231.89990234375
5652,rhodes_2023,val,2023-07-22T05:00:00.000000000,2023-07-24T18:00:00.000000000,3868.491455078125,7231.89990234375
5653,rhodes_2023,val,2023-07-22T06:00:00.000000000,2023-07-24T19:00:00.000000000,3819.308349609375,7231.89990234375
5654,rhodes_2023,val,2023-07-22T07:00:00.000000000,2023-07-24T21:00:00.000000000,3399.933349609375,7231.89990234375
5655,rhodes_2023,val,2023-07-22T08:00:00.000000000,2023-07-24T22:00:00.000000000,2966.283203125,7231.89990234375
5656,rhodes_2023,val,2023-07-22T09:00:00.000000000,2023-07-25T01:00:00.000000000,2863.775146484375,7231.89990234375
5657,rhodes_2023,val,2023-07-22T10:00:00.000000000,2023-07-25T02:00:00.000000000,2317.6416015625,7231.89990234375
5658,rhodes_2023,val,2023-07-22T11:00:00.000000000,2023-07-25T03:00:00.000000000,1721.4915771484375,7231.89990234375
5659,rhodes_2023,val,2023-07-22T12:00:00.000000000,2023-07-25T05:00:00.000000000,1153.1500244140625,4247.2998046875
5660,rhodes_2023,val,2023-07-22T13:00:00.000000000,2023-07-25T06:00:00.000000000,887.6166381835938,4247.2998046875
5661,rhodes_2023,val,2023-07-22T14:00:00.000000000,2023-07-25T07:00:00.000000000,695.2000122070312,4247.2998046875
5662,rhodes_2023,val,2023-07-22T15:00:00.000000000,2023-07-25T08:00:00.000000000,515.4083862304688,2089.800048828125
5663,rhodes_2023,val,2023-07-22T16:00:00.000000000,2023-07-25T09:00:00.000000000,503.0917053222656,2089.800048828125
5664,rhodes_2023,val,2023-07-22T17:00:00.000000000,2023-07-25T10:00:00.000000000,554.6000366210938,2089.800048828125
5665,rhodes_2023,val,2023-07-22T18:00:00.000000000,2023-07-25T11:00:00.000000000,827.0250854492188,3269.10009765625
5666,rhodes_2023,val,2023-07-22T19:00:00.000000000,2023-07-25T12:00:00.000000000,1040.49169921875,3269.10009765625
5667,rhodes_2023,val,2023-07-22T20:00:00.000000000,2023-07-25T13:00:00.000000000,1196.0833740234375,3269.10009765625
5668,rhodes_2023,val,2023-07-22T21:00:00.000000000,2023-07-25T14:00:00.000000000,1425.2666015625,3269.10009765625
5669,rhodes_2023,val,2023-07-22T22:00:00.000000000,2023-07-25T15:00:00.000000000,1587.4666748046875,3269.10009765625
5670,rhodes_2023,val,2023-07-22T23:00:00.000000000,2023-07-25T16:00:00.000000000,1818.9249267578125,3269.10009765625
5671,rhodes_2023,val,2023-07-23T00:00:00.000000000,2023-07-25T17:00:00.000000000,1848.89990234375,3269.10009765625
5672,rhodes_2023,val,2023-07-23T01:00:00.000000000,2023-07-25T18:00:00.000000000,1982.3248291015625,3269.10009765625
5673,rhodes_2023,val,2023-07-23T02:00:00.000000000,2023-07-25T19:00:00.000000000,1891.2667236328125,3269.10009765625
5674,rhodes_2023,val,2023-07-23T03:00:00.000000000,2023-07-25T20:00:00.000000000,1996.158203125,3348.5
5675,rhodes_2023,val,2023-07-23T04:00:00.000000000,2023-07-25T21:00:00.000000000,1983.7249755859375,3348.5
5676,rhodes_2023,val,2023-07-23T05:00:00.000000000,2023-07-25T22:00:00.000000000,1898.61669921875,3348.5
5677,rhodes_2023,val,2023-07-23T06:00:00.000000000,2023-07-25T23:00:00.000000000,1626.1917724609375,3348.5
5678,rhodes_2023,val,2023-07-23T07:00:00.000000000,2023-07-26T00:00:00.000000000,1412.7249755859375,3348.5
5679,rhodes_2023,val,2023-07-23T08:00:00.000000000,2023-07-26T01:00:00.000000000,1257.13330078125,3348.5
5680,rhodes_2023,val,2023-07-23T09:00:00.000000000,2023-07-26T02:00:00.000000000,1027.949951171875,3348.5
5681,rhodes_2023,val,2023-07-23T10:00:00.000000000,2023-07-26T03:00:00.000000000,865.75,3348.5
5682,rhodes_2023,val,2023-07-23T11:00:00.000000000,2023-07-26T04:00:00.000000000,634.2916870117188,3348.5
5683,rhodes_2023,val,2023-07-23T12:00:00.000000000,2023-07-26T05:00:00.000000000,570.0,3348.5
5684,rhodes_2023,val,2023-07-23T13:00:00.000000000,2023-07-26T06:00:00.000000000,395.4833068847656,3348.5
5685,rhodes_2023,val,2023-07-23T14:00:00.000000000,2023-07-26T07:00:00.000000000,355.3333435058594,3348.5
5686,rhodes_2023,val,2023-07-23T15:00:00.000000000,2023-07-26T08:00:00.000000000,367.5,3494.5
5687,rhodes_2023,val,2023-07-23T16:00:00.000000000,2023-07-26T09:00:00.000000000,457.2083435058594,3494.5
5688,rhodes_2023,val,2023-07-23T17:00:00.000000000,2023-07-26T10:00:00.000000000,551.875,3494.5
5689,rhodes_2023,val,2023-07-23T18:00:00.000000000,2023-07-26T11:00:00.000000000,998.7000122070312,5361.89990234375
5690,rhodes_2023,val,2023-07-23T19:00:00.000000000,2023-07-26T12:00:00.000000000,1149.9083251953125,5361.89990234375
5691,rhodes_2023,val,2023-07-23T20:00:00.000000000,2023-07-26T13:00:00.000000000,1369.4833984375,5361.89990234375
5692,rhodes_2023,val,2023-07-23T21:00:00.000000000,2023-07-26T14:00:00.000000000,1616.2584228515625,5361.89990234375
5693,rhodes_2023,val,2023-07-23T22:00:00.000000000,2023-07-26T15:00:00.000000000,1672.466796875,5361.89990234375
5694,rhodes_2023,val,2023-07-23T23:00:00.000000000,2023-07-26T16:00:00.000000000,1721.2667236328125,5361.89990234375
5695,rhodes_2023,val,2023-07-24T00:00:00.000000000,2023-07-26T17:00:00.000000000,1728.36669921875,5361.89990234375
5696,rhodes_2023,val,2023-07-24T01:00:00.000000000,2023-07-26T19:00:00.000000000,1737.3916015625,5361.89990234375
5697,rhodes_2023,val,2023-07-24T02:00:00.000000000,2023-07-26T20:00:00.000000000,1737.3917236328125,5361.89990234375
5698,rhodes_2023,val,2023-07-24T03:00:00.000000000,2023-07-26T21:00:00.000000000,1446.1834716796875,5361.89990234375
5699,rhodes_2023,val,2023-07-24T04:00:00.000000000,2023-07-26T22:00:00.000000000,1280.183349609375,5361.89990234375
5700,rhodes_2023,val,2023-07-24T05:00:00.000000000,2023-07-26T23:00:00.000000000,1188.6082763671875,5361.89990234375
5701,rhodes_2023,val,2023-07-24T06:00:00.000000000,2023-07-27T00:00:00.000000000,741.7832641601562,2961.300048828125
5702,rhodes_2023,val,2023-07-24T07:00:00.000000000,2023-07-27T01:00:00.000000000,590.5750122070312,2961.300048828125
5703,rhodes_2023,val,2023-07-24T08:00:00.000000000,2023-07-27T02:00:00.000000000,373.8999938964844,2961.300048828125
5704,rhodes_2023,val,2023-07-24T09:00:00.000000000,2023-07-27T04:00:00.000000000,127.125,674.5
5705,rhodes_2023,val,2023-07-24T10:00:00.000000000,2023-07-27T05:00:00.000000000,70.91666412353516,585.5999755859375
5706,rhodes_2023,val,2023-07-24T12:00:00.000000000,2023-07-27T06:00:00.000000000,22.116666793823242,108.30000305175781
5707,rhodes_2023,val,2023-07-24T13:00:00.000000000,2023-07-27T08:00:00.000000000,15.016666412353516,108.30000305175781
5708,rhodes_2023,val,2023-07-24T14:00:00.000000000,2023-07-27T10:00:00.000000000,166.80833435058594,1929.800048828125
5709,rhodes_2023,val,2023-07-24T15:00:00.000000000,2023-07-27T11:00:00.000000000,196.6416778564453,1929.800048828125
5710,rhodes_2023,val,2023-07-24T16:00:00.000000000,2023-07-27T12:00:00.000000000,196.6416778564453,1929.800048828125
5711,rhodes_2023,val,2023-07-24T18:00:00.000000000,2023-07-27T14:00:00.000000000,196.6416778564453,1929.800048828125
5712,rhodes_2023,val,2023-07-24T19:00:00.000000000,2023-07-27T16:00:00.000000000,193.5500030517578,1929.800048828125
5713,rhodes_2023,val,2023-07-24T21:00:00.000000000,2023-07-27T17:00:00.000000000,193.5500030517578,1929.800048828125
5714,rhodes_2023,val,2023-07-24T22:00:00.000000000,2023-07-27T18:00:00.000000000,193.5500030517578,1929.800048828125
5715,rhodes_2023,val,2023-07-25T01:00:00.000000000,2023-07-27T19:00:00.000000000,190.65000915527344,1929.800048828125
5716,rhodes_2023,val,2023-07-25T02:00:00.000000000,2023-07-27T20:00:00.000000000,190.65000915527344,1929.800048828125
5717,rhodes_2023,val,2023-07-25T03:00:00.000000000,2023-07-27T21:00:00.000000000,190.65000915527344,1929.800048828125
5718,rhodes_2023,val,2023-07-25T05:00:00.000000000,2023-07-27T22:00:00.000000000,190.65000915527344,1929.800048828125
5719,rhodes_2023,val,2023-07-25T06:00:00.000000000,2023-07-27T23:00:00.000000000,190.65000915527344,1929.800048828125
5720,rhodes_2023,val,2023-07-25T07:00:00.000000000,2023-07-28T00:00:00.000000000,29.83333396911621,358.0
5721,rhodes_2023,val,2023-07-25T08:00:00.000000000,2023-07-28T01:00:00.000000000,0.0,0.0
5722,rhodes_2023,val,2023-07-25T09:00:00.000000000,2023-07-28T03:00:00.000000000,0.0,0.0
5723,rhodes_2023,val,2023-07-25T10:00:00.000000000,2023-07-28T05:00:00.000000000,0.0,0.0
5724,rhodes_2023,val,2023-07-25T11:00:00.000000000,2023-07-28T07:00:00.000000000,0.0,0.0
5725,rhodes_2023,val,2023-07-25T12:00:00.000000000,2023-07-28T08:00:00.000000000,0.0,0.0
5726,rhodes_2023,val,2023-07-25T13:00:00.000000000,2023-07-28T09:00:00.000000000,17.0,204.0
5727,rhodes_2023,val,2023-07-25T14:00:00.000000000,2023-07-28T11:00:00.000000000,17.0,204.0
5728,rhodes_2023,val,2023-07-25T15:00:00.000000000,2023-07-28T12:00:00.000000000,53.483333587646484,437.79998779296875
5729,rhodes_2023,val,2023-07-25T16:00:00.000000000,2023-07-28T13:00:00.000000000,53.483333587646484,437.79998779296875
5730,rhodes_2023,val,2023-07-25T17:00:00.000000000,2023-07-28T14:00:00.000000000,53.483333587646484,437.79998779296875
5731,rhodes_2023,val,2023-07-25T18:00:00.000000000,2023-07-28T15:00:00.000000000,53.483333587646484,437.79998779296875
5732,rhodes_2023,val,2023-07-25T19:00:00.000000000,2023-07-28T16:00:00.000000000,53.483333587646484,437.79998779296875
5733,rhodes_2023,val,2023-07-25T20:00:00.000000000,2023-07-28T17:00:00.000000000,53.483333587646484,437.79998779296875
5734,rhodes_2023,val,2023-07-25T21:00:00.000000000,2023-07-28T18:00:00.000000000,53.483333587646484,437.79998779296875
5735,rhodes_2023,val,2023-07-25T22:00:00.000000000,2023-07-28T20:00:00.000000000,53.483333587646484,437.79998779296875
5736,rhodes_2023,val,2023-07-25T23:00:00.000000000,2023-07-28T21:00:00.000000000,53.483333587646484,437.79998779296875
5737,rhodes_2023,val,2023-07-26T00:00:00.000000000,2023-07-28T22:00:00.000000000,53.483333587646484,437.79998779296875
5738,rhodes_2023,val,2023-07-26T01:00:00.000000000,2023-07-29T00:00:00.000000000,36.483333587646484,437.79998779296875
5739,rhodes_2023,val,2023-07-26T02:00:00.000000000,2023-07-29T01:00:00.000000000,36.483333587646484,437.79998779296875
5740,rhodes_2023,val,2023-07-26T03:00:00.000000000,2023-07-29T02:00:00.000000000,0.0,0.0
5741,rhodes_2023,val,2023-07-26T04:00:00.000000000,2023-07-29T03:00:00.000000000,0.0,0.0
5742,rhodes_2023,val,2023-07-26T05:00:00.000000000,2023-07-29T04:00:00.000000000,0.0,0.0
5743,rhodes_2023,val,2023-07-26T06:00:00.000000000,2023-07-29T05:00:00.000000000,0.0,0.0
5744,rhodes_2023,val,2023-07-26T07:00:00.000000000,2023-07-29T06:00:00.000000000,0.0,0.0
5745,rhodes_2023,val,2023-07-26T08:00:00.000000000,2023-07-29T07:00:00.000000000,0.0,0.0
5746,rhodes_2023,val,2023-07-26T09:00:00.000000000,2023-07-29T08:00:00.000000000,0.0,0.0
5747,rhodes_2023,val,2023-07-26T10:00:00.000000000,2023-07-29T09:00:00.000000000,0.0,0.0
5748,rhodes_2023,val,2023-07-26T11:00:00.000000000,2023-07-29T10:00:00.000000000,0.0,0.0
5749,rhodes_2023,val,2023-07-26T12:00:00.000000000,2023-07-29T11:00:00.000000000,0.0,0.0
5750,rhodes_2023,val,2023-07-26T13:00:00.000000000,2023-07-29T12:00:00.000000000,0.0,0.0
5751,rhodes_2023,val,2023-07-26T14:00:00.000000000,2023-07-29T13:00:00.000000000,0.0,0.0
5752,rhodes_2023,val,2023-07-26T15:00:00.000000000,2023-07-29T14:00:00.000000000,0.0,0.0
5753,rhodes_2023,val,2023-07-26T16:00:00.000000000,2023-07-29T15:00:00.000000000,0.0,0.0
5754,rhodes_2023,val,2023-07-26T17:00:00.000000000,2023-07-29T16:00:00.000000000,0.0,0.0
5755,rhodes_2023,val,2023-07-26T19:00:00.000000000,2023-07-29T17:00:00.000000000,0.0,0.0
5756,rhodes_2023,val,2023-07-26T20:00:00.000000000,2023-07-29T18:00:00.000000000,0.0,0.0
5757,rhodes_2023,val,2023-07-26T21:00:00.000000000,2023-07-29T19:00:00.000000000,0.0,0.0
5758,rhodes_2023,val,2023-07-26T22:00:00.000000000,2023-07-29T20:00:00.000000000,0.0,0.0
5759,rhodes_2023,val,2023-07-26T23:00:00.000000000,2023-07-29T21:00:00.000000000,0.0,0.0
5760,rhodes_2023,val,2023-07-27T00:00:00.000000000,2023-07-29T22:00:00.000000000,0.0,0.0
5761,rhodes_2023,val,2023-07-27T01:00:00.000000000,2023-07-29T23:00:00.000000000,0.0,0.0
5762,rhodes_2023,val,2023-07-27T02:00:00.000000000,2023-07-30T00:00:00.000000000,0.0,0.0
5763,rhodes_2023,val,2023-07-27T04:00:00.000000000,2023-07-30T01:00:00.000000000,0.0,0.0
5764,rhodes_2023,val,2023-07-27T05:00:00.000000000,2023-07-30T02:00:00.000000000,0.0,0.0
5765,rhodes_2023,val,2023-07-27T06:00:00.000000000,2023-07-30T03:00:00.000000000,0.0,0.0
5766,rhodes_2023,val,2023-07-27T08:00:00.000000000,2023-07-30T04:00:00.000000000,0.0,0.0
5767,rhodes_2023,val,2023-07-27T10:00:00.000000000,2023-07-30T05:00:00.000000000,0.0,0.0
5768,rhodes_2023,val,2023-07-27T11:00:00.000000000,2023-07-30T06:00:00.000000000,0.0,0.0
5769,rhodes_2023,val,2023-07-27T12:00:00.000000000,2023-07-30T08:00:00.000000000,0.0,0.0
5770,rhodes_2023,val,2023-07-27T14:00:00.000000000,2023-07-30T09:00:00.000000000,14.408332824707031,172.89999389648438
5771,rhodes_2023,val,2023-07-27T16:00:00.000000000,2023-07-30T10:00:00.000000000,47.77499771118164,400.3999938964844
5772,rhodes_2023,val,2023-07-27T17:00:00.000000000,2023-07-30T11:00:00.000000000,95.35833740234375,571.0
5773,rhodes_2023,val,2023-07-27T18:00:00.000000000,2023-07-30T12:00:00.000000000,124.2166748046875,571.0
5774,rhodes_2023,val,2023-07-27T19:00:00.000000000,2023-07-30T13:00:00.000000000,163.06666564941406,571.0
5775,rhodes_2023,val,2023-07-27T20:00:00.000000000,2023-07-30T14:00:00.000000000,163.06666564941406,571.0
5776,rhodes_2023,val,2023-07-27T21:00:00.000000000,2023-07-30T15:00:00.000000000,163.06666564941406,571.0
5777,rhodes_2023,val,2023-07-27T22:00:00.000000000,2023-07-30T17:00:00.000000000,163.06666564941406,571.0
5778,rhodes_2023,val,2023-07-27T23:00:00.000000000,2023-07-30T18:00:00.000000000,163.06666564941406,571.0
5779,rhodes_2023,val,2023-07-28T00:00:00.000000000,2023-07-30T19:00:00.000000000,163.06666564941406,571.0
5780,rhodes_2023,val,2023-07-28T01:00:00.000000000,2023-07-30T20:00:00.000000000,163.06666564941406,571.0
5781,rhodes_2023,val,2023-07-28T03:00:00.000000000,2023-07-30T21:00:00.000000000,163.06666564941406,571.0
5782,rhodes_2023,val,2023-07-28T05:00:00.000000000,2023-07-30T22:00:00.000000000,148.65834045410156,571.0
5783,rhodes_2023,val,2023-07-28T07:00:00.000000000,2023-07-30T23:00:00.000000000,115.29166412353516,571.0
5784,rhodes_2023,val,2023-07-28T08:00:00.000000000,2023-07-31T00:00:00.000000000,67.70833587646484,466.20001220703125
5785,rhodes_2023,val,2023-07-28T09:00:00.000000000,2023-07-31T01:00:00.000000000,38.85000228881836,466.20001220703125
5786,rhodes_2023,val,2023-07-28T11:00:00.000000000,2023-07-31T02:00:00.000000000,0.0,0.0
5787,rhodes_2023,val,2023-07-28T12:00:00.000000000,2023-07-31T03:00:00.000000000,0.0,0.0
5788,rhodes_2023,val,2023-07-28T13:00:00.000000000,2023-07-31T04:00:00.000000000,0.0,0.0
5789,rhodes_2023,val,2023-07-28T14:00:00.000000000,2023-07-31T05:00:00.000000000,0.0,0.0
5790,rhodes_2023,val,2023-07-28T15:00:00.000000000,2023-07-31T06:00:00.000000000,0.0,0.0
5791,rhodes_2023,val,2023-07-28T16:00:00.000000000,2023-07-31T07:00:00.000000000,0.0,0.0
5792,rhodes_2023,val,2023-07-28T17:00:00.000000000,2023-07-31T08:00:00.000000000,0.0,0.0
5793,rhodes_2023,val,2023-07-28T18:00:00.000000000,2023-07-31T09:00:00.000000000,0.0,0.0
5794,rhodes_2023,val,2023-07-28T20:00:00.000000000,2023-07-31T10:00:00.000000000,84.24166870117188,1010.9000244140625
5795,rhodes_2023,val,2023-07-28T21:00:00.000000000,2023-07-31T11:00:00.000000000,172.85833740234375,1063.4000244140625
5796,rhodes_2023,val,2023-07-28T22:00:00.000000000,2023-07-31T12:00:00.000000000,202.57501220703125,1063.4000244140625
5797,rhodes_2023,val,2023-07-29T00:00:00.000000000,2023-07-31T13:00:00.000000000,202.57501220703125,1063.4000244140625
5798,rhodes_2023,val,2023-07-29T01:00:00.000000000,2023-07-31T14:00:00.000000000,202.57501220703125,1063.4000244140625
5799,rhodes_2023,val,2023-07-29T02:00:00.000000000,2023-07-31T15:00:00.000000000,202.57501220703125,1063.4000244140625
5800,rhodes_2023,val,2023-07-29T03:00:00.000000000,2023-07-31T16:00:00.000000000,202.5749969482422,1063.4000244140625
5801,rhodes_2023,val,2023-07-29T04:00:00.000000000,2023-07-31T17:00:00.000000000,202.57501220703125,1063.4000244140625
5802,rhodes_2023,val,2023-07-29T05:00:00.000000000,2023-07-31T18:00:00.000000000,202.5749969482422,1063.4000244140625
5803,rhodes_2023,val,2023-07-29T06:00:00.000000000,2023-07-31T19:00:00.000000000,202.57501220703125,1063.4000244140625
5804,rhodes_2023,val,2023-07-29T07:00:00.000000000,2023-07-31T20:00:00.000000000,202.5749969482422,1063.4000244140625
5805,rhodes_2023,val,2023-07-29T08:00:00.000000000,2023-07-31T21:00:00.000000000,202.57501220703125,1063.4000244140625
5806,rhodes_2023,val,2023-07-29T09:00:00.000000000,2023-07-31T22:00:00.000000000,118.33333587646484,1063.4000244140625
5807,rhodes_2023,val,2023-07-29T10:00:00.000000000,2023-07-31T23:00:00.000000000,29.71666717529297,356.6000061035156
5808,alexandroupolis_2023,val,2023-08-20T03:00:00.000000000,2023-08-22T20:00:00.000000000,11021.9912109375,24408.5
5809,alexandroupolis_2023,val,2023-08-20T04:00:00.000000000,2023-08-22T21:00:00.000000000,9330.349609375,24408.5
5810,alexandroupolis_2023,val,2023-08-20T05:00:00.000000000,2023-08-22T22:00:00.000000000,7706.39990234375,24408.5
5811,alexandroupolis_2023,val,2023-08-20T06:00:00.000000000,2023-08-22T23:00:00.000000000,6650.42529296875,24408.5
5812,alexandroupolis_2023,val,2023-08-20T07:00:00.000000000,2023-08-23T02:00:00.000000000,6057.48291015625,24408.5
5813,alexandroupolis_2023,val,2023-08-20T08:00:00.000000000,2023-08-23T04:00:00.000000000,5026.24169921875,24408.5
5814,alexandroupolis_2023,val,2023-08-20T09:00:00.000000000,2023-08-23T05:00:00.000000000,3782.6083984375,24408.5
5815,alexandroupolis_2023,val,2023-08-20T10:00:00.000000000,2023-08-23T06:00:00.000000000,2021.1165771484375,4325.0
5816,alexandroupolis_2023,val,2023-08-20T11:00:00.000000000,2023-08-23T07:00:00.000000000,2077.308349609375,4999.2998046875
5817,alexandroupolis_2023,val,2023-08-20T12:00:00.000000000,2023-08-23T08:00:00.000000000,2142.849853515625,4999.2998046875
5818,alexandroupolis_2023,val,2023-08-20T13:00:00.000000000,2023-08-23T09:00:00.000000000,2272.716552734375,5163.7001953125
5819,alexandroupolis_2023,val,2023-08-20T14:00:00.000000000,2023-08-23T10:00:00.000000000,2939.608154296875,10691.599609375
5820,alexandroupolis_2023,val,2023-08-20T15:00:00.000000000,2023-08-23T11:00:00.000000000,3290.791748046875,10691.599609375
5821,alexandroupolis_2023,val,2023-08-20T16:00:00.000000000,2023-08-23T12:00:00.000000000,3425.491455078125,10691.599609375
5822,alexandroupolis_2023,val,2023-08-20T17:00:00.000000000,2023-08-23T13:00:00.000000000,3531.375,10691.599609375
5823,alexandroupolis_2023,val,2023-08-20T18:00:00.000000000,2023-08-23T14:00:00.000000000,3771.466552734375,10691.599609375
5824,alexandroupolis_2023,val,2023-08-20T19:00:00.000000000,2023-08-23T15:00:00.000000000,4447.67431640625,10691.599609375
5825,alexandroupolis_2023,val,2023-08-20T20:00:00.000000000,2023-08-23T16:00:00.000000000,4974.49169921875,10691.599609375
5826,alexandroupolis_2023,val,2023-08-20T21:00:00.000000000,2023-08-23T17:00:00.000000000,5192.18359375,10691.599609375
5827,alexandroupolis_2023,val,2023-08-20T22:00:00.000000000,2023-08-23T18:00:00.000000000,5164.716796875,10691.599609375
5828,alexandroupolis_2023,val,2023-08-20T23:00:00.000000000,2023-08-23T19:00:00.000000000,4923.41650390625,10691.599609375
5829,alexandroupolis_2023,val,2023-08-21T00:00:00.000000000,2023-08-23T20:00:00.000000000,4676.59130859375,10691.599609375
5830,alexandroupolis_2023,val,2023-08-21T01:00:00.000000000,2023-08-23T21:00:00.000000000,4273.47509765625,10691.599609375
5831,alexandroupolis_2023,val,2023-08-21T02:00:00.000000000,2023-08-23T22:00:00.000000000,3382.508544921875,9142.099609375
5832,alexandroupolis_2023,val,2023-08-21T03:00:00.000000000,2023-08-23T23:00:00.000000000,2886.2001953125,9142.099609375
5833,alexandroupolis_2023,val,2023-08-21T04:00:00.000000000,2023-08-24T00:00:00.000000000,2661.625,9142.099609375
5834,alexandroupolis_2023,val,2023-08-21T05:00:00.000000000,2023-08-24T01:00:00.000000000,2487.27490234375,9142.099609375
5835,alexandroupolis_2023,val,2023-08-21T06:00:00.000000000,2023-08-24T02:00:00.000000000,2217.14990234375,9142.099609375
5836,alexandroupolis_2023,val,2023-08-21T09:00:00.000000000,2023-08-24T03:00:00.000000000,1455.3084716796875,6647.0
5837,alexandroupolis_2023,val,2023-08-21T14:00:00.000000000,2023-08-24T04:00:00.000000000,901.3916015625,4502.39990234375
5838,alexandroupolis_2023,val,2023-08-21T15:00:00.000000000,2023-08-24T05:00:00.000000000,526.1917114257812,2941.0
5839,alexandroupolis_2023,val,2023-08-21T16:00:00.000000000,2023-08-24T06:00:00.000000000,284.58331298828125,2103.699951171875
5840,alexandroupolis_2023,val,2023-08-21T17:00:00.000000000,2023-08-24T07:00:00.000000000,170.41664123535156,912.5999755859375
5841,alexandroupolis_2023,val,2023-08-21T18:00:00.000000000,2023-08-24T08:00:00.000000000,116.78333282470703,733.7000122070312
5842,alexandroupolis_2023,val,2023-08-21T19:00:00.000000000,2023-08-24T09:00:00.000000000,162.60000610351562,876.0999755859375
5843,alexandroupolis_2023,val,2023-08-21T20:00:00.000000000,2023-08-24T10:00:00.000000000,205.56666564941406,876.0999755859375
5844,alexandroupolis_2023,val,2023-08-21T21:00:00.000000000,2023-08-24T11:00:00.000000000,203.0083465576172,876.0999755859375
5845,alexandroupolis_2023,val,2023-08-21T22:00:00.000000000,2023-08-24T12:00:00.000000000,203.0083465576172,876.0999755859375
5846,alexandroupolis_2023,val,2023-08-21T23:00:00.000000000,2023-08-24T13:00:00.000000000,209.82501220703125,876.0999755859375
5847,alexandroupolis_2023,val,2023-08-22T00:00:00.000000000,2023-08-24T14:00:00.000000000,283.8999938964844,888.9000244140625
5848,alexandroupolis_2023,val,2023-08-22T01:00:00.000000000,2023-08-24T15:00:00.000000000,405.36669921875,1457.5999755859375
5849,alexandroupolis_2023,val,2023-08-22T02:00:00.000000000,2023-08-24T16:00:00.000000000,584.5250244140625,2149.89990234375
5850,alexandroupolis_2023,val,2023-08-22T03:00:00.000000000,2023-08-24T17:00:00.000000000,602.6166381835938,2149.89990234375
5851,alexandroupolis_2023,val,2023-08-22T04:00:00.000000000,2023-08-24T18:00:00.000000000,599.1416625976562,2149.89990234375
5852,alexandroupolis_2023,val,2023-08-22T05:00:00.000000000,2023-08-24T19:00:00.000000000,546.2333374023438,2149.89990234375
5853,alexandroupolis_2023,val,2023-08-22T06:00:00.000000000,2023-08-24T20:00:00.000000000,523.8167114257812,2149.89990234375
5854,alexandroupolis_2023,val,2023-08-22T07:00:00.000000000,2023-08-24T21:00:00.000000000,450.8083190917969,2149.89990234375
5855,alexandroupolis_2023,val,2023-08-22T08:00:00.000000000,2023-08-24T22:00:00.000000000,407.8416748046875,2149.89990234375
5856,alexandroupolis_2023,val,2023-08-22T09:00:00.000000000,2023-08-24T23:00:00.000000000,407.8416748046875,2149.89990234375
5857,alexandroupolis_2023,val,2023-08-22T10:00:00.000000000,2023-08-25T00:00:00.000000000,407.8416748046875,2149.89990234375
5858,alexandroupolis_2023,val,2023-08-22T11:00:00.000000000,2023-08-25T01:00:00.000000000,401.0249938964844,2149.89990234375
5859,alexandroupolis_2023,val,2023-08-22T12:00:00.000000000,2023-08-25T02:00:00.000000000,326.95001220703125,2149.89990234375
5860,alexandroupolis_2023,val,2023-08-22T13:00:00.000000000,2023-08-25T03:00:00.000000000,205.48333740234375,2149.89990234375
5861,alexandroupolis_2023,val,2023-08-22T14:00:00.000000000,2023-08-25T04:00:00.000000000,26.325002670288086,217.10000610351562
5862,alexandroupolis_2023,val,2023-08-22T15:00:00.000000000,2023-08-25T05:00:00.000000000,8.233333587646484,98.80000305175781
5863,alexandroupolis_2023,val,2023-08-22T16:00:00.000000000,2023-08-25T08:00:00.000000000,36.741668701171875,342.1000061035156
5864,alexandroupolis_2023,val,2023-08-22T17:00:00.000000000,2023-08-25T10:00:00.000000000,59.70833206176758,374.3999938964844
5865,alexandroupolis_2023,val,2023-08-22T18:00:00.000000000,2023-08-25T13:00:00.000000000,59.70833206176758,374.3999938964844
5866,alexandroupolis_2023,val,2023-08-22T19:00:00.000000000,2023-08-25T16:00:00.000000000,68.92499542236328,374.3999938964844
5867,alexandroupolis_2023,val,2023-08-22T20:00:00.000000000,2023-08-25T18:00:00.000000000,75.51666259765625,374.3999938964844
5868,alexandroupolis_2023,val,2023-08-22T21:00:00.000000000,2023-08-25T23:00:00.000000000,75.51666259765625,374.3999938964844
5869,alexandroupolis_2023,val,2023-08-22T22:00:00.000000000,2023-08-26T00:00:00.000000000,75.51666259765625,374.3999938964844
5870,alexandroupolis_2023,val,2023-08-22T23:00:00.000000000,2023-08-26T01:00:00.000000000,75.51666259765625,374.3999938964844
5871,alexandroupolis_2023,val,2023-08-23T02:00:00.000000000,2023-08-26T02:00:00.000000000,75.51666259765625,374.3999938964844
5872,alexandroupolis_2023,val,2023-08-23T04:00:00.000000000,2023-08-26T03:00:00.000000000,75.51667022705078,374.3999938964844
5873,alexandroupolis_2023,val,2023-08-23T05:00:00.000000000,2023-08-26T04:00:00.000000000,75.51667022705078,374.3999938964844
5874,alexandroupolis_2023,val,2023-08-23T06:00:00.000000000,2023-08-26T05:00:00.000000000,75.51666259765625,374.3999938964844
5875,alexandroupolis_2023,val,2023-08-23T07:00:00.000000000,2023-08-26T06:00:00.000000000,55.49166488647461,374.3999938964844
5876,alexandroupolis_2023,val,2023-08-23T08:00:00.000000000,2023-08-26T07:00:00.000000000,94.20833587646484,839.0
5877,alexandroupolis_2023,val,2023-08-23T09:00:00.000000000,2023-08-26T08:00:00.000000000,243.5416717529297,1792.0
5878,alexandroupolis_2023,val,2023-08-23T10:00:00.000000000,2023-08-26T09:00:00.000000000,445.4583435058594,2533.60009765625
5879,alexandroupolis_2023,val,2023-08-23T11:00:00.000000000,2023-08-26T10:00:00.000000000,628.2500610351562,2533.60009765625
5880,alexandroupolis_2023,val,2023-08-23T12:00:00.000000000,2023-08-26T11:00:00.000000000,845.8250122070312,2610.89990234375
5881,alexandroupolis_2023,val,2023-08-23T13:00:00.000000000,2023-08-26T12:00:00.000000000,940.0,2610.89990234375
5882,alexandroupolis_2023,val,2023-08-23T14:00:00.000000000,2023-08-26T13:00:00.000000000,940.0,2610.89990234375
5883,alexandroupolis_2023,val,2023-08-23T15:00:00.000000000,2023-08-26T14:00:00.000000000,969.816650390625,2610.89990234375
5884,alexandroupolis_2023,val,2023-08-23T16:00:00.000000000,2023-08-26T15:00:00.000000000,1377.9332275390625,4897.39990234375
5885,alexandroupolis_2023,val,2023-08-23T17:00:00.000000000,2023-08-26T16:00:00.000000000,1458.7249755859375,4897.39990234375
5886,alexandroupolis_2023,val,2023-08-23T18:00:00.000000000,2023-08-26T17:00:00.000000000,1494.4915771484375,4897.39990234375
5887,alexandroupolis_2023,val,2023-08-23T19:00:00.000000000,2023-08-26T18:00:00.000000000,1486.00830078125,4897.39990234375
5888,alexandroupolis_2023,val,2023-08-23T20:00:00.000000000,2023-08-26T19:00:00.000000000,1430.4747314453125,4897.39990234375
5889,alexandroupolis_2023,val,2023-08-23T21:00:00.000000000,2023-08-26T20:00:00.000000000,1281.1417236328125,4897.39990234375
5890,alexandroupolis_2023,val,2023-08-23T22:00:00.000000000,2023-08-26T21:00:00.000000000,1070.00830078125,4897.39990234375
5891,alexandroupolis_2023,val,2023-08-23T23:00:00.000000000,2023-08-26T22:00:00.000000000,880.625,4897.39990234375
5892,alexandroupolis_2023,val,2023-08-24T00:00:00.000000000,2023-08-26T23:00:00.000000000,663.0499877929688,4897.39990234375
5893,alexandroupolis_2023,val,2023-08-24T01:00:00.000000000,2023-08-27T00:00:00.000000000,568.875,4897.39990234375
5894,alexandroupolis_2023,val,2023-08-24T02:00:00.000000000,2023-08-27T01:00:00.000000000,568.8749389648438,4897.39990234375
5895,alexandroupolis_2023,val,2023-08-24T03:00:00.000000000,2023-08-27T02:00:00.000000000,539.058349609375,4897.39990234375
5896,alexandroupolis_2023,val,2023-08-24T04:00:00.000000000,2023-08-27T03:00:00.000000000,130.94166564941406,969.5
5897,alexandroupolis_2023,val,2023-08-24T05:00:00.000000000,2023-08-27T04:00:00.000000000,50.15000534057617,429.20001220703125
5898,alexandroupolis_2023,val,2023-08-24T06:00:00.000000000,2023-08-27T05:00:00.000000000,14.383334159851074,172.60000610351562
5899,alexandroupolis_2023,val,2023-08-24T07:00:00.000000000,2023-08-27T06:00:00.000000000,14.383334159851074,172.60000610351562
5900,alexandroupolis_2023,val,2023-08-24T08:00:00.000000000,2023-08-27T07:00:00.000000000,24.366666793823242,292.3999938964844
5901,alexandroupolis_2023,val,2023-08-24T09:00:00.000000000,2023-08-27T08:00:00.000000000,179.81666564941406,1865.4000244140625
5902,alexandroupolis_2023,val,2023-08-24T10:00:00.000000000,2023-08-27T09:00:00.000000000,333.9583435058594,1865.4000244140625
5903,alexandroupolis_2023,val,2023-08-24T11:00:00.000000000,2023-08-27T10:00:00.000000000,627.433349609375,3521.699951171875
5904,alexandroupolis_2023,val,2023-08-24T12:00:00.000000000,2023-08-27T11:00:00.000000000,1185.8499755859375,6701.0
5905,alexandroupolis_2023,val,2023-08-24T13:00:00.000000000,2023-08-27T12:00:00.000000000,1624.7916259765625,6701.0
5906,alexandroupolis_2023,val,2023-08-24T14:00:00.000000000,2023-08-27T13:00:00.000000000,1666.625,6701.0
5907,alexandroupolis_2023,val,2023-08-24T15:00:00.000000000,2023-08-27T14:00:00.000000000,1796.0333251953125,6701.0
5908,alexandroupolis_2023,val,2023-08-24T16:00:00.000000000,2023-08-27T15:00:00.000000000,1843.3583984375,6701.0
5909,alexandroupolis_2023,val,2023-08-24T17:00:00.000000000,2023-08-27T16:00:00.000000000,1926.6500244140625,6701.0
5910,alexandroupolis_2023,val,2023-08-24T18:00:00.000000000,2023-08-27T17:00:00.000000000,1945.8583984375,6701.0
5911,alexandroupolis_2023,val,2023-08-24T19:00:00.000000000,2023-08-27T18:00:00.000000000,1945.8582763671875,6701.0
5912,alexandroupolis_2023,val,2023-08-24T20:00:00.000000000,2023-08-27T19:00:00.000000000,1921.49169921875,6701.0
5913,alexandroupolis_2023,val,2023-08-24T21:00:00.000000000,2023-08-27T20:00:00.000000000,1766.0416259765625,6701.0
5914,alexandroupolis_2023,val,2023-08-24T22:00:00.000000000,2023-08-27T21:00:00.000000000,1611.9000244140625,6701.0
5915,alexandroupolis_2023,val,2023-08-24T23:00:00.000000000,2023-08-27T22:00:00.000000000,1318.4249267578125,6701.0
5916,alexandroupolis_2023,val,2023-08-25T00:00:00.000000000,2023-08-27T23:00:00.000000000,760.00830078125,5267.2998046875
5917,alexandroupolis_2023,val,2023-08-25T01:00:00.000000000,2023-08-28T00:00:00.000000000,321.066650390625,1552.9000244140625
5918,alexandroupolis_2023,val,2023-08-25T02:00:00.000000000,2023-08-28T01:00:00.000000000,279.23333740234375,1552.9000244140625
5919,alexandroupolis_2023,val,2023-08-25T03:00:00.000000000,2023-08-28T02:00:00.000000000,149.8249969482422,999.5
5920,alexandroupolis_2023,val,2023-08-25T04:00:00.000000000,2023-08-28T03:00:00.000000000,102.5,999.5
5921,alexandroupolis_2023,val,2023-08-25T05:00:00.000000000,2023-08-28T04:00:00.000000000,19.20833396911621,230.5
5922,alexandroupolis_2023,val,2023-08-25T08:00:00.000000000,2023-08-28T05:00:00.000000000,1.7666667699813843,21.200000762939453
5923,alexandroupolis_2023,val,2023-08-25T10:00:00.000000000,2023-08-28T06:00:00.000000000,1.7666667699813843,21.200000762939453
5924,alexandroupolis_2023,val,2023-08-25T13:00:00.000000000,2023-08-28T07:00:00.000000000,45.20000076293945,521.2000122070312
5925,alexandroupolis_2023,val,2023-08-25T16:00:00.000000000,2023-08-28T08:00:00.000000000,139.5416717529297,1132.0999755859375
5926,alexandroupolis_2023,val,2023-08-25T18:00:00.000000000,2023-08-28T09:00:00.000000000,228.9499969482422,1132.0999755859375
5927,alexandroupolis_2023,val,2023-08-25T23:00:00.000000000,2023-08-28T10:00:00.000000000,311.691650390625,1132.0999755859375
5928,alexandroupolis_2023,val,2023-08-26T00:00:00.000000000,2023-08-28T11:00:00.000000000,402.9249572753906,1132.0999755859375
5929,alexandroupolis_2023,val,2023-08-26T01:00:00.000000000,2023-08-28T12:00:00.000000000,509.0166320800781,1273.0999755859375
5930,alexandroupolis_2023,val,2023-08-26T02:00:00.000000000,2023-08-28T13:00:00.000000000,623.88330078125,1378.4000244140625
5931,alexandroupolis_2023,val,2023-08-26T03:00:00.000000000,2023-08-28T14:00:00.000000000,707.7083129882812,1378.4000244140625
5932,alexandroupolis_2023,val,2023-08-26T04:00:00.000000000,2023-08-28T15:00:00.000000000,737.2999877929688,1378.4000244140625
5933,alexandroupolis_2023,val,2023-08-26T05:00:00.000000000,2023-08-28T16:00:00.000000000,746.3666381835938,1378.4000244140625
5934,alexandroupolis_2023,val,2023-08-26T06:00:00.000000000,2023-08-28T17:00:00.000000000,822.425048828125,1378.4000244140625
5935,alexandroupolis_2023,val,2023-08-26T07:00:00.000000000,2023-08-28T18:00:00.000000000,822.425048828125,1378.4000244140625
5936,alexandroupolis_2023,val,2023-08-26T08:00:00.000000000,2023-08-28T19:00:00.000000000,856.9417114257812,1378.4000244140625
5937,alexandroupolis_2023,val,2023-08-26T09:00:00.000000000,2023-08-28T20:00:00.000000000,771.341796875,1378.4000244140625
5938,alexandroupolis_2023,val,2023-08-26T10:00:00.000000000,2023-08-28T21:00:00.000000000,681.933349609375,1378.4000244140625
5939,alexandroupolis_2023,val,2023-08-26T11:00:00.000000000,2023-08-28T22:00:00.000000000,599.191650390625,1378.4000244140625
5940,alexandroupolis_2023,val,2023-08-26T12:00:00.000000000,2023-08-28T23:00:00.000000000,507.9583435058594,1378.4000244140625
5941,split_2017,val,2017-07-17T00:00:00.000000000,2017-07-19T12:00:00.000000000,0.0,0.0
5942,split_2017,val,2017-07-17T01:00:00.000000000,2017-07-19T13:00:00.000000000,0.0,0.0
5943,split_2017,val,2017-07-17T02:00:00.000000000,2017-07-19T14:00:00.000000000,0.0,0.0
5944,split_2017,val,2017-07-17T03:00:00.000000000,2017-07-19T15:00:00.000000000,0.0,0.0
5945,split_2017,val,2017-07-17T04:00:00.000000000,2017-07-19T16:00:00.000000000,0.0,0.0
5946,split_2017,val,2017-07-17T05:00:00.000000000,2017-07-19T17:00:00.000000000,0.0,0.0
5947,split_2017,val,2017-07-17T06:00:00.000000000,2017-07-19T18:00:00.000000000,0.0,0.0
5948,split_2017,val,2017-07-17T07:00:00.000000000,2017-07-19T19:00:00.000000000,0.0,0.0
5949,split_2017,val,2017-07-17T08:00:00.000000000,2017-07-19T20:00:00.000000000,0.0,0.0
5950,split_2017,val,2017-07-17T09:00:00.000000000,2017-07-19T21:00:00.000000000,0.0,0.0
5951,split_2017,val,2017-07-17T10:00:00.000000000,2017-07-19T22:00:00.000000000,0.0,0.0
5952,split_2017,val,2017-07-17T11:00:00.000000000,2017-07-19T23:00:00.000000000,0.0,0.0
5953,split_2017,val,2017-07-17T12:00:00.000000000,2017-07-20T00:00:00.000000000,0.0,0.0
5954,split_2017,val,2017-07-17T13:00:00.000000000,2017-07-20T01:00:00.000000000,0.0,0.0
5955,split_2017,val,2017-07-17T14:00:00.000000000,2017-07-20T02:00:00.000000000,0.0,0.0
5956,split_2017,val,2017-07-17T16:00:00.000000000,2017-07-20T03:00:00.000000000,0.0,0.0
5957,split_2017,val,2017-07-17T17:00:00.000000000,2017-07-20T04:00:00.000000000,0.0,0.0
5958,split_2017,val,2017-07-17T18:00:00.000000000,2017-07-20T05:00:00.000000000,0.0,0.0
5959,split_2017,val,2017-07-17T19:00:00.000000000,2017-07-20T06:00:00.000000000,0.0,0.0
5960,split_2017,val,2017-07-17T20:00:00.000000000,2017-07-20T07:00:00.000000000,0.0,0.0
5961,split_2017,val,2017-07-17T21:00:00.000000000,2017-07-20T08:00:00.000000000,0.0,0.0
5962,split_2017,val,2017-07-17T22:00:00.000000000,2017-07-20T09:00:00.000000000,0.0,0.0
5963,split_2017,val,2017-07-17T23:00:00.000000000,2017-07-20T10:00:00.000000000,0.0,0.0
5964,split_2017,val,2017-07-18T00:00:00.000000000,2017-07-20T11:00:00.000000000,0.0,0.0
5965,split_2017,val,2017-07-18T01:00:00.000000000,2017-07-20T12:00:00.000000000,0.0,0.0
5966,split_2017,val,2017-07-18T02:00:00.000000000,2017-07-20T13:00:00.000000000,0.0,0.0
5967,split_2017,val,2017-07-18T03:00:00.000000000,2017-07-20T14:00:00.000000000,0.0,0.0
5968,split_2017,val,2017-07-18T04:00:00.000000000,2017-07-20T15:00:00.000000000,0.0,0.0
5969,split_2017,val,2017-07-18T05:00:00.000000000,2017-07-20T16:00:00.000000000,0.0,0.0
5970,split_2017,val,2017-07-18T06:00:00.000000000,2017-07-20T17:00:00.000000000,0.0,0.0
5971,split_2017,val,2017-07-18T07:00:00.000000000,2017-07-20T18:00:00.000000000,0.0,0.0
5972,split_2017,val,2017-07-18T08:00:00.000000000,2017-07-20T19:00:00.000000000,0.0,0.0
5973,split_2017,val,2017-07-18T09:00:00.000000000,2017-07-20T20:00:00.000000000,0.0,0.0
5974,split_2017,val,2017-07-18T10:00:00.000000000,2017-07-20T21:00:00.000000000,0.0,0.0
5975,split_2017,val,2017-07-18T11:00:00.000000000,2017-07-20T22:00:00.000000000,0.0,0.0
5976,split_2017,val,2017-07-18T12:00:00.000000000,2017-07-20T23:00:00.000000000,0.0,0.0
5977,split_2017,val,2017-07-18T13:00:00.000000000,2017-07-21T00:00:00.000000000,0.0,0.0
5978,split_2017,val,2017-07-18T14:00:00.000000000,2017-07-21T01:00:00.000000000,0.0,0.0
5979,split_2017,val,2017-07-18T15:00:00.000000000,2017-07-21T02:00:00.000000000,0.0,0.0
5980,split_2017,val,2017-07-18T16:00:00.000000000,2017-07-21T03:00:00.000000000,0.0,0.0
5981,split_2017,val,2017-07-18T17:00:00.000000000,2017-07-21T04:00:00.000000000,0.0,0.0
5982,split_2017,val,2017-07-18T18:00:00.000000000,2017-07-21T05:00:00.000000000,0.0,0.0
5983,split_2017,val,2017-07-18T19:00:00.000000000,2017-07-21T06:00:00.000000000,0.0,0.0
5984,split_2017,val,2017-07-18T20:00:00.000000000,2017-07-21T07:00:00.000000000,0.0,0.0
5985,split_2017,val,2017-07-18T21:00:00.000000000,2017-07-21T08:00:00.000000000,0.0,0.0
5986,split_2017,val,2017-07-18T22:00:00.000000000,2017-07-21T09:00:00.000000000,0.0,0.0
5987,split_2017,val,2017-07-18T23:00:00.000000000,2017-07-21T10:00:00.000000000,0.0,0.0
5988,split_2017,val,2017-07-19T00:00:00.000000000,2017-07-21T11:00:00.000000000,0.0,0.0
5989,split_2017,val,2017-07-19T01:00:00.000000000,2017-07-21T12:00:00.000000000,0.0,0.0
5990,split_2017,val,2017-07-19T02:00:00.000000000,2017-07-21T13:00:00.000000000,0.0,0.0
5991,split_2017,val,2017-07-19T03:00:00.000000000,2017-07-21T14:00:00.000000000,0.0,0.0
5992,split_2017,val,2017-07-19T04:00:00.000000000,2017-07-21T15:00:00.000000000,0.0,0.0
5993,split_2017,val,2017-07-19T05:00:00.000000000,2017-07-21T16:00:00.000000000,0.0,0.0
5994,split_2017,val,2017-07-19T06:00:00.000000000,2017-07-21T17:00:00.000000000,0.0,0.0
5995,split_2017,val,2017-07-19T07:00:00.000000000,2017-07-21T18:00:00.000000000,0.0,0.0
5996,split_2017,val,2017-07-19T08:00:00.000000000,2017-07-21T19:00:00.000000000,0.0,0.0
5997,split_2017,val,2017-07-19T09:00:00.000000000,2017-07-21T20:00:00.000000000,0.0,0.0
5998,split_2017,val,2017-07-19T10:00:00.000000000,2017-07-21T21:00:00.000000000,0.0,0.0
5999,split_2017,val,2017-07-19T11:00:00.000000000,2017-07-21T22:00:00.000000000,0.0,0.0
6000,split_2017,val,2017-07-19T12:00:00.000000000,2017-07-21T23:00:00.000000000,0.0,0.0
6001,split_2017,val,2017-07-19T13:00:00.000000000,2017-07-22T00:00:00.000000000,0.0,0.0
6002,split_2017,val,2017-07-19T14:00:00.000000000,2017-07-22T01:00:00.000000000,0.0,0.0
6003,split_2017,val,2017-07-19T15:00:00.000000000,2017-07-22T02:00:00.000000000,0.0,0.0
6004,split_2017,val,2017-07-19T16:00:00.000000000,2017-07-22T03:00:00.000000000,0.0,0.0
6005,split_2017,val,2017-07-19T17:00:00.000000000,2017-07-22T04:00:00.000000000,0.0,0.0
6006,split_2017,val,2017-07-19T18:00:00.000000000,2017-07-22T05:00:00.000000000,0.0,0.0
6007,split_2017,val,2017-07-19T19:00:00.000000000,2017-07-22T06:00:00.000000000,0.0,0.0
6008,split_2017,val,2017-07-19T20:00:00.000000000,2017-07-22T07:00:00.000000000,0.0,0.0
6009,split_2017,val,2017-07-19T21:00:00.000000000,2017-07-22T08:00:00.000000000,0.0,0.0
6010,split_2017,val,2017-07-19T22:00:00.000000000,2017-07-22T09:00:00.000000000,0.0,0.0
6011,split_2017,val,2017-07-19T23:00:00.000000000,2017-07-22T10:00:00.000000000,0.0,0.0
6012,split_2017,val,2017-07-20T00:00:00.000000000,2017-07-22T11:00:00.000000000,0.0,0.0
6013,split_2017,val,2017-07-20T01:00:00.000000000,2017-07-22T12:00:00.000000000,0.0,0.0
6014,split_2017,val,2017-07-20T02:00:00.000000000,2017-07-22T13:00:00.000000000,0.0,0.0
6015,split_2017,val,2017-07-20T03:00:00.000000000,2017-07-22T14:00:00.000000000,0.0,0.0
6016,split_2017,val,2017-07-20T04:00:00.000000000,2017-07-22T15:00:00.000000000,0.0,0.0
6017,split_2017,val,2017-07-20T05:00:00.000000000,2017-07-22T16:00:00.000000000,0.0,0.0
6018,split_2017,val,2017-07-20T06:00:00.000000000,2017-07-22T17:00:00.000000000,0.0,0.0
6019,split_2017,val,2017-07-20T07:00:00.000000000,2017-07-22T18:00:00.000000000,0.0,0.0
6020,split_2017,val,2017-07-20T08:00:00.000000000,2017-07-22T19:00:00.000000000,0.0,0.0
6021,split_2017,val,2017-07-20T09:00:00.000000000,2017-07-22T20:00:00.000000000,0.0,0.0
6022,split_2017,val,2017-07-20T10:00:00.000000000,2017-07-22T21:00:00.000000000,0.0,0.0
6023,split_2017,val,2017-07-20T11:00:00.000000000,2017-07-22T22:00:00.000000000,0.0,0.0
6024,split_2017,val,2017-07-20T12:00:00.000000000,2017-07-22T23:00:00.000000000,0.0,0.0
6025,split_2017,val,2017-07-20T13:00:00.000000000,2017-07-23T00:00:00.000000000,0.0,0.0
6026,split_2017,val,2017-07-20T14:00:00.000000000,2017-07-23T01:00:00.000000000,0.0,0.0
6027,split_2017,val,2017-07-20T15:00:00.000000000,2017-07-23T02:00:00.000000000,0.0,0.0
6028,split_2017,val,2017-07-20T16:00:00.000000000,2017-07-23T03:00:00.000000000,0.0,0.0
6029,split_2017,val,2017-07-20T17:00:00.000000000,2017-07-23T04:00:00.000000000,0.0,0.0
6030,split_2017,val,2017-07-20T18:00:00.000000000,2017-07-23T05:00:00.000000000,0.0,0.0
6031,split_2017,val,2017-07-20T19:00:00.000000000,2017-07-23T06:00:00.000000000,0.0,0.0
6032,split_2017,val,2017-07-20T20:00:00.000000000,2017-07-23T07:00:00.000000000,0.0,0.0
6033,split_2017,val,2017-07-20T21:00:00.000000000,2017-07-23T08:00:00.000000000,0.0,0.0
6034,split_2017,val,2017-07-20T22:00:00.000000000,2017-07-23T09:00:00.000000000,0.0,0.0
6035,split_2017,val,2017-07-20T23:00:00.000000000,2017-07-23T10:00:00.000000000,0.0,0.0
6036,split_2017,val,2017-07-21T00:00:00.000000000,2017-07-23T11:00:00.000000000,0.0,0.0
6037,split_2017,val,2017-07-21T01:00:00.000000000,2017-07-23T12:00:00.000000000,0.0,0.0
6038,split_2017,val,2017-07-21T02:00:00.000000000,2017-07-23T13:00:00.000000000,0.0,0.0
6039,split_2017,val,2017-07-21T03:00:00.000000000,2017-07-23T14:00:00.000000000,0.0,0.0
6040,split_2017,val,2017-07-21T04:00:00.000000000,2017-07-23T15:00:00.000000000,0.0,0.0
6041,split_2017,val,2017-07-21T05:00:00.000000000,2017-07-23T16:00:00.000000000,0.0,0.0
6042,split_2017,val,2017-07-21T06:00:00.000000000,2017-07-23T17:00:00.000000000,0.0,0.0
6043,split_2017,val,2017-07-21T07:00:00.000000000,2017-07-23T18:00:00.000000000,0.0,0.0
6044,split_2017,val,2017-07-21T08:00:00.000000000,2017-07-23T19:00:00.000000000,0.0,0.0
6045,split_2017,val,2017-07-21T09:00:00.000000000,2017-07-23T20:00:00.000000000,0.0,0.0
6046,split_2017,val,2017-07-21T10:00:00.000000000,2017-07-23T21:00:00.000000000,0.0,0.0
6047,split_2017,val,2017-07-21T11:00:00.000000000,2017-07-23T22:00:00.000000000,0.0,0.0
6048,split_2017,val,2017-07-21T12:00:00.000000000,2017-07-23T23:00:00.000000000,0.0,0.0
6049,split_2017,val,2017-07-21T13:00:00.000000000,2017-07-24T00:00:00.000000000,0.0,0.0
6050,split_2017,val,2017-07-21T14:00:00.000000000,2017-07-24T01:00:00.000000000,0.0,0.0
6051,split_2017,val,2017-07-21T15:00:00.000000000,2017-07-24T02:00:00.000000000,0.0,0.0
6052,split_2017,val,2017-07-21T16:00:00.000000000,2017-07-24T03:00:00.000000000,0.0,0.0
6053,split_2017,val,2017-07-21T17:00:00.000000000,2017-07-24T04:00:00.000000000,0.0,0.0
6054,split_2017,val,2017-07-21T18:00:00.000000000,2017-07-24T05:00:00.000000000,0.0,0.0
6055,split_2017,val,2017-07-21T19:00:00.000000000,2017-07-24T06:00:00.000000000,0.0,0.0
6056,split_2017,val,2017-07-21T20:00:00.000000000,2017-07-24T07:00:00.000000000,0.0,0.0
6057,split_2017,val,2017-07-21T21:00:00.000000000,2017-07-24T08:00:00.000000000,0.0,0.0
6058,split_2017,val,2017-07-21T22:00:00.000000000,2017-07-24T09:00:00.000000000,0.0,0.0
6059,split_2017,val,2017-07-21T23:00:00.000000000,2017-07-24T10:00:00.000000000,0.0,0.0
6060,split_2017,val,2017-07-22T00:00:00.000000000,2017-07-24T11:00:00.000000000,0.0,0.0
6061,split_2017,val,2017-07-22T01:00:00.000000000,2017-07-24T12:00:00.000000000,0.0,0.0
6062,split_2017,val,2017-07-22T02:00:00.000000000,2017-07-24T13:00:00.000000000,0.0,0.0
6063,split_2017,val,2017-07-22T03:00:00.000000000,2017-07-24T14:00:00.000000000,0.0,0.0
6064,split_2017,val,2017-07-22T04:00:00.000000000,2017-07-24T15:00:00.000000000,0.0,0.0
6065,split_2017,val,2017-07-22T05:00:00.000000000,2017-07-24T16:00:00.000000000,0.0,0.0
6066,split_2017,val,2017-07-22T06:00:00.000000000,2017-07-24T17:00:00.000000000,0.0,0.0
6067,split_2017,val,2017-07-22T07:00:00.000000000,2017-07-24T18:00:00.000000000,0.0,0.0
6068,split_2017,val,2017-07-22T08:00:00.000000000,2017-07-24T19:00:00.000000000,0.0,0.0
6069,split_2017,val,2017-07-22T09:00:00.000000000,2017-07-24T20:00:00.000000000,0.0,0.0
6070,split_2017,val,2017-07-22T10:00:00.000000000,2017-07-24T21:00:00.000000000,0.0,0.0
6071,split_2017,val,2017-07-22T11:00:00.000000000,2017-07-24T22:00:00.000000000,0.0,0.0
6072,split_2017,val,2017-07-22T12:00:00.000000000,2017-07-24T23:00:00.000000000,0.0,0.0
6073,volos_2023,test,2023-07-25T00:00:00.000000000,2023-07-27T11:00:00.000000000,3316.866943359375,11000.0
6074,volos_2023,test,2023-07-25T01:00:00.000000000,2023-07-27T12:00:00.000000000,3430.483154296875,12363.400390625
6075,volos_2023,test,2023-07-25T02:00:00.000000000,2023-07-27T13:00:00.000000000,3937.699951171875,12363.400390625
6076,volos_2023,test,2023-07-25T03:00:00.000000000,2023-07-27T14:00:00.000000000,5082.24951171875,13911.7998046875
6077,volos_2023,test,2023-07-25T04:00:00.000000000,2023-07-27T15:00:00.000000000,6042.01708984375,13911.7998046875
6078,volos_2023,test,2023-07-25T05:00:00.000000000,2023-07-27T16:00:00.000000000,6274.51708984375,13911.7998046875
6079,volos_2023,test,2023-07-25T06:00:00.000000000,2023-07-27T17:00:00.000000000,6381.20849609375,13911.7998046875
6080,volos_2023,test,2023-07-25T07:00:00.000000000,2023-07-27T18:00:00.000000000,6295.13330078125,13911.7998046875
6081,volos_2023,test,2023-07-25T08:00:00.000000000,2023-07-27T19:00:00.000000000,5972.56640625,13911.7998046875
6082,volos_2023,test,2023-07-25T09:00:00.000000000,2023-07-27T20:00:00.000000000,5548.41650390625,13911.7998046875
6083,volos_2023,test,2023-07-25T10:00:00.000000000,2023-07-27T21:00:00.000000000,5321.25,13911.7998046875
6084,volos_2023,test,2023-07-25T11:00:00.000000000,2023-07-27T22:00:00.000000000,5181.75830078125,13911.7998046875
6085,volos_2023,test,2023-07-25T12:00:00.000000000,2023-07-27T23:00:00.000000000,4488.625,13911.7998046875
6086,volos_2023,test,2023-07-25T13:00:00.000000000,2023-07-28T00:00:00.000000000,3458.341796875,13911.7998046875
6087,volos_2023,test,2023-07-25T14:00:00.000000000,2023-07-28T01:00:00.000000000,2486.3916015625,13911.7998046875
6088,volos_2023,test,2023-07-25T15:00:00.000000000,2023-07-28T02:00:00.000000000,1327.0750732421875,11613.900390625
6089,volos_2023,test,2023-07-25T16:00:00.000000000,2023-07-28T03:00:00.000000000,359.25,2790.0
6090,volos_2023,test,2023-07-25T17:00:00.000000000,2023-07-28T04:00:00.000000000,126.75,1280.300048828125
6091,volos_2023,test,2023-07-25T18:00:00.000000000,2023-07-28T05:00:00.000000000,20.058332443237305,240.6999969482422
6092,volos_2023,test,2023-07-25T19:00:00.000000000,2023-07-28T06:00:00.000000000,0.0,0.0
6093,volos_2023,test,2023-07-25T20:00:00.000000000,2023-07-28T07:00:00.000000000,0.0,0.0
6094,volos_2023,test,2023-07-25T21:00:00.000000000,2023-07-28T08:00:00.000000000,0.0,0.0
6095,volos_2023,test,2023-07-25T22:00:00.000000000,2023-07-28T09:00:00.000000000,18.03333282470703,216.39999389648438
6096,volos_2023,test,2023-07-25T23:00:00.000000000,2023-07-28T10:00:00.000000000,18.03333282470703,216.39999389648438
6097,volos_2023,test,2023-07-26T00:00:00.000000000,2023-07-28T11:00:00.000000000,18.03333282470703,216.39999389648438
6098,volos_2023,test,2023-07-26T01:00:00.000000000,2023-07-28T12:00:00.000000000,18.03333282470703,216.39999389648438
6099,volos_2023,test,2023-07-26T02:00:00.000000000,2023-07-28T13:00:00.000000000,18.03333282470703,216.39999389648438
6100,volos_2023,test,2023-07-26T03:00:00.000000000,2023-07-28T14:00:00.000000000,18.03333282470703,216.39999389648438
6101,volos_2023,test,2023-07-26T04:00:00.000000000,2023-07-28T15:00:00.000000000,18.03333282470703,216.39999389648438
6102,volos_2023,test,2023-07-26T05:00:00.000000000,2023-07-28T16:00:00.000000000,18.03333282470703,216.39999389648438
6103,volos_2023,test,2023-07-26T06:00:00.000000000,2023-07-28T17:00:00.000000000,18.03333282470703,216.39999389648438
6104,volos_2023,test,2023-07-26T07:00:00.000000000,2023-07-28T18:00:00.000000000,18.03333282470703,216.39999389648438
6105,volos_2023,test,2023-07-26T08:00:00.000000000,2023-07-28T19:00:00.000000000,18.03333282470703,216.39999389648438
6106,volos_2023,test,2023-07-26T09:00:00.000000000,2023-07-28T20:00:00.000000000,18.03333282470703,216.39999389648438
6107,volos_2023,test,2023-07-26T10:00:00.000000000,2023-07-28T21:00:00.000000000,0.0,0.0
6108,volos_2023,test,2023-07-26T11:00:00.000000000,2023-07-28T22:00:00.000000000,0.0,0.0
6109,volos_2023,test,2023-07-26T12:00:00.000000000,2023-07-29T00:00:00.000000000,0.0,0.0
6110,volos_2023,test,2023-07-26T13:00:00.000000000,2023-07-29T01:00:00.000000000,0.0,0.0
6111,volos_2023,test,2023-07-26T14:00:00.000000000,2023-07-29T02:00:00.000000000,0.0,0.0
6112,volos_2023,test,2023-07-26T15:00:00.000000000,2023-07-29T04:00:00.000000000,0.0,0.0
6113,volos_2023,test,2023-07-26T16:00:00.000000000,2023-07-29T05:00:00.000000000,0.0,0.0
6114,volos_2023,test,2023-07-26T17:00:00.000000000,2023-07-29T06:00:00.000000000,0.0,0.0
6115,volos_2023,test,2023-07-26T18:00:00.000000000,2023-07-29T07:00:00.000000000,14.683333396911621,176.1999969482422
6116,volos_2023,test,2023-07-26T19:00:00.000000000,2023-07-29T08:00:00.000000000,49.391666412353516,416.5
6117,volos_2023,test,2023-07-26T20:00:00.000000000,2023-07-29T09:00:00.000000000,49.391666412353516,416.5
6118,volos_2023,test,2023-07-26T21:00:00.000000000,2023-07-29T10:00:00.000000000,49.391666412353516,416.5
6119,volos_2023,test,2023-07-26T22:00:00.000000000,2023-07-29T11:00:00.000000000,49.391666412353516,416.5
6120,volos_2023,test,2023-07-26T23:00:00.000000000,2023-07-29T12:00:00.000000000,49.391666412353516,416.5
6121,volos_2023,test,2023-07-27T00:00:00.000000000,2023-07-29T13:00:00.000000000,49.391666412353516,416.5
6122,volos_2023,test,2023-07-27T01:00:00.000000000,2023-07-29T14:00:00.000000000,49.391666412353516,416.5
6123,volos_2023,test,2023-07-27T02:00:00.000000000,2023-07-29T15:00:00.000000000,49.391666412353516,416.5
6124,volos_2023,test,2023-07-27T03:00:00.000000000,2023-07-29T16:00:00.000000000,49.391666412353516,416.5
6125,volos_2023,test,2023-07-27T04:00:00.000000000,2023-07-29T17:00:00.000000000,49.391666412353516,416.5
6126,volos_2023,test,2023-07-27T05:00:00.000000000,2023-07-29T18:00:00.000000000,49.391666412353516,416.5
6127,volos_2023,test,2023-07-27T06:00:00.000000000,2023-07-29T19:00:00.000000000,34.70833206176758,416.5
6128,volos_2023,test,2023-07-27T07:00:00.000000000,2023-07-29T20:00:00.000000000,0.0,0.0
6129,volos_2023,test,2023-07-27T08:00:00.000000000,2023-07-29T21:00:00.000000000,0.0,0.0
6130,volos_2023,test,2023-07-27T09:00:00.000000000,2023-07-29T22:00:00.000000000,0.0,0.0
6131,volos_2023,test,2023-07-27T10:00:00.000000000,2023-07-29T23:00:00.000000000,0.0,0.0
6132,volos_2023,test,2023-07-27T11:00:00.000000000,2023-07-30T00:00:00.000000000,0.0,0.0
6133,volos_2023,test,2023-07-27T12:00:00.000000000,2023-07-30T01:00:00.000000000,0.0,0.0
6134,volos_2023,test,2023-07-27T13:00:00.000000000,2023-07-30T02:00:00.000000000,0.0,0.0
6135,volos_2023,test,2023-07-27T14:00:00.000000000,2023-07-30T03:00:00.000000000,0.0,0.0
6136,volos_2023,test,2023-07-27T15:00:00.000000000,2023-07-30T04:00:00.000000000,0.0,0.0
6137,volos_2023,test,2023-07-27T16:00:00.000000000,2023-07-30T05:00:00.000000000,0.0,0.0
6138,volos_2023,test,2023-07-27T17:00:00.000000000,2023-07-30T06:00:00.000000000,0.0,0.0
6139,volos_2023,test,2023-07-27T18:00:00.000000000,2023-07-30T07:00:00.000000000,0.0,0.0
6140,volos_2023,test,2023-07-27T19:00:00.000000000,2023-07-30T08:00:00.000000000,50.41666793823242,605.0
6141,volos_2023,test,2023-07-27T20:00:00.000000000,2023-07-30T09:00:00.000000000,76.75833129882812,605.0
6142,volos_2023,test,2023-07-27T21:00:00.000000000,2023-07-30T10:00:00.000000000,76.75833129882812,605.0
6143,volos_2023,test,2023-07-27T22:00:00.000000000,2023-07-30T11:00:00.000000000,87.94165802001953,605.0
6144,volos_2023,test,2023-07-27T23:00:00.000000000,2023-07-30T12:00:00.000000000,87.94165802001953,605.0
6145,volos_2023,test,2023-07-28T00:00:00.000000000,2023-07-30T13:00:00.000000000,87.94165802001953,605.0
6146,volos_2023,test,2023-07-28T01:00:00.000000000,2023-07-30T14:00:00.000000000,87.94165802001953,605.0
6147,volos_2023,test,2023-07-28T02:00:00.000000000,2023-07-30T15:00:00.000000000,87.94165802001953,605.0
6148,volos_2023,test,2023-07-28T03:00:00.000000000,2023-07-30T16:00:00.000000000,87.9416732788086,605.0
6149,volos_2023,test,2023-07-28T04:00:00.000000000,2023-07-30T17:00:00.000000000,87.94165802001953,605.0
6150,volos_2023,test,2023-07-28T05:00:00.000000000,2023-07-30T18:00:00.000000000,87.94165802001953,605.0
6151,volos_2023,test,2023-07-28T06:00:00.000000000,2023-07-30T19:00:00.000000000,87.94165802001953,605.0
6152,volos_2023,test,2023-07-28T07:00:00.000000000,2023-07-30T20:00:00.000000000,37.52499771118164,316.1000061035156
6153,volos_2023,test,2023-07-28T08:00:00.000000000,2023-07-30T21:00:00.000000000,11.183333396911621,134.1999969482422
6154,volos_2023,test,2023-07-28T09:00:00.000000000,2023-07-30T22:00:00.000000000,11.183333396911621,134.1999969482422
6155,volos_2023,test,2023-07-28T10:00:00.000000000,2023-07-30T23:00:00.000000000,0.0,0.0
6156,volos_2023,test,2023-07-28T11:00:00.000000000,2023-07-31T00:00:00.000000000,0.0,0.0
6157,volos_2023,test,2023-07-28T12:00:00.000000000,2023-07-31T01:00:00.000000000,0.0,0.0
6158,volos_2023,test,2023-07-28T13:00:00.000000000,2023-07-31T02:00:00.000000000,0.0,0.0
6159,volos_2023,test,2023-07-28T14:00:00.000000000,2023-07-31T03:00:00.000000000,0.0,0.0
6160,volos_2023,test,2023-07-28T15:00:00.000000000,2023-07-31T04:00:00.000000000,0.0,0.0
6161,volos_2023,test,2023-07-28T16:00:00.000000000,2023-07-31T05:00:00.000000000,0.0,0.0
6162,volos_2023,test,2023-07-28T17:00:00.000000000,2023-07-31T06:00:00.000000000,0.0,0.0
6163,volos_2023,test,2023-07-28T18:00:00.000000000,2023-07-31T07:00:00.000000000,5.333333492279053,64.0
6164,volos_2023,test,2023-07-28T19:00:00.000000000,2023-07-31T08:00:00.000000000,5.333333492279053,64.0
6165,volos_2023,test,2023-07-28T20:00:00.000000000,2023-07-31T09:00:00.000000000,63.64999771118164,699.7999877929688
6166,volos_2023,test,2023-07-28T21:00:00.000000000,2023-07-31T10:00:00.000000000,89.32500457763672,699.7999877929688
6167,volos_2023,test,2023-07-28T22:00:00.000000000,2023-07-31T11:00:00.000000000,89.32500457763672,699.7999877929688
6168,volos_2023,test,2023-07-29T00:00:00.000000000,2023-07-31T12:00:00.000000000,89.32500457763672,699.7999877929688
6169,volos_2023,test,2023-07-29T01:00:00.000000000,2023-07-31T13:00:00.000000000,89.32500457763672,699.7999877929688
6170,volos_2023,test,2023-07-29T02:00:00.000000000,2023-07-31T14:00:00.000000000,89.32500457763672,699.7999877929688
6171,volos_2023,test,2023-07-29T04:00:00.000000000,2023-07-31T15:00:00.000000000,89.32500457763672,699.7999877929688
6172,volos_2023,test,2023-07-29T05:00:00.000000000,2023-07-31T16:00:00.000000000,89.32500457763672,699.7999877929688
6173,volos_2023,test,2023-07-29T06:00:00.000000000,2023-07-31T17:00:00.000000000,89.32500457763672,699.7999877929688
6174,volos_2023,test,2023-07-29T07:00:00.000000000,2023-07-31T18:00:00.000000000,89.32500457763672,699.7999877929688
6175,volos_2023,test,2023-07-29T08:00:00.000000000,2023-07-31T19:00:00.000000000,83.99166870117188,699.7999877929688
6176,volos_2023,test,2023-07-29T09:00:00.000000000,2023-07-31T20:00:00.000000000,83.99166870117188,699.7999877929688
6177,volos_2023,test,2023-07-29T10:00:00.000000000,2023-07-31T21:00:00.000000000,25.67500114440918,308.1000061035156
6178,volos_2023,test,2023-07-29T11:00:00.000000000,2023-07-31T22:00:00.000000000,0.0,0.0
6179,volos_2023,test,2023-07-29T12:00:00.000000000,2023-07-31T23:00:00.000000000,0.0,0.0
6180,volos_2023,test,2023-07-29T13:00:00.000000000,2023-08-01T00:00:00.000000000,0.0,0.0
6181,volos_2023,test,2023-07-29T14:00:00.000000000,2023-08-01T01:00:00.000000000,0.0,0.0
6182,volos_2023,test,2023-07-29T15:00:00.000000000,2023-08-01T02:00:00.000000000,0.0,0.0
6183,volos_2023,test,2023-07-29T16:00:00.000000000,2023-08-01T03:00:00.000000000,0.0,0.0
6184,volos_2023,test,2023-07-29T17:00:00.000000000,2023-08-01T04:00:00.000000000,0.0,0.0
6185,volos_2023,test,2023-07-29T18:00:00.000000000,2023-08-01T05:00:00.000000000,0.0,0.0
6186,volos_2023,test,2023-07-29T19:00:00.000000000,2023-08-01T06:00:00.000000000,0.0,0.0
6187,volos_2023,test,2023-07-29T20:00:00.000000000,2023-08-01T07:00:00.000000000,0.0,0.0
6188,volos_2023,test,2023-07-29T21:00:00.000000000,2023-08-01T08:00:00.000000000,0.0,0.0
6189,volos_2023,test,2023-07-29T22:00:00.000000000,2023-08-01T09:00:00.000000000,0.0,0.0
6190,volos_2023,test,2023-07-29T23:00:00.000000000,2023-08-01T10:00:00.000000000,0.0,0.0
6191,volos_2023,test,2023-07-30T00:00:00.000000000,2023-08-01T11:00:00.000000000,0.0,0.0
6192,volos_2023,test,2023-07-30T01:00:00.000000000,2023-08-01T12:00:00.000000000,0.0,0.0
6193,volos_2023,test,2023-07-30T02:00:00.000000000,2023-08-01T13:00:00.000000000,0.0,0.0
6194,volos_2023,test,2023-07-30T03:00:00.000000000,2023-08-01T14:00:00.000000000,0.0,0.0
6195,volos_2023,test,2023-07-30T04:00:00.000000000,2023-08-01T15:00:00.000000000,0.0,0.0
6196,volos_2023,test,2023-07-30T05:00:00.000000000,2023-08-01T16:00:00.000000000,0.0,0.0
6197,volos_2023,test,2023-07-30T06:00:00.000000000,2023-08-01T17:00:00.000000000,0.0,0.0
6198,volos_2023,test,2023-07-30T07:00:00.000000000,2023-08-01T18:00:00.000000000,0.0,0.0
6199,volos_2023,test,2023-07-30T08:00:00.000000000,2023-08-01T19:00:00.000000000,0.0,0.0
6200,volos_2023,test,2023-07-30T09:00:00.000000000,2023-08-01T20:00:00.000000000,0.0,0.0
6201,volos_2023,test,2023-07-30T10:00:00.000000000,2023-08-01T21:00:00.000000000,0.0,0.0
6202,volos_2023,test,2023-07-30T11:00:00.000000000,2023-08-01T22:00:00.000000000,0.0,0.0
6203,volos_2023,test,2023-07-30T12:00:00.000000000,2023-08-01T23:00:00.000000000,0.0,0.0
6204,volos_2023,test,2023-07-30T13:00:00.000000000,2023-08-02T00:00:00.000000000,0.0,0.0
6205,volos_2023,test,2023-07-30T14:00:00.000000000,2023-08-02T01:00:00.000000000,0.0,0.0
6206,volos_2023,test,2023-07-30T15:00:00.000000000,2023-08-02T02:00:00.000000000,0.0,0.0
6207,volos_2023,test,2023-07-30T16:00:00.000000000,2023-08-02T03:00:00.000000000,0.0,0.0
6208,volos_2023,test,2023-07-30T17:00:00.000000000,2023-08-02T04:00:00.000000000,0.0,0.0
6209,volos_2023,test,2023-07-30T18:00:00.000000000,2023-08-02T05:00:00.000000000,0.0,0.0
6210,volos_2023,test,2023-07-30T19:00:00.000000000,2023-08-02T06:00:00.000000000,0.0,0.0
6211,volos_2023,test,2023-07-30T20:00:00.000000000,2023-08-02T07:00:00.000000000,6.858333587646484,82.30000305175781
6212,volos_2023,test,2023-07-30T21:00:00.000000000,2023-08-02T08:00:00.000000000,45.883331298828125,468.29998779296875
6213,volos_2023,test,2023-07-30T22:00:00.000000000,2023-08-02T09:00:00.000000000,103.38333129882812,690.0
6214,volos_2023,test,2023-07-30T23:00:00.000000000,2023-08-02T10:00:00.000000000,129.8249969482422,690.0
6215,volos_2023,test,2023-07-31T00:00:00.000000000,2023-08-02T11:00:00.000000000,129.8249969482422,690.0
6216,volos_2023,test,2023-07-31T01:00:00.000000000,2023-08-02T12:00:00.000000000,129.8249969482422,690.0
6217,volos_2023,test,2023-07-31T02:00:00.000000000,2023-08-02T13:00:00.000000000,129.82501220703125,690.0
6218,volos_2023,test,2023-07-31T03:00:00.000000000,2023-08-02T14:00:00.000000000,129.8249969482422,690.0
6219,volos_2023,test,2023-07-31T04:00:00.000000000,2023-08-02T15:00:00.000000000,129.82501220703125,690.0
6220,volos_2023,test,2023-07-31T05:00:00.000000000,2023-08-02T16:00:00.000000000,129.8249969482422,690.0
6221,volos_2023,test,2023-07-31T06:00:00.000000000,2023-08-02T17:00:00.000000000,129.82501220703125,690.0
6222,volos_2023,test,2023-07-31T07:00:00.000000000,2023-08-02T18:00:00.000000000,129.8249969482422,690.0
6223,volos_2023,test,2023-07-31T08:00:00.000000000,2023-08-02T19:00:00.000000000,122.9666748046875,690.0
6224,volos_2023,test,2023-07-31T09:00:00.000000000,2023-08-02T20:00:00.000000000,83.94166564941406,690.0
6225,volos_2023,test,2023-07-31T10:00:00.000000000,2023-08-02T21:00:00.000000000,26.441665649414062,317.29998779296875
6226,volos_2023,test,2023-07-31T11:00:00.000000000,2023-08-02T22:00:00.000000000,0.0,0.0
6227,volos_2023,test,2023-07-31T12:00:00.000000000,2023-08-02T23:00:00.000000000,0.0,0.0
6228,varnavas_2024,test,2024-08-12T00:00:00.000000000,2024-08-14T17:00:00.000000000,76.67499542236328,476.70001220703125
6229,varnavas_2024,test,2024-08-12T01:00:00.000000000,2024-08-14T18:00:00.000000000,76.67499542236328,476.70001220703125
6230,varnavas_2024,test,2024-08-12T02:00:00.000000000,2024-08-14T19:00:00.000000000,76.67499542236328,476.70001220703125
6231,varnavas_2024,test,2024-08-12T03:00:00.000000000,2024-08-14T20:00:00.000000000,76.67499542236328,476.70001220703125
6232,varnavas_2024,test,2024-08-12T05:00:00.000000000,2024-08-14T21:00:00.000000000,76.67499542236328,476.70001220703125
6233,varnavas_2024,test,2024-08-12T06:00:00.000000000,2024-08-14T22:00:00.000000000,50.80833435058594,476.70001220703125
6234,varnavas_2024,test,2024-08-12T07:00:00.000000000,2024-08-14T23:00:00.000000000,11.083333015441895,133.0
6235,varnavas_2024,test,2024-08-12T08:00:00.000000000,2024-08-15T00:00:00.000000000,0.0,0.0
6236,varnavas_2024,test,2024-08-12T09:00:00.000000000,2024-08-15T01:00:00.000000000,0.0,0.0
6237,varnavas_2024,test,2024-08-12T10:00:00.000000000,2024-08-15T02:00:00.000000000,0.0,0.0
6238,varnavas_2024,test,2024-08-12T11:00:00.000000000,2024-08-15T03:00:00.000000000,0.0,0.0
6239,varnavas_2024,test,2024-08-12T12:00:00.000000000,2024-08-15T04:00:00.000000000,0.0,0.0
6240,varnavas_2024,test,2024-08-12T13:00:00.000000000,2024-08-15T05:00:00.000000000,0.0,0.0
6241,varnavas_2024,test,2024-08-12T15:00:00.000000000,2024-08-15T06:00:00.000000000,0.0,0.0
6242,varnavas_2024,test,2024-08-12T20:00:00.000000000,2024-08-15T07:00:00.000000000,0.0,0.0
6243,varnavas_2024,test,2024-08-12T21:00:00.000000000,2024-08-15T08:00:00.000000000,0.0,0.0
6244,varnavas_2024,test,2024-08-12T22:00:00.000000000,2024-08-15T09:00:00.000000000,0.0,0.0
6245,varnavas_2024,test,2024-08-12T23:00:00.000000000,2024-08-15T10:00:00.000000000,0.0,0.0
6246,varnavas_2024,test,2024-08-13T00:00:00.000000000,2024-08-15T11:00:00.000000000,0.0,0.0
6247,varnavas_2024,test,2024-08-13T01:00:00.000000000,2024-08-15T12:00:00.000000000,0.0,0.0
6248,varnavas_2024,test,2024-08-13T02:00:00.000000000,2024-08-15T13:00:00.000000000,0.0,0.0
6249,varnavas_2024,test,2024-08-13T03:00:00.000000000,2024-08-15T14:00:00.000000000,0.0,0.0
6250,varnavas_2024,test,2024-08-13T04:00:00.000000000,2024-08-15T15:00:00.000000000,0.0,0.0
6251,varnavas_2024,test,2024-08-13T05:00:00.000000000,2024-08-15T16:00:00.000000000,0.0,0.0
6252,varnavas_2024,test,2024-08-13T06:00:00.000000000,2024-08-15T17:00:00.000000000,0.0,0.0
6253,varnavas_2024,test,2024-08-13T07:00:00.000000000,2024-08-15T18:00:00.000000000,0.0,0.0
6254,varnavas_2024,test,2024-08-13T08:00:00.000000000,2024-08-15T19:00:00.000000000,0.0,0.0
6255,varnavas_2024,test,2024-08-13T09:00:00.000000000,2024-08-15T20:00:00.000000000,0.0,0.0
6256,varnavas_2024,test,2024-08-13T10:00:00.000000000,2024-08-15T21:00:00.000000000,0.0,0.0
6257,varnavas_2024,test,2024-08-13T11:00:00.000000000,2024-08-15T22:00:00.000000000,0.0,0.0
6258,varnavas_2024,test,2024-08-13T12:00:00.000000000,2024-08-15T23:00:00.000000000,0.0,0.0
6259,varnavas_2024,test,2024-08-13T13:00:00.000000000,2024-08-16T00:00:00.000000000,0.0,0.0
6260,varnavas_2024,test,2024-08-13T14:00:00.000000000,2024-08-16T01:00:00.000000000,0.0,0.0
6261,varnavas_2024,test,2024-08-13T15:00:00.000000000,2024-08-16T02:00:00.000000000,0.0,0.0
6262,varnavas_2024,test,2024-08-13T16:00:00.000000000,2024-08-16T03:00:00.000000000,0.0,0.0
6263,varnavas_2024,test,2024-08-13T17:00:00.000000000,2024-08-16T04:00:00.000000000,0.0,0.0
6264,varnavas_2024,test,2024-08-13T18:00:00.000000000,2024-08-16T05:00:00.000000000,0.0,0.0
6265,varnavas_2024,test,2024-08-13T19:00:00.000000000,2024-08-16T06:00:00.000000000,0.0,0.0
6266,varnavas_2024,test,2024-08-13T20:00:00.000000000,2024-08-16T07:00:00.000000000,0.0,0.0
6267,varnavas_2024,test,2024-08-13T21:00:00.000000000,2024-08-16T08:00:00.000000000,0.0,0.0
6268,varnavas_2024,test,2024-08-13T22:00:00.000000000,2024-08-16T09:00:00.000000000,0.0,0.0
6269,varnavas_2024,test,2024-08-13T23:00:00.000000000,2024-08-16T10:00:00.000000000,0.0,0.0
6270,varnavas_2024,test,2024-08-14T00:00:00.000000000,2024-08-16T11:00:00.000000000,0.0,0.0
6271,varnavas_2024,test,2024-08-14T01:00:00.000000000,2024-08-16T12:00:00.000000000,0.0,0.0
6272,varnavas_2024,test,2024-08-14T02:00:00.000000000,2024-08-16T13:00:00.000000000,0.0,0.0
6273,varnavas_2024,test,2024-08-14T03:00:00.000000000,2024-08-16T14:00:00.000000000,0.0,0.0
6274,varnavas_2024,test,2024-08-14T04:00:00.000000000,2024-08-16T15:00:00.000000000,0.0,0.0
6275,varnavas_2024,test,2024-08-14T05:00:00.000000000,2024-08-16T16:00:00.000000000,0.0,0.0
6276,varnavas_2024,test,2024-08-14T06:00:00.000000000,2024-08-16T17:00:00.000000000,0.0,0.0
6277,varnavas_2024,test,2024-08-14T07:00:00.000000000,2024-08-16T18:00:00.000000000,0.0,0.0
6278,varnavas_2024,test,2024-08-14T08:00:00.000000000,2024-08-16T19:00:00.000000000,0.0,0.0
6279,varnavas_2024,test,2024-08-14T09:00:00.000000000,2024-08-16T20:00:00.000000000,0.0,0.0
6280,varnavas_2024,test,2024-08-14T10:00:00.000000000,2024-08-16T21:00:00.000000000,0.0,0.0
6281,varnavas_2024,test,2024-08-14T11:00:00.000000000,2024-08-16T22:00:00.000000000,0.0,0.0
6282,varnavas_2024,test,2024-08-14T12:00:00.000000000,2024-08-16T23:00:00.000000000,0.0,0.0
6283,valmaior_2024,test,2024-09-15T00:00:00.000000000,2024-09-17T11:00:00.000000000,25339.359375,34487.3984375
6284,valmaior_2024,test,2024-09-15T01:00:00.000000000,2024-09-17T12:00:00.000000000,23390.939453125,34487.3984375
6285,valmaior_2024,test,2024-09-15T02:00:00.000000000,2024-09-17T13:00:00.000000000,22205.083984375,34487.3984375
6286,valmaior_2024,test,2024-09-15T03:00:00.000000000,2024-09-17T14:00:00.000000000,20806.375,34487.3984375
6287,valmaior_2024,test,2024-09-15T04:00:00.000000000,2024-09-17T15:00:00.000000000,18759.94140625,33164.3984375
6288,valmaior_2024,test,2024-09-15T05:00:00.000000000,2024-09-17T16:00:00.000000000,17163.68359375,28299.19921875
6289,valmaior_2024,test,2024-09-15T06:00:00.000000000,2024-09-17T17:00:00.000000000,16989.041015625,28299.19921875
6290,valmaior_2024,test,2024-09-15T07:00:00.000000000,2024-09-17T18:00:00.000000000,16479.408203125,23749.80078125
6291,valmaior_2024,test,2024-09-15T08:00:00.000000000,2024-09-17T19:00:00.000000000,16968.115234375,27178.5
6292,valmaior_2024,test,2024-09-15T09:00:00.000000000,2024-09-17T20:00:00.000000000,18634.31640625,34594.19921875
6293,valmaior_2024,test,2024-09-15T10:00:00.000000000,2024-09-17T21:00:00.000000000,19186.525390625,34594.19921875
6294,valmaior_2024,test,2024-09-15T11:00:00.000000000,2024-09-17T22:00:00.000000000,20671.8828125,34594.19921875
6295,valmaior_2024,test,2024-09-15T12:00:00.000000000,2024-09-17T23:00:00.000000000,22673.984375,39975.30078125
6296,valmaior_2024,test,2024-09-15T13:00:00.000000000,2024-09-18T00:00:00.000000000,25921.326171875,48673.1015625
6297,valmaior_2024,test,2024-09-15T14:00:00.000000000,2024-09-18T01:00:00.000000000,28240.2578125,48673.1015625
6298,valmaior_2024,test,2024-09-15T15:00:00.000000000,2024-09-18T02:00:00.000000000,30549.775390625,48673.1015625
6299,valmaior_2024,test,2024-09-15T16:00:00.000000000,2024-09-18T03:00:00.000000000,32482.126953125,48673.1015625
6300,valmaior_2024,test,2024-09-15T17:00:00.000000000,2024-09-18T04:00:00.000000000,33513.29296875,48673.1015625
6301,valmaior_2024,test,2024-09-15T18:00:00.000000000,2024-09-18T05:00:00.000000000,33052.31640625,48673.1015625
6302,valmaior_2024,test,2024-09-15T19:00:00.000000000,2024-09-18T06:00:00.000000000,32729.3671875,48673.1015625
6303,valmaior_2024,test,2024-09-15T20:00:00.000000000,2024-09-18T07:00:00.000000000,31481.283203125,48673.1015625
6304,valmaior_2024,test,2024-09-15T21:00:00.000000000,2024-09-18T08:00:00.000000000,29336.966796875,48673.1015625
6305,valmaior_2024,test,2024-09-15T22:00:00.000000000,2024-09-18T09:00:00.000000000,28321.2734375,48673.1015625
6306,valmaior_2024,test,2024-09-15T23:00:00.000000000,2024-09-18T10:00:00.000000000,26086.384765625,48673.1015625
6307,valmaior_2024,test,2024-09-16T00:00:00.000000000,2024-09-18T11:00:00.000000000,23567.791015625,48673.1015625
6308,valmaior_2024,test,2024-09-16T01:00:00.000000000,2024-09-18T12:00:00.000000000,20413.056640625,46545.0
6309,valmaior_2024,test,2024-09-16T02:00:00.000000000,2024-09-18T13:00:00.000000000,17357.517578125,41718.3984375
6310,valmaior_2024,test,2024-09-16T03:00:00.000000000,2024-09-18T14:00:00.000000000,14152.06640625,33118.3984375
6311,valmaior_2024,test,2024-09-16T04:00:00.000000000,2024-09-18T15:00:00.000000000,11942.9990234375,26383.30078125
6312,valmaior_2024,test,2024-09-16T05:00:00.000000000,2024-09-18T16:00:00.000000000,10129.4501953125,18308.19921875
6313,valmaior_2024,test,2024-09-16T06:00:00.000000000,2024-09-18T17:00:00.000000000,9296.5166015625,18308.19921875
6314,valmaior_2024,test,2024-09-16T07:00:00.000000000,2024-09-18T18:00:00.000000000,8098.63330078125,12201.5
6315,valmaior_2024,test,2024-09-16T08:00:00.000000000,2024-09-18T19:00:00.000000000,7220.13330078125,11549.0
6316,valmaior_2024,test,2024-09-16T09:00:00.000000000,2024-09-18T20:00:00.000000000,6700.841796875,11549.0
6317,valmaior_2024,test,2024-09-16T10:00:00.000000000,2024-09-18T21:00:00.000000000,5875.86669921875,10816.2998046875
6318,valmaior_2024,test,2024-09-16T11:00:00.000000000,2024-09-18T22:00:00.000000000,5347.68310546875,10816.2998046875
6319,valmaior_2024,test,2024-09-16T12:00:00.000000000,2024-09-18T23:00:00.000000000,4592.82470703125,10816.2998046875
6320,valmaior_2024,test,2024-09-16T13:00:00.000000000,2024-09-19T00:00:00.000000000,3733.333251953125,9878.5
6321,valmaior_2024,test,2024-09-16T14:00:00.000000000,2024-09-19T01:00:00.000000000,2951.6748046875,8222.900390625
6322,valmaior_2024,test,2024-09-16T15:00:00.000000000,2024-09-19T02:00:00.000000000,2811.991943359375,8222.900390625
6323,valmaior_2024,test,2024-09-16T16:00:00.000000000,2024-09-19T03:00:00.000000000,2374.908447265625,8222.900390625
6324,valmaior_2024,test,2024-09-16T17:00:00.000000000,2024-09-19T04:00:00.000000000,2045.841796875,8222.900390625
6325,valmaior_2024,test,2024-09-16T18:00:00.000000000,2024-09-19T05:00:00.000000000,1416.0833740234375,3933.60009765625
6326,valmaior_2024,test,2024-09-16T19:00:00.000000000,2024-09-19T06:00:00.000000000,1174.3665771484375,2630.89990234375
6327,valmaior_2024,test,2024-09-16T20:00:00.000000000,2024-09-19T07:00:00.000000000,1086.1583251953125,2630.89990234375
6328,valmaior_2024,test,2024-09-16T21:00:00.000000000,2024-09-19T08:00:00.000000000,881.6749877929688,1649.300048828125
6329,valmaior_2024,test,2024-09-16T22:00:00.000000000,2024-09-19T09:00:00.000000000,744.2332153320312,1576.800048828125
6330,valmaior_2024,test,2024-09-16T23:00:00.000000000,2024-09-19T10:00:00.000000000,648.7583618164062,1576.800048828125
6331,valmaior_2024,test,2024-09-17T00:00:00.000000000,2024-09-19T11:00:00.000000000,590.9332885742188,1576.800048828125
6332,valmaior_2024,test,2024-09-17T01:00:00.000000000,2024-09-19T12:00:00.000000000,549.0667114257812,1576.800048828125
6333,valmaior_2024,test,2024-09-17T02:00:00.000000000,2024-09-19T13:00:00.000000000,507.5166320800781,1576.800048828125
6334,valmaior_2024,test,2024-09-17T03:00:00.000000000,2024-09-19T14:00:00.000000000,499.2916564941406,1478.0999755859375
6335,valmaior_2024,test,2024-09-17T04:00:00.000000000,2024-09-19T15:00:00.000000000,458.2583312988281,1478.0999755859375
6336,valmaior_2024,test,2024-09-17T05:00:00.000000000,2024-09-19T16:00:00.000000000,417.558349609375,1478.0999755859375
6337,valmaior_2024,test,2024-09-17T06:00:00.000000000,2024-09-19T17:00:00.000000000,432.4499816894531,1478.0999755859375
6338,valmaior_2024,test,2024-09-17T07:00:00.000000000,2024-09-19T18:00:00.000000000,464.8333435058594,1478.0999755859375
6339,valmaior_2024,test,2024-09-17T08:00:00.000000000,2024-09-19T19:00:00.000000000,504.0416564941406,1478.0999755859375
6340,valmaior_2024,test,2024-09-17T09:00:00.000000000,2024-09-19T20:00:00.000000000,511.125,1478.0999755859375
6341,valmaior_2024,test,2024-09-17T10:00:00.000000000,2024-09-19T21:00:00.000000000,511.125,1478.0999755859375
6342,valmaior_2024,test,2024-09-17T11:00:00.000000000,2024-09-19T22:00:00.000000000,511.125,1478.0999755859375
6343,valmaior_2024,test,2024-09-17T12:00:00.000000000,2024-09-19T23:00:00.000000000,511.1250305175781,1478.0999755859375
6344,valmaior_2024,test,2024-09-17T13:00:00.000000000,2024-09-20T00:00:00.000000000,511.125,1478.0999755859375
6345,valmaior_2024,test,2024-09-17T14:00:00.000000000,2024-09-20T01:00:00.000000000,511.125,1478.0999755859375
6346,valmaior_2024,test,2024-09-17T15:00:00.000000000,2024-09-20T02:00:00.000000000,387.9499816894531,1421.5999755859375
6347,valmaior_2024,test,2024-09-17T16:00:00.000000000,2024-09-20T03:00:00.000000000,315.2666931152344,1421.5999755859375
6348,valmaior_2024,test,2024-09-17T17:00:00.000000000,2024-09-20T04:00:00.000000000,299.9750061035156,1421.5999755859375
6349,valmaior_2024,test,2024-09-17T18:00:00.000000000,2024-09-20T05:00:00.000000000,229.6000213623047,1421.5999755859375
6350,valmaior_2024,test,2024-09-17T19:00:00.000000000,2024-09-20T06:00:00.000000000,111.13333129882812,1071.5
6351,valmaior_2024,test,2024-09-17T20:00:00.000000000,2024-09-20T07:00:00.000000000,21.84166717529297,262.1000061035156
6352,valmaior_2024,test,2024-09-17T21:00:00.000000000,2024-09-20T08:00:00.000000000,0.0,0.0
6353,valmaior_2024,test,2024-09-17T22:00:00.000000000,2024-09-20T09:00:00.000000000,0.0,0.0
6354,valmaior_2024,test,2024-09-17T23:00:00.000000000,2024-09-20T10:00:00.000000000,0.0,0.0
6355,valmaior_2024,test,2024-09-18T00:00:00.000000000,2024-09-20T11:00:00.000000000,0.0,0.0
6356,valmaior_2024,test,2024-09-18T01:00:00.000000000,2024-09-20T12:00:00.000000000,0.0,0.0
6357,valmaior_2024,test,2024-09-18T02:00:00.000000000,2024-09-20T13:00:00.000000000,0.0,0.0
6358,valmaior_2024,test,2024-09-18T03:00:00.000000000,2024-09-20T14:00:00.000000000,0.0,0.0
6359,valmaior_2024,test,2024-09-18T04:00:00.000000000,2024-09-20T15:00:00.000000000,0.0,0.0
6360,valmaior_2024,test,2024-09-18T05:00:00.000000000,2024-09-20T16:00:00.000000000,0.0,0.0
6361,valmaior_2024,test,2024-09-18T06:00:00.000000000,2024-09-20T17:00:00.000000000,0.0,0.0
6362,valmaior_2024,test,2024-09-18T07:00:00.000000000,2024-09-20T18:00:00.000000000,0.0,0.0
6363,valmaior_2024,test,2024-09-18T08:00:00.000000000,2024-09-20T19:00:00.000000000,0.0,0.0
6364,valmaior_2024,test,2024-09-18T09:00:00.000000000,2024-09-20T20:00:00.000000000,0.0,0.0
6365,valmaior_2024,test,2024-09-18T10:00:00.000000000,2024-09-20T21:00:00.000000000,0.0,0.0
6366,valmaior_2024,test,2024-09-18T11:00:00.000000000,2024-09-20T22:00:00.000000000,0.0,0.0
6367,valmaior_2024,test,2024-09-18T12:00:00.000000000,2024-09-20T23:00:00.000000000,0.0,0.0
6368,valmaior_2024,test,2024-09-18T13:00:00.000000000,2024-09-21T00:00:00.000000000,0.0,0.0
6369,valmaior_2024,test,2024-09-18T14:00:00.000000000,2024-09-21T01:00:00.000000000,0.0,0.0
6370,valmaior_2024,test,2024-09-18T15:00:00.000000000,2024-09-21T02:00:00.000000000,0.0,0.0
6371,valmaior_2024,test,2024-09-18T16:00:00.000000000,2024-09-21T03:00:00.000000000,0.0,0.0
6372,valmaior_2024,test,2024-09-18T17:00:00.000000000,2024-09-21T04:00:00.000000000,0.0,0.0
6373,valmaior_2024,test,2024-09-18T18:00:00.000000000,2024-09-21T05:00:00.000000000,0.0,0.0
6374,valmaior_2024,test,2024-09-18T19:00:00.000000000,2024-09-21T06:00:00.000000000,0.0,0.0
6375,valmaior_2024,test,2024-09-18T20:00:00.000000000,2024-09-21T07:00:00.000000000,0.0,0.0
6376,valmaior_2024,test,2024-09-18T21:00:00.000000000,2024-09-21T08:00:00.000000000,0.0,0.0
6377,valmaior_2024,test,2024-09-18T22:00:00.000000000,2024-09-21T09:00:00.000000000,0.0,0.0
6378,valmaior_2024,test,2024-09-18T23:00:00.000000000,2024-09-21T10:00:00.000000000,0.0,0.0
6379,valmaior_2024,test,2024-09-19T00:00:00.000000000,2024-09-21T11:00:00.000000000,0.0,0.0
6380,valmaior_2024,test,2024-09-19T01:00:00.000000000,2024-09-21T12:00:00.000000000,0.0,0.0
6381,valmaior_2024,test,2024-09-19T02:00:00.000000000,2024-09-21T13:00:00.000000000,0.0,0.0
6382,valmaior_2024,test,2024-09-19T03:00:00.000000000,2024-09-21T14:00:00.000000000,0.0,0.0
6383,valmaior_2024,test,2024-09-19T04:00:00.000000000,2024-09-21T15:00:00.000000000,0.0,0.0
6384,valmaior_2024,test,2024-09-19T05:00:00.000000000,2024-09-21T16:00:00.000000000,0.0,0.0
6385,valmaior_2024,test,2024-09-19T06:00:00.000000000,2024-09-21T17:00:00.000000000,0.0,0.0
6386,valmaior_2024,test,2024-09-19T07:00:00.000000000,2024-09-21T18:00:00.000000000,0.0,0.0
6387,valmaior_2024,test,2024-09-19T08:00:00.000000000,2024-09-21T19:00:00.000000000,0.0,0.0
6388,valmaior_2024,test,2024-09-19T09:00:00.000000000,2024-09-21T20:00:00.000000000,0.0,0.0
6389,valmaior_2024,test,2024-09-19T10:00:00.000000000,2024-09-21T21:00:00.000000000,0.0,0.0
6390,valmaior_2024,test,2024-09-19T11:00:00.000000000,2024-09-21T22:00:00.000000000,0.0,0.0
6391,valmaior_2024,test,2024-09-19T12:00:00.000000000,2024-09-21T23:00:00.000000000,0.0,0.0
6392,valmaior_2024,test,2024-09-19T13:00:00.000000000,2024-09-22T00:00:00.000000000,0.0,0.0
6393,valmaior_2024,test,2024-09-19T14:00:00.000000000,2024-09-22T01:00:00.000000000,0.0,0.0
6394,valmaior_2024,test,2024-09-19T15:00:00.000000000,2024-09-22T02:00:00.000000000,0.0,0.0
6395,valmaior_2024,test,2024-09-19T16:00:00.000000000,2024-09-22T03:00:00.000000000,0.0,0.0
6396,valmaior_2024,test,2024-09-19T17:00:00.000000000,2024-09-22T04:00:00.000000000,0.0,0.0
6397,valmaior_2024,test,2024-09-19T18:00:00.000000000,2024-09-22T05:00:00.000000000,0.0,0.0
6398,valmaior_2024,test,2024-09-19T19:00:00.000000000,2024-09-22T06:00:00.000000000,0.0,0.0
6399,valmaior_2024,test,2024-09-19T20:00:00.000000000,2024-09-22T07:00:00.000000000,0.0,0.0
6400,valmaior_2024,test,2024-09-19T21:00:00.000000000,2024-09-22T08:00:00.000000000,0.0,0.0
6401,valmaior_2024,test,2024-09-19T22:00:00.000000000,2024-09-22T09:00:00.000000000,0.0,0.0
6402,valmaior_2024,test,2024-09-19T23:00:00.000000000,2024-09-22T10:00:00.000000000,0.0,0.0
6403,valmaior_2024,test,2024-09-20T00:00:00.000000000,2024-09-22T11:00:00.000000000,0.0,0.0
6404,valmaior_2024,test,2024-09-20T01:00:00.000000000,2024-09-22T12:00:00.000000000,0.0,0.0
6405,valmaior_2024,test,2024-09-20T02:00:00.000000000,2024-09-22T13:00:00.000000000,0.0,0.0
6406,valmaior_2024,test,2024-09-20T03:00:00.000000000,2024-09-22T14:00:00.000000000,0.0,0.0
6407,valmaior_2024,test,2024-09-20T04:00:00.000000000,2024-09-22T15:00:00.000000000,0.0,0.0
6408,valmaior_2024,test,2024-09-20T05:00:00.000000000,2024-09-22T16:00:00.000000000,0.0,0.0
6409,valmaior_2024,test,2024-09-20T06:00:00.000000000,2024-09-22T17:00:00.000000000,0.0,0.0
6410,valmaior_2024,test,2024-09-20T07:00:00.000000000,2024-09-22T18:00:00.000000000,0.0,0.0
6411,valmaior_2024,test,2024-09-20T08:00:00.000000000,2024-09-22T19:00:00.000000000,0.0,0.0
6412,valmaior_2024,test,2024-09-20T09:00:00.000000000,2024-09-22T20:00:00.000000000,0.0,0.0
6413,valmaior_2024,test,2024-09-20T10:00:00.000000000,2024-09-22T21:00:00.000000000,0.0,0.0
6414,valmaior_2024,test,2024-09-20T11:00:00.000000000,2024-09-22T22:00:00.000000000,0.0,0.0
6415,valmaior_2024,test,2024-09-20T12:00:00.000000000,2024-09-22T23:00:00.000000000,0.0,0.0
6416,valmaior_2024,test,2024-09-20T13:00:00.000000000,2024-09-23T00:00:00.000000000,0.0,0.0
6417,valmaior_2024,test,2024-09-20T14:00:00.000000000,2024-09-23T01:00:00.000000000,0.0,0.0
6418,valmaior_2024,test,2024-09-20T15:00:00.000000000,2024-09-23T02:00:00.000000000,0.0,0.0
6419,valmaior_2024,test,2024-09-20T16:00:00.000000000,2024-09-23T03:00:00.000000000,0.0,0.0
6420,valmaior_2024,test,2024-09-20T17:00:00.000000000,2024-09-23T04:00:00.000000000,0.0,0.0
6421,valmaior_2024,test,2024-09-20T18:00:00.000000000,2024-09-23T05:00:00.000000000,0.0,0.0
6422,valmaior_2024,test,2024-09-20T19:00:00.000000000,2024-09-23T06:00:00.000000000,0.0,0.0
6423,valmaior_2024,test,2024-09-20T20:00:00.000000000,2024-09-23T07:00:00.000000000,0.0,0.0
6424,valmaior_2024,test,2024-09-20T21:00:00.000000000,2024-09-23T08:00:00.000000000,0.0,0.0
6425,valmaior_2024,test,2024-09-20T22:00:00.000000000,2024-09-23T09:00:00.000000000,0.0,0.0
6426,valmaior_2024,test,2024-09-20T23:00:00.000000000,2024-09-23T10:00:00.000000000,0.0,0.0
6427,valmaior_2024,test,2024-09-21T00:00:00.000000000,2024-09-23T11:00:00.000000000,0.0,0.0
6428,valmaior_2024,test,2024-09-21T01:00:00.000000000,2024-09-23T12:00:00.000000000,0.0,0.0
6429,valmaior_2024,test,2024-09-21T02:00:00.000000000,2024-09-23T13:00:00.000000000,0.0,0.0
6430,valmaior_2024,test,2024-09-21T03:00:00.000000000,2024-09-23T14:00:00.000000000,0.0,0.0
6431,valmaior_2024,test,2024-09-21T04:00:00.000000000,2024-09-23T15:00:00.000000000,0.0,0.0
6432,valmaior_2024,test,2024-09-21T05:00:00.000000000,2024-09-23T16:00:00.000000000,0.0,0.0
6433,valmaior_2024,test,2024-09-21T06:00:00.000000000,2024-09-23T17:00:00.000000000,0.0,0.0
6434,valmaior_2024,test,2024-09-21T07:00:00.000000000,2024-09-23T18:00:00.000000000,0.0,0.0
6435,valmaior_2024,test,2024-09-21T08:00:00.000000000,2024-09-23T19:00:00.000000000,0.0,0.0
6436,valmaior_2024,test,2024-09-21T09:00:00.000000000,2024-09-23T20:00:00.000000000,0.0,0.0
6437,valmaior_2024,test,2024-09-21T10:00:00.000000000,2024-09-23T21:00:00.000000000,0.0,0.0
6438,valmaior_2024,test,2024-09-21T11:00:00.000000000,2024-09-23T22:00:00.000000000,0.0,0.0
6439,valmaior_2024,test,2024-09-21T12:00:00.000000000,2024-09-23T23:00:00.000000000,0.0,0.0
6440,valmaior_2024,test,2024-09-21T13:00:00.000000000,2024-09-24T00:00:00.000000000,0.0,0.0
6441,valmaior_2024,test,2024-09-21T14:00:00.000000000,2024-09-24T01:00:00.000000000,0.0,0.0
6442,valmaior_2024,test,2024-09-21T15:00:00.000000000,2024-09-24T02:00:00.000000000,0.0,0.0
6443,valmaior_2024,test,2024-09-21T16:00:00.000000000,2024-09-24T03:00:00.000000000,0.0,0.0
6444,valmaior_2024,test,2024-09-21T17:00:00.000000000,2024-09-24T04:00:00.000000000,0.0,0.0
6445,valmaior_2024,test,2024-09-21T18:00:00.000000000,2024-09-24T05:00:00.000000000,0.0,0.0
6446,valmaior_2024,test,2024-09-21T19:00:00.000000000,2024-09-24T06:00:00.000000000,0.0,0.0
6447,valmaior_2024,test,2024-09-21T20:00:00.000000000,2024-09-24T07:00:00.000000000,0.0,0.0
6448,valmaior_2024,test,2024-09-21T21:00:00.000000000,2024-09-24T08:00:00.000000000,0.0,0.0
6449,valmaior_2024,test,2024-09-21T22:00:00.000000000,2024-09-24T09:00:00.000000000,0.0,0.0
6450,valmaior_2024,test,2024-09-21T23:00:00.000000000,2024-09-24T10:00:00.000000000,0.0,0.0
6451,valmaior_2024,test,2024-09-22T00:00:00.000000000,2024-09-24T11:00:00.000000000,0.0,0.0
6452,valmaior_2024,test,2024-09-22T01:00:00.000000000,2024-09-24T12:00:00.000000000,0.0,0.0
6453,valmaior_2024,test,2024-09-22T02:00:00.000000000,2024-09-24T13:00:00.000000000,0.0,0.0
6454,valmaior_2024,test,2024-09-22T03:00:00.000000000,2024-09-24T14:00:00.000000000,0.0,0.0
6455,valmaior_2024,test,2024-09-22T04:00:00.000000000,2024-09-24T15:00:00.000000000,0.0,0.0
6456,valmaior_2024,test,2024-09-22T05:00:00.000000000,2024-09-24T16:00:00.000000000,0.0,0.0
6457,valmaior_2024,test,2024-09-22T06:00:00.000000000,2024-09-24T17:00:00.000000000,0.0,0.0
6458,valmaior_2024,test,2024-09-22T07:00:00.000000000,2024-09-24T18:00:00.000000000,0.0,0.0
6459,valmaior_2024,test,2024-09-22T08:00:00.000000000,2024-09-24T19:00:00.000000000,0.0,0.0
6460,valmaior_2024,test,2024-09-22T09:00:00.000000000,2024-09-24T20:00:00.000000000,0.0,0.0
6461,valmaior_2024,test,2024-09-22T10:00:00.000000000,2024-09-24T21:00:00.000000000,0.0,0.0
6462,valmaior_2024,test,2024-09-22T11:00:00.000000000,2024-09-24T22:00:00.000000000,0.0,0.0
6463,valmaior_2024,test,2024-09-22T12:00:00.000000000,2024-09-24T23:00:00.000000000,0.0,0.0
6464,valmaior_2024,test,2024-09-22T13:00:00.000000000,2024-09-25T00:00:00.000000000,0.0,0.0
6465,valmaior_2024,test,2024-09-22T14:00:00.000000000,2024-09-25T01:00:00.000000000,0.0,0.0
6466,valmaior_2024,test,2024-09-22T15:00:00.000000000,2024-09-25T02:00:00.000000000,0.0,0.0
6467,valmaior_2024,test,2024-09-22T16:00:00.000000000,2024-09-25T03:00:00.000000000,0.0,0.0
6468,valmaior_2024,test,2024-09-22T17:00:00.000000000,2024-09-25T04:00:00.000000000,0.0,0.0
6469,valmaior_2024,test,2024-09-22T18:00:00.000000000,2024-09-25T05:00:00.000000000,0.0,0.0
6470,valmaior_2024,test,2024-09-22T19:00:00.000000000,2024-09-25T06:00:00.000000000,0.0,0.0
6471,valmaior_2024,test,2024-09-22T20:00:00.000000000,2024-09-25T07:00:00.000000000,0.0,0.0
6472,valmaior_2024,test,2024-09-22T21:00:00.000000000,2024-09-25T08:00:00.000000000,0.0,0.0
6473,valmaior_2024,test,2024-09-22T22:00:00.000000000,2024-09-25T09:00:00.000000000,0.0,0.0
6474,valmaior_2024,test,2024-09-22T23:00:00.000000000,2024-09-25T12:00:00.000000000,0.0,0.0
6475,valmaior_2024,test,2024-09-23T00:00:00.000000000,2024-09-25T15:00:00.000000000,0.0,0.0
6476,valmaior_2024,test,2024-09-23T01:00:00.000000000,2024-09-25T16:00:00.000000000,0.0,0.0
6477,valmaior_2024,test,2024-09-23T02:00:00.000000000,2024-09-25T19:00:00.000000000,0.0,0.0
6478,valmaior_2024,test,2024-09-23T03:00:00.000000000,2024-09-25T20:00:00.000000000,0.0,0.0
6479,valmaior_2024,test,2024-09-23T04:00:00.000000000,2024-09-25T23:00:00.000000000,0.0,0.0
6480,valmaior_2024,test,2024-09-23T05:00:00.000000000,2024-09-26T00:00:00.000000000,0.0,0.0
6481,valmaior_2024,test,2024-09-23T06:00:00.000000000,2024-09-26T02:00:00.000000000,0.0,0.0
6482,valmaior_2024,test,2024-09-23T07:00:00.000000000,2024-09-26T04:00:00.000000000,0.0,0.0
6483,valmaior_2024,test,2024-09-23T08:00:00.000000000,2024-09-26T05:00:00.000000000,0.0,0.0
6484,valmaior_2024,test,2024-09-23T09:00:00.000000000,2024-09-26T07:00:00.000000000,0.0,0.0
6485,valmaior_2024,test,2024-09-23T10:00:00.000000000,2024-09-26T09:00:00.000000000,0.0,0.0
6486,valmaior_2024,test,2024-09-23T11:00:00.000000000,2024-09-26T11:00:00.000000000,0.0,0.0
6487,valmaior_2024,test,2024-09-23T12:00:00.000000000,2024-09-26T12:00:00.000000000,0.0,0.0
6488,valmaior_2024,test,2024-09-23T13:00:00.000000000,2024-09-26T16:00:00.000000000,0.0,0.0
6489,valmaior_2024,test,2024-09-23T14:00:00.000000000,2024-09-26T20:00:00.000000000,0.0,0.0
6490,valmaior_2024,test,2024-09-23T15:00:00.000000000,2024-09-26T23:00:00.000000000,0.0,0.0
6491,valmaior_2024,test,2024-09-23T16:00:00.000000000,2024-09-27T00:00:00.000000000,0.0,0.0
6492,valmaior_2024,test,2024-09-23T17:00:00.000000000,2024-09-27T04:00:00.000000000,0.0,0.0
6493,valmaior_2024,test,2024-09-23T18:00:00.000000000,2024-09-27T05:00:00.000000000,0.0,0.0
6494,valmaior_2024,test,2024-09-23T19:00:00.000000000,2024-09-27T08:00:00.000000000,0.0,0.0
6495,valmaior_2024,test,2024-09-23T20:00:00.000000000,2024-09-27T09:00:00.000000000,0.0,0.0
6496,valmaior_2024,test,2024-09-23T21:00:00.000000000,2024-09-27T11:00:00.000000000,0.0,0.0
6497,valmaior_2024,test,2024-09-23T22:00:00.000000000,2024-09-27T12:00:00.000000000,0.0,0.0
6498,valmaior_2024,test,2024-09-23T23:00:00.000000000,2024-09-27T15:00:00.000000000,0.0,0.0
6499,valmaior_2024,test,2024-09-24T00:00:00.000000000,2024-09-27T16:00:00.000000000,0.0,0.0
6500,valmaior_2024,test,2024-09-24T01:00:00.000000000,2024-09-27T18:00:00.000000000,0.0,0.0
6501,valmaior_2024,test,2024-09-24T02:00:00.000000000,2024-09-27T19:00:00.000000000,0.0,0.0
6502,valmaior_2024,test,2024-09-24T03:00:00.000000000,2024-09-27T21:00:00.000000000,0.0,0.0
6503,valmaior_2024,test,2024-09-24T04:00:00.000000000,2024-09-27T23:00:00.000000000,0.0,0.0
6504,corinthos_2024,test,2024-09-28T00:00:00.000000000,2024-09-30T17:00:00.000000000,276.8666687011719,1273.800048828125
6505,corinthos_2024,test,2024-09-28T01:00:00.000000000,2024-09-30T18:00:00.000000000,276.8666687011719,1273.800048828125
6506,corinthos_2024,test,2024-09-28T02:00:00.000000000,2024-09-30T19:00:00.000000000,276.8666687011719,1273.800048828125
6507,corinthos_2024,test,2024-09-28T03:00:00.000000000,2024-09-30T20:00:00.000000000,327.2333679199219,1273.800048828125
6508,corinthos_2024,test,2024-09-28T04:00:00.000000000,2024-09-30T21:00:00.000000000,316.92498779296875,1273.800048828125
6509,corinthos_2024,test,2024-09-28T05:00:00.000000000,2024-09-30T22:00:00.000000000,256.29168701171875,1273.800048828125
6510,corinthos_2024,test,2024-09-28T06:00:00.000000000,2024-09-30T23:00:00.000000000,256.29168701171875,1273.800048828125
6511,corinthos_2024,test,2024-09-28T07:00:00.000000000,2024-10-01T00:00:00.000000000,313.61669921875,1273.800048828125
6512,corinthos_2024,test,2024-09-28T08:00:00.000000000,2024-10-01T01:00:00.000000000,449.2250061035156,2159.800048828125
6513,corinthos_2024,test,2024-09-28T09:00:00.000000000,2024-10-01T02:00:00.000000000,514.3583374023438,2159.800048828125
6514,corinthos_2024,test,2024-09-28T10:00:00.000000000,2024-10-01T03:00:00.000000000,512.316650390625,2159.800048828125
6515,corinthos_2024,test,2024-09-28T11:00:00.000000000,2024-10-01T04:00:00.000000000,512.316650390625,2159.800048828125
6516,corinthos_2024,test,2024-09-28T12:00:00.000000000,2024-10-01T05:00:00.000000000,512.3167114257812,2159.800048828125
6517,corinthos_2024,test,2024-09-28T13:00:00.000000000,2024-10-01T06:00:00.000000000,512.316650390625,2159.800048828125
6518,corinthos_2024,test,2024-09-28T14:00:00.000000000,2024-10-01T07:00:00.000000000,512.3167114257812,2159.800048828125
6519,corinthos_2024,test,2024-09-28T15:00:00.000000000,2024-10-01T08:00:00.000000000,461.9500427246094,2159.800048828125
6520,corinthos_2024,test,2024-09-28T16:00:00.000000000,2024-10-01T09:00:00.000000000,416.933349609375,2159.800048828125
6521,corinthos_2024,test,2024-09-28T17:00:00.000000000,2024-10-01T10:00:00.000000000,408.5916748046875,2159.800048828125
6522,corinthos_2024,test,2024-09-28T18:00:00.000000000,2024-10-01T11:00:00.000000000,408.5916748046875,2159.800048828125
6523,corinthos_2024,test,2024-09-28T19:00:00.000000000,2024-10-01T12:00:00.000000000,351.2666931152344,2159.800048828125
6524,corinthos_2024,test,2024-09-28T20:00:00.000000000,2024-10-01T13:00:00.000000000,171.2833251953125,2055.39990234375
6525,corinthos_2024,test,2024-09-28T21:00:00.000000000,2024-10-01T14:00:00.000000000,0.0,0.0
6526,corinthos_2024,test,2024-09-28T22:00:00.000000000,2024-10-01T15:00:00.000000000,0.0,0.0
6527,corinthos_2024,test,2024-09-28T23:00:00.000000000,2024-10-01T16:00:00.000000000,0.0,0.0
6528,corinthos_2024,test,2024-09-29T00:00:00.000000000,2024-10-01T17:00:00.000000000,0.0,0.0
6529,corinthos_2024,test,2024-09-29T01:00:00.000000000,2024-10-01T18:00:00.000000000,0.0,0.0
6530,corinthos_2024,test,2024-09-29T02:00:00.000000000,2024-10-01T19:00:00.000000000,0.0,0.0
6531,corinthos_2024,test,2024-09-29T03:00:00.000000000,2024-10-01T20:00:00.000000000,0.0,0.0
6532,corinthos_2024,test,2024-09-29T04:00:00.000000000,2024-10-01T21:00:00.000000000,0.0,0.0
6533,corinthos_2024,test,2024-09-29T05:00:00.000000000,2024-10-01T22:00:00.000000000,0.0,0.0
6534,corinthos_2024,test,2024-09-29T06:00:00.000000000,2024-10-01T23:00:00.000000000,0.0,0.0
6535,corinthos_2024,test,2024-09-29T08:00:00.000000000,2024-10-02T00:00:00.000000000,0.0,0.0
6536,corinthos_2024,test,2024-09-29T10:00:00.000000000,2024-10-02T01:00:00.000000000,0.0,0.0
6537,corinthos_2024,test,2024-09-29T12:00:00.000000000,2024-10-02T02:00:00.000000000,0.0,0.0
6538,corinthos_2024,test,2024-09-29T14:00:00.000000000,2024-10-02T03:00:00.000000000,0.0,0.0
6539,corinthos_2024,test,2024-09-29T17:00:00.000000000,2024-10-02T04:00:00.000000000,0.0,0.0
6540,corinthos_2024,test,2024-09-29T18:00:00.000000000,2024-10-02T05:00:00.000000000,0.0,0.0
6541,corinthos_2024,test,2024-09-29T19:00:00.000000000,2024-10-02T06:00:00.000000000,0.0,0.0
6542,corinthos_2024,test,2024-09-29T20:00:00.000000000,2024-10-02T07:00:00.000000000,0.0,0.0
6543,corinthos_2024,test,2024-09-29T21:00:00.000000000,2024-10-02T08:00:00.000000000,0.0,0.0
6544,corinthos_2024,test,2024-09-29T22:00:00.000000000,2024-10-02T09:00:00.000000000,0.0,0.0
6545,corinthos_2024,test,2024-09-29T23:00:00.000000000,2024-10-02T10:00:00.000000000,0.0,0.0
6546,corinthos_2024,test,2024-09-30T00:00:00.000000000,2024-10-02T11:00:00.000000000,0.0,0.0
6547,corinthos_2024,test,2024-09-30T01:00:00.000000000,2024-10-02T12:00:00.000000000,0.0,0.0
6548,corinthos_2024,test,2024-09-30T02:00:00.000000000,2024-10-02T13:00:00.000000000,0.0,0.0
6549,corinthos_2024,test,2024-09-30T03:00:00.000000000,2024-10-02T14:00:00.000000000,0.0,0.0
6550,corinthos_2024,test,2024-09-30T04:00:00.000000000,2024-10-02T15:00:00.000000000,0.0,0.0
6551,corinthos_2024,test,2024-09-30T05:00:00.000000000,2024-10-02T16:00:00.000000000,0.0,0.0
6552,corinthos_2024,test,2024-09-30T06:00:00.000000000,2024-10-02T17:00:00.000000000,0.0,0.0
6553,corinthos_2024,test,2024-09-30T07:00:00.000000000,2024-10-02T18:00:00.000000000,0.0,0.0
6554,corinthos_2024,test,2024-09-30T08:00:00.000000000,2024-10-02T19:00:00.000000000,0.0,0.0
6555,corinthos_2024,test,2024-09-30T09:00:00.000000000,2024-10-02T20:00:00.000000000,0.0,0.0
6556,corinthos_2024,test,2024-09-30T10:00:00.000000000,2024-10-02T21:00:00.000000000,0.0,0.0
6557,corinthos_2024,test,2024-09-30T11:00:00.000000000,2024-10-02T22:00:00.000000000,0.0,0.0
6558,corinthos_2024,test,2024-09-30T12:00:00.000000000,2024-10-02T23:00:00.000000000,0.0,0.0
6559,corinthos_2024,test,2024-09-30T13:00:00.000000000,2024-10-03T00:00:00.000000000,0.0,0.0
6560,corinthos_2024,test,2024-09-30T14:00:00.000000000,2024-10-03T01:00:00.000000000,0.0,0.0
6561,corinthos_2024,test,2024-09-30T15:00:00.000000000,2024-10-03T02:00:00.000000000,0.0,0.0
6562,corinthos_2024,test,2024-09-30T16:00:00.000000000,2024-10-03T03:00:00.000000000,0.0,0.0
6563,corinthos_2024,test,2024-09-30T17:00:00.000000000,2024-10-03T04:00:00.000000000,0.0,0.0
6564,corinthos_2024,test,2024-09-30T18:00:00.000000000,2024-10-03T05:00:00.000000000,0.0,0.0
6565,corinthos_2024,test,2024-09-30T19:00:00.000000000,2024-10-03T06:00:00.000000000,0.0,0.0
6566,corinthos_2024,test,2024-09-30T20:00:00.000000000,2024-10-03T07:00:00.000000000,0.0,0.0
6567,corinthos_2024,test,2024-09-30T21:00:00.000000000,2024-10-03T08:00:00.000000000,0.0,0.0
6568,corinthos_2024,test,2024-09-30T22:00:00.000000000,2024-10-03T09:00:00.000000000,0.0,0.0
6569,corinthos_2024,test,2024-09-30T23:00:00.000000000,2024-10-03T10:00:00.000000000,0.0,0.0
6570,corinthos_2024,test,2024-10-01T00:00:00.000000000,2024-10-03T11:00:00.000000000,0.0,0.0
6571,corinthos_2024,test,2024-10-01T01:00:00.000000000,2024-10-03T12:00:00.000000000,0.0,0.0
6572,corinthos_2024,test,2024-10-01T02:00:00.000000000,2024-10-03T13:00:00.000000000,0.0,0.0
6573,corinthos_2024,test,2024-10-01T03:00:00.000000000,2024-10-03T14:00:00.000000000,0.0,0.0
6574,corinthos_2024,test,2024-10-01T04:00:00.000000000,2024-10-03T15:00:00.000000000,0.0,0.0
6575,corinthos_2024,test,2024-10-01T05:00:00.000000000,2024-10-03T16:00:00.000000000,0.0,0.0
6576,corinthos_2024,test,2024-10-01T06:00:00.000000000,2024-10-03T17:00:00.000000000,0.0,0.0
6577,corinthos_2024,test,2024-10-01T07:00:00.000000000,2024-10-03T18:00:00.000000000,0.0,0.0
6578,corinthos_2024,test,2024-10-01T08:00:00.000000000,2024-10-03T19:00:00.000000000,0.0,0.0
6579,corinthos_2024,test,2024-10-01T09:00:00.000000000,2024-10-03T20:00:00.000000000,0.0,0.0
6580,corinthos_2024,test,2024-10-01T10:00:00.000000000,2024-10-03T21:00:00.000000000,0.0,0.0
6581,corinthos_2024,test,2024-10-01T11:00:00.000000000,2024-10-03T22:00:00.000000000,0.0,0.0
6582,corinthos_2024,test,2024-10-01T12:00:00.000000000,2024-10-03T23:00:00.000000000,0.0,0.0
6583,corinthos_2024,test,2024-10-01T13:00:00.000000000,2024-10-04T00:00:00.000000000,0.0,0.0
6584,corinthos_2024,test,2024-10-01T14:00:00.000000000,2024-10-04T01:00:00.000000000,0.0,0.0
6585,corinthos_2024,test,2024-10-01T15:00:00.000000000,2024-10-04T02:00:00.000000000,0.0,0.0
6586,corinthos_2024,test,2024-10-01T16:00:00.000000000,2024-10-04T03:00:00.000000000,0.0,0.0
6587,corinthos_2024,test,2024-10-01T17:00:00.000000000,2024-10-04T04:00:00.000000000,0.0,0.0
6588,corinthos_2024,test,2024-10-01T18:00:00.000000000,2024-10-04T05:00:00.000000000,0.0,0.0
6589,corinthos_2024,test,2024-10-01T19:00:00.000000000,2024-10-04T06:00:00.000000000,0.0,0.0
6590,corinthos_2024,test,2024-10-01T20:00:00.000000000,2024-10-04T07:00:00.000000000,0.0,0.0
6591,corinthos_2024,test,2024-10-01T21:00:00.000000000,2024-10-04T08:00:00.000000000,0.0,0.0
6592,corinthos_2024,test,2024-10-01T22:00:00.000000000,2024-10-04T09:00:00.000000000,0.0,0.0
6593,corinthos_2024,test,2024-10-01T23:00:00.000000000,2024-10-04T10:00:00.000000000,0.0,0.0
6594,corinthos_2024,test,2024-10-02T00:00:00.000000000,2024-10-04T11:00:00.000000000,0.0,0.0
6595,corinthos_2024,test,2024-10-02T01:00:00.000000000,2024-10-04T12:00:00.000000000,0.0,0.0
6596,corinthos_2024,test,2024-10-02T02:00:00.000000000,2024-10-04T13:00:00.000000000,0.0,0.0
6597,corinthos_2024,test,2024-10-02T03:00:00.000000000,2024-10-04T14:00:00.000000000,0.0,0.0
6598,corinthos_2024,test,2024-10-02T04:00:00.000000000,2024-10-04T15:00:00.000000000,0.0,0.0
6599,corinthos_2024,test,2024-10-02T05:00:00.000000000,2024-10-04T16:00:00.000000000,0.0,0.0
6600,corinthos_2024,test,2024-10-02T06:00:00.000000000,2024-10-04T17:00:00.000000000,0.0,0.0
6601,corinthos_2024,test,2024-10-02T07:00:00.000000000,2024-10-04T18:00:00.000000000,0.0,0.0
6602,corinthos_2024,test,2024-10-02T08:00:00.000000000,2024-10-04T19:00:00.000000000,0.0,0.0
6603,corinthos_2024,test,2024-10-02T09:00:00.000000000,2024-10-04T20:00:00.000000000,0.0,0.0
6604,corinthos_2024,test,2024-10-02T10:00:00.000000000,2024-10-04T21:00:00.000000000,0.0,0.0
6605,corinthos_2024,test,2024-10-02T11:00:00.000000000,2024-10-04T22:00:00.000000000,0.0,0.0
6606,corinthos_2024,test,2024-10-02T12:00:00.000000000,2024-10-04T23:00:00.000000000,0.0,0.0
6607,corinthos_2024,test,2024-10-02T13:00:00.000000000,2024-10-05T00:00:00.000000000,0.0,0.0
6608,corinthos_2024,test,2024-10-02T14:00:00.000000000,2024-10-05T01:00:00.000000000,0.0,0.0
6609,corinthos_2024,test,2024-10-02T15:00:00.000000000,2024-10-05T02:00:00.000000000,0.0,0.0
6610,corinthos_2024,test,2024-10-02T16:00:00.000000000,2024-10-05T03:00:00.000000000,0.0,0.0
6611,corinthos_2024,test,2024-10-02T17:00:00.000000000,2024-10-05T04:00:00.000000000,0.0,0.0
6612,corinthos_2024,test,2024-10-02T18:00:00.000000000,2024-10-05T05:00:00.000000000,0.0,0.0
6613,corinthos_2024,test,2024-10-02T19:00:00.000000000,2024-10-05T06:00:00.000000000,0.0,0.0
6614,corinthos_2024,test,2024-10-02T20:00:00.000000000,2024-10-05T07:00:00.000000000,0.0,0.0
6615,corinthos_2024,test,2024-10-02T21:00:00.000000000,2024-10-05T08:00:00.000000000,0.0,0.0
6616,corinthos_2024,test,2024-10-02T22:00:00.000000000,2024-10-05T09:00:00.000000000,0.0,0.0
6617,corinthos_2024,test,2024-10-02T23:00:00.000000000,2024-10-05T10:00:00.000000000,0.0,0.0
6618,corinthos_2024,test,2024-10-03T00:00:00.000000000,2024-10-05T11:00:00.000000000,0.0,0.0
6619,corinthos_2024,test,2024-10-03T01:00:00.000000000,2024-10-05T12:00:00.000000000,0.0,0.0
6620,corinthos_2024,test,2024-10-03T02:00:00.000000000,2024-10-05T13:00:00.000000000,0.0,0.0
6621,corinthos_2024,test,2024-10-03T03:00:00.000000000,2024-10-05T14:00:00.000000000,0.0,0.0
6622,corinthos_2024,test,2024-10-03T04:00:00.000000000,2024-10-05T15:00:00.000000000,0.0,0.0
6623,corinthos_2024,test,2024-10-03T05:00:00.000000000,2024-10-05T16:00:00.000000000,0.0,0.0
6624,corinthos_2024,test,2024-10-03T06:00:00.000000000,2024-10-05T17:00:00.000000000,0.0,0.0
6625,corinthos_2024,test,2024-10-03T07:00:00.000000000,2024-10-05T18:00:00.000000000,0.0,0.0
6626,corinthos_2024,test,2024-10-03T08:00:00.000000000,2024-10-05T19:00:00.000000000,0.0,0.0
6627,corinthos_2024,test,2024-10-03T09:00:00.000000000,2024-10-05T20:00:00.000000000,0.0,0.0
6628,corinthos_2024,test,2024-10-03T10:00:00.000000000,2024-10-05T21:00:00.000000000,0.0,0.0
6629,corinthos_2024,test,2024-10-03T11:00:00.000000000,2024-10-05T22:00:00.000000000,0.0,0.0
6630,corinthos_2024,test,2024-10-03T12:00:00.000000000,2024-10-05T23:00:00.000000000,0.0,0.0
